ID,CODE_GENDER,FLAG_OWN_CAR,FLAG_OWN_REALTY,CNT_CHILDREN,AMT_INCOME_TOTAL,NAME_INCOME_TYPE,NAME_EDUCATION_TYPE,NAME_FAMILY_STATUS,NAME_HOUSING_TYPE,DAYS_BIRTH,DAYS_EMPLOYED,FLAG_MOBIL,FLAG_WORK_PHONE,FLAG_PHONE,FLAG_EMAIL,OCCUPATION_TYPE,CNT_FAM_MEMBERS
7939333,M,Y,N,0,189000,Commercial associate,Secondary / secondary special,Married,House / apartment,-20811,-4986,1,0,0,0,Drivers,2
7190176,M,Y,Y,0,225000,Commercial associate,Secondary / secondary special,Married,House / apartment,-18705,-1249,1,0,0,0,Security staff,2
7272218,F,N,Y,0,112500,Working,Secondary / secondary special,Married,House / apartment,-19115,-1272,1,0,1,0,Laborers,2
7415565,M,Y,N,2,202500,Working,Secondary / secondary special,Civil marriage,House / apartment,-12651,-4827,1,1,0,1,,4
7148433,M,N,Y,0,202500,Commercial associate,Higher education,Married,House / apartment,-11539,-410,1,0,0,1,,2
7352052,F,N,Y,0,135000,Pensioner,Higher education,Married,House / apartment,-20470,365243,1,0,0,0,,2
7829807,F,Y,Y,0,292500,Commercial associate,Higher education,Married,House / apartment,-15787,-2852,1,0,0,0,Accountants,2
7405732,F,N,Y,0,315000,Working,Higher education,Single / not married,House / apartment,-9246,-1342,1,0,0,0,Accountants,1
7117025,F,Y,Y,0,126000,Pensioner,Secondary / secondary special,Married,House / apartment,-21731,365243,1,0,0,0,,2
7565666,M,N,Y,2,180000,Commercial associate,Higher education,Married,House / apartment,-13738,-1490,1,0,0,0,Managers,4
7233226,F,N,Y,0,382500,Commercial associate,Secondary / secondary special,Single / not married,House / apartment,-15304,-381,1,0,1,0,Cleaning staff,1
7193112,F,N,Y,1,202500,State servant,Higher education,Single / not married,House / apartment,-13394,-4535,1,0,0,0,Core staff,2
7053725,F,Y,Y,1,225000,Working,Higher education,Separated,House / apartment,-14816,-1672,1,0,0,0,Core staff,2
7794894,F,Y,Y,0,202500,Commercial associate,Higher education,Married,House / apartment,-19814,-3480,1,0,1,0,Accountants,2
7607836,F,N,Y,0,67500,Working,Higher education,Married,House / apartment,-10468,-826,1,0,0,0,,2
7839220,F,Y,Y,0,135000,Working,Higher education,Married,Municipal apartment,-22285,-3305,1,1,1,0,Sales staff,2
7465416,F,N,N,0,135000,Working,Secondary / secondary special,Married,House / apartment,-23391,-5846,1,0,0,0,Core staff,2
7585365,M,Y,N,2,112500,Working,Secondary / secondary special,Married,House / apartment,-13847,-3104,1,0,0,0,Laborers,4
7210184,F,N,N,0,202500,Commercial associate,Higher education,Civil marriage,With parents,-9284,-355,1,0,0,0,Accountants,2
7296059,F,N,Y,0,225000,Pensioner,Secondary / secondary special,Widow,House / apartment,-23654,365243,1,0,0,0,,1
7575058,F,N,Y,0,180000,State servant,Secondary / secondary special,Married,House / apartment,-11547,-2004,1,0,0,0,Medicine staff,2
7712601,F,Y,Y,0,72000,Working,Secondary / secondary special,Married,House / apartment,-17590,-3170,1,0,0,0,Laborers,2
7091231,M,Y,N,3,112500,Working,Higher education,Married,House / apartment,-10890,-1934,1,0,0,0,Drivers,5
7068244,F,N,Y,0,247500,Working,Secondary / secondary special,Married,House / apartment,-11268,-2545,1,1,1,0,Laborers,2
7128007,M,Y,Y,3,238500,Working,Secondary / secondary special,Married,House / apartment,-14055,-2906,1,1,0,0,,5
7035894,M,N,Y,0,157500,Working,Secondary / secondary special,Single / not married,House / apartment,-9667,-1111,1,0,0,0,Laborers,1
7087995,M,Y,Y,0,202500,Commercial associate,Higher education,Civil marriage,House / apartment,-12093,-510,1,0,0,0,Drivers,2
7228848,F,N,N,0,90000,Pensioner,Secondary / secondary special,Married,House / apartment,-20781,365243,1,0,0,0,,2
7993173,F,Y,Y,0,225000,Working,Higher education,Separated,House / apartment,-16016,-5065,1,0,0,1,Core staff,1
7512834,F,N,Y,1,135000,Working,Secondary / secondary special,Separated,House / apartment,-16602,-9767,1,0,0,0,Medicine staff,2
7677594,F,N,Y,0,112500,Working,Secondary / secondary special,Married,House / apartment,-18429,-1433,1,1,1,0,Cleaning staff,2
7497942,F,N,Y,0,157500,Working,Secondary / secondary special,Married,House / apartment,-15243,-2661,1,0,0,0,Core staff,2
7528448,F,N,Y,2,247500,Working,Higher education,Married,House / apartment,-14383,-1877,1,0,0,0,High skill tech staff,4
7866942,F,N,Y,0,135000,Working,Secondary / secondary special,Single / not married,With parents,-11350,-367,1,1,0,0,,1
7335843,M,Y,N,0,315000,Working,Higher education,Separated,House / apartment,-12896,-980,1,0,0,0,Cooking staff,1
7140887,F,N,N,0,360000,State servant,Secondary / secondary special,Civil marriage,Municipal apartment,-17071,-2585,1,0,1,0,,2
7460511,F,N,N,0,90000,Working,Secondary / secondary special,Married,House / apartment,-15634,-1327,1,1,1,0,Sales staff,2
7736038,F,N,N,0,72000,Pensioner,Secondary / secondary special,Married,House / apartment,-24393,365243,1,0,1,0,,2
7544507,F,N,N,0,117000,Working,Secondary / secondary special,Married,House / apartment,-14725,-7489,1,1,0,0,,2
7651604,M,Y,N,0,283500,Working,Higher education,Single / not married,House / apartment,-13062,-299,1,1,0,0,,1
7037296,F,N,Y,0,265500,State servant,Higher education,Married,House / apartment,-17622,-5564,1,0,0,0,Managers,2
7007875,F,N,Y,0,144000,Commercial associate,Secondary / secondary special,Single / not married,House / apartment,-15730,-2085,1,0,0,0,Sales staff,1
7009939,F,N,Y,2,157500,Working,Secondary / secondary special,Married,House / apartment,-10710,-2351,1,0,0,0,Sales staff,4
7438861,M,Y,N,1,112500,Commercial associate,Secondary / secondary special,Married,With parents,-8689,-2064,1,0,0,0,Laborers,3
7833164,F,N,Y,0,270000,Commercial associate,Higher education,Single / not married,House / apartment,-9734,-239,1,0,0,0,,1
7730294,M,Y,Y,0,270000,Working,Higher education,Single / not married,House / apartment,-11585,-363,1,0,0,0,,1
7063464,F,Y,Y,3,126000,Commercial associate,Secondary / secondary special,Married,House / apartment,-12264,-1097,1,0,0,0,Laborers,5
7785117,M,Y,Y,0,292500,State servant,Higher education,Married,House / apartment,-16769,-1101,1,0,0,0,,2
7212640,F,N,Y,1,162000,Commercial associate,Secondary / secondary special,Single / not married,House / apartment,-14640,-2526,1,0,0,0,Laborers,2
7507533,M,N,Y,1,180000,Working,Incomplete higher,Married,House / apartment,-13676,-4868,1,1,0,0,Laborers,3
7345699,F,Y,N,0,90000,Pensioner,Secondary / secondary special,Married,House / apartment,-23805,365243,1,0,0,1,,2
7210145,M,N,N,0,247500,Commercial associate,Secondary / secondary special,Married,Municipal apartment,-18250,-1420,1,0,0,0,High skill tech staff,2
7352044,F,N,Y,0,157500,Pensioner,Secondary / secondary special,Widow,House / apartment,-21290,365243,1,0,0,0,,1
7928500,F,N,Y,0,157500,Commercial associate,Higher education,Married,House / apartment,-14953,-503,1,0,0,0,High skill tech staff,2
7051126,F,N,N,0,112500,Working,Secondary / secondary special,Married,House / apartment,-8929,-682,1,0,0,0,Core staff,2
7576139,F,N,Y,0,202500,Working,Secondary / secondary special,Married,House / apartment,-8890,-611,1,0,0,0,Sales staff,2
7711372,M,N,Y,1,135000,Commercial associate,Secondary / secondary special,Married,House / apartment,-15864,-937,1,0,1,0,Laborers,3
7228876,F,Y,Y,2,202500,Commercial associate,Secondary / secondary special,Married,House / apartment,-14276,-2762,1,0,0,1,,4
7090003,F,N,Y,0,180000,Pensioner,Secondary / secondary special,Married,House / apartment,-23770,365243,1,0,0,0,,2
7304276,F,N,Y,0,180000,Working,Secondary / secondary special,Married,House / apartment,-14429,-3016,1,0,0,0,,2
7872676,F,Y,Y,1,495000,Working,Higher education,Civil marriage,House / apartment,-11016,-1097,1,0,0,0,Medicine staff,3
7122828,F,N,N,2,81000,Working,Secondary / secondary special,Single / not married,House / apartment,-11344,-2125,1,0,0,0,Laborers,3
7367657,F,N,Y,0,225000,State servant,Secondary / secondary special,Married,House / apartment,-19091,-11321,1,0,0,0,Laborers,2
7883302,M,N,N,0,202500,Commercial associate,Secondary / secondary special,Civil marriage,House / apartment,-18270,-1865,1,0,0,0,Drivers,2
7149142,M,Y,Y,0,247500,Working,Secondary / secondary special,Married,House / apartment,-10952,-3577,1,1,0,0,Laborers,2
7282834,F,N,Y,0,76500,Working,Secondary / secondary special,Separated,House / apartment,-18104,-2220,1,1,0,0,Laborers,1
7736705,F,N,N,0,270000,Working,Incomplete higher,Married,Rented apartment,-13408,-298,1,1,0,0,High skill tech staff,2
7928511,M,N,Y,0,135000,Commercial associate,Secondary / secondary special,Married,House / apartment,-8337,-1387,1,1,0,0,Sales staff,2
7543520,F,N,Y,1,117000,Working,Secondary / secondary special,Married,House / apartment,-17957,-1850,1,0,0,0,Sales staff,3
7736484,M,N,Y,0,216000,Working,Secondary / secondary special,Single / not married,House / apartment,-21355,-762,1,0,0,0,Security staff,1
7409484,F,N,Y,0,51750,Working,Secondary / secondary special,Married,House / apartment,-17166,-2514,1,0,0,0,Cleaning staff,2
7233324,M,N,Y,0,135000,Working,Secondary / secondary special,Married,House / apartment,-14791,-4915,1,0,1,0,Laborers,2
7668333,F,N,N,1,72000,Working,Secondary / secondary special,Married,House / apartment,-14485,-1046,1,0,1,0,Laborers,3
7536275,F,N,Y,0,202500,State servant,Higher education,Married,House / apartment,-16537,-5012,1,0,0,0,,2
7637451,F,Y,N,1,67500,Working,Secondary / secondary special,Married,House / apartment,-15510,-698,1,0,1,0,Sales staff,3
7089005,F,Y,N,0,99000,Working,Secondary / secondary special,Married,House / apartment,-19657,-2774,1,0,1,0,,2
7712825,M,Y,Y,0,157500,Working,Higher education,Married,House / apartment,-11221,-218,1,1,0,0,,2
7525561,F,N,Y,0,54000,Working,Secondary / secondary special,Married,House / apartment,-16622,-1467,1,1,1,0,Cooking staff,2
7052586,F,N,Y,0,178200,Pensioner,Secondary / secondary special,Civil marriage,House / apartment,-21801,365243,1,0,0,0,,2
7036357,F,N,Y,1,292500,Commercial associate,Secondary / secondary special,Married,House / apartment,-16625,-1264,1,0,0,0,Core staff,3
7938782,M,Y,Y,1,427500,Working,Higher education,Married,House / apartment,-10537,-2795,1,0,0,0,Core staff,3
7992779,F,N,Y,0,117000,Pensioner,Secondary / secondary special,Widow,House / apartment,-21668,365243,1,0,1,0,,1
7796824,F,N,Y,0,337500,Working,Higher education,Single / not married,House / apartment,-19317,-3523,1,0,0,0,High skill tech staff,1
7592119,F,N,Y,1,225000,Working,Secondary / secondary special,Married,House / apartment,-14888,-823,1,0,0,0,Laborers,3
7052515,F,Y,Y,0,112500,Working,Secondary / secondary special,Married,House / apartment,-16901,-7731,1,0,0,0,,2
7665587,F,Y,Y,0,112500,Working,Secondary / secondary special,Married,House / apartment,-12534,-1071,1,1,1,1,Sales staff,2
7137204,M,Y,Y,0,76500,Working,Secondary / secondary special,Married,House / apartment,-20033,-2409,1,0,0,0,Drivers,2
7950075,F,Y,Y,1,396000,Working,Incomplete higher,Married,House / apartment,-19788,-3317,1,0,0,0,Sales staff,3
7281345,F,N,N,0,112500,Working,Secondary / secondary special,Widow,House / apartment,-14794,-1339,1,1,0,0,Laborers,1
7036002,M,Y,Y,1,135000,Commercial associate,Secondary / secondary special,Married,House / apartment,-10707,-2564,1,0,1,0,Laborers,3
7624955,M,N,N,0,157500,State servant,Lower secondary,Married,With parents,-10367,-727,1,1,0,0,Laborers,2
7671262,F,Y,Y,2,225000,Commercial associate,Secondary / secondary special,Married,House / apartment,-11568,-935,1,0,0,0,Medicine staff,4
7771536,M,Y,Y,0,225000,State servant,Higher education,Single / not married,House / apartment,-9496,-1329,1,0,1,0,Managers,1
7485503,F,Y,Y,0,337500,Working,Secondary / secondary special,Married,House / apartment,-18860,-2731,1,0,0,0,Sales staff,2
7211794,F,N,Y,0,171000,State servant,Higher education,Civil marriage,House / apartment,-11253,-335,1,0,1,1,Core staff,2
7560736,F,N,Y,0,112500,Pensioner,Secondary / secondary special,Widow,House / apartment,-21557,365243,1,0,0,0,,1
7949880,F,N,Y,1,135000,Working,Secondary / secondary special,Married,House / apartment,-15386,-3225,1,0,0,0,Managers,3
7465231,M,Y,Y,0,337500,Commercial associate,Secondary / secondary special,Married,House / apartment,-18915,-199,1,0,0,1,Security staff,2
7229365,M,Y,Y,1,112500,Working,Secondary / secondary special,Married,House / apartment,-15668,-297,1,1,0,0,Drivers,3
7709299,M,Y,N,0,270000,Working,Higher education,Married,House / apartment,-15083,-4401,1,1,0,0,High skill tech staff,2
7028858,M,Y,Y,1,157500,Working,Secondary / secondary special,Married,House / apartment,-13867,-3095,1,0,0,0,Laborers,3
7067292,F,N,Y,0,90000,Commercial associate,Secondary / secondary special,Separated,House / apartment,-19867,-720,1,0,0,1,,1
7744014,M,N,N,0,360000,Pensioner,Higher education,Married,House / apartment,-22968,365243,1,0,1,1,,2
7674435,F,N,N,0,157500,Pensioner,Secondary / secondary special,Widow,House / apartment,-21938,365243,1,0,0,0,,1
7552501,F,Y,Y,0,180000,Working,Secondary / secondary special,Married,Municipal apartment,-15906,-2752,1,0,0,0,Cooking staff,2
7051538,M,Y,Y,0,135000,Commercial associate,Higher education,Single / not married,House / apartment,-9805,-1944,1,0,0,0,Laborers,1
7205505,F,N,Y,1,112500,Working,Secondary / secondary special,Married,House / apartment,-16813,-807,1,0,0,0,Sales staff,3
7095678,F,N,N,0,67500,Pensioner,Secondary / secondary special,Married,House / apartment,-22682,365243,1,0,0,0,,2
7169775,M,Y,Y,0,270000,Commercial associate,Secondary / secondary special,Married,House / apartment,-10600,-2283,1,1,1,0,,2
7576759,F,N,N,0,96750,Pensioner,Secondary / secondary special,Civil marriage,House / apartment,-23644,365243,1,0,0,0,,2
7465165,F,N,Y,0,126000,Pensioner,Secondary / secondary special,Married,House / apartment,-23618,365243,1,0,0,0,,2
7949761,M,Y,Y,0,292500,Working,Higher education,Single / not married,House / apartment,-9218,-334,1,0,0,0,Laborers,1
7113451,F,Y,Y,1,247500,Pensioner,Higher education,Married,House / apartment,-16208,365243,1,0,1,1,,3
7699876,M,N,Y,0,67500,Working,Secondary / secondary special,Separated,House / apartment,-17146,-1924,1,0,0,0,Drivers,1
7541540,M,Y,Y,1,225000,Working,Higher education,Married,House / apartment,-8892,-302,1,1,1,1,,3
7578378,F,N,N,0,99000,Working,Higher education,Married,With parents,-11643,-3315,1,0,0,0,Accountants,2
7417190,M,Y,N,0,157500,Working,Secondary / secondary special,Married,House / apartment,-21027,-1064,1,0,0,0,Drivers,2
7637371,M,Y,N,0,144000,Working,Secondary / secondary special,Married,House / apartment,-15357,-3436,1,1,0,0,Laborers,2
7139412,F,N,Y,2,270000,Working,Higher education,Civil marriage,House / apartment,-13480,-738,1,1,0,0,Managers,4
7090636,F,Y,Y,0,117000,Working,Secondary / secondary special,Separated,House / apartment,-19119,-1686,1,1,0,0,Sales staff,1
7837716,M,N,Y,2,225000,Working,Incomplete higher,Married,House / apartment,-14629,-2302,1,0,0,1,Laborers,4
7235262,M,Y,N,0,135000,Commercial associate,Secondary / secondary special,Married,House / apartment,-22347,-3001,1,0,0,0,Security staff,2
7022898,F,N,Y,0,180000,Working,Secondary / secondary special,Single / not married,With parents,-10217,-1084,1,0,0,1,,1
7801131,F,N,Y,0,157500,State servant,Higher education,Married,House / apartment,-17128,-4323,1,0,0,0,Managers,2
7108594,F,Y,Y,1,67500,Working,Higher education,Married,House / apartment,-13087,-204,1,0,0,1,Sales staff,3
7241855,F,N,Y,2,112500,Working,Secondary / secondary special,Married,House / apartment,-13016,-749,1,1,1,0,Accountants,4
7397734,F,N,Y,2,112500,Working,Secondary / secondary special,Married,House / apartment,-16604,-1115,1,1,0,0,Sales staff,4
7709844,F,Y,N,2,270000,Working,Higher education,Civil marriage,House / apartment,-13729,-3668,1,1,0,0,Accountants,4
7465406,F,N,N,1,112500,State servant,Higher education,Married,House / apartment,-11509,-4735,1,0,0,0,Managers,3
7344601,F,N,Y,0,202500,Working,Higher education,Civil marriage,House / apartment,-9046,-909,1,0,0,1,Core staff,2
7780476,F,N,Y,0,144000,Pensioner,Secondary / secondary special,Married,House / apartment,-18621,365243,1,0,0,0,,2
7093252,F,N,Y,0,247500,Commercial associate,Higher education,Married,House / apartment,-11914,-2980,1,0,0,0,Sales staff,2
7771474,M,Y,Y,0,157500,Pensioner,Higher education,Married,House / apartment,-21959,365243,1,0,0,1,,2
7763894,F,N,Y,0,103500,Commercial associate,Secondary / secondary special,Married,House / apartment,-16902,-956,1,0,0,0,Medicine staff,2
7823595,M,N,Y,0,247500,State servant,Higher education,Civil marriage,House / apartment,-16774,-5876,1,0,0,0,,2
7829835,M,N,Y,1,360000,Commercial associate,Secondary / secondary special,Married,House / apartment,-17485,-1999,1,0,0,0,Managers,3
7509714,F,N,Y,0,88650,Pensioner,Secondary / secondary special,Married,House / apartment,-24127,365243,1,0,0,0,,2
7344673,F,Y,Y,0,189000,State servant,Higher education,Married,House / apartment,-17100,-7788,1,0,0,0,Managers,2
7105349,F,N,N,0,90000,Working,Higher education,Married,House / apartment,-11388,-4167,1,0,0,0,High skill tech staff,2
7575332,F,N,Y,1,90000,Commercial associate,Higher education,Married,Municipal apartment,-10575,-1334,1,0,0,0,Core staff,3
7807446,F,Y,Y,0,227250,Pensioner,Higher education,Married,House / apartment,-21413,365243,1,0,0,0,,2
7235934,F,N,Y,0,126000,Working,Secondary / secondary special,Single / not married,House / apartment,-20171,-1406,1,0,0,0,Cooking staff,1
7738569,M,N,Y,1,225000,Commercial associate,Secondary / secondary special,Married,House / apartment,-12141,-783,1,0,0,1,Sales staff,3
7873157,F,N,Y,0,67500,Working,Secondary / secondary special,Married,House / apartment,-15753,-1570,1,0,0,0,,2
7537555,F,Y,N,0,180000,Working,Secondary / secondary special,Separated,House / apartment,-18177,-11588,1,1,0,0,Core staff,1
7229424,F,N,Y,0,202500,Commercial associate,Secondary / secondary special,Married,House / apartment,-17409,-1149,1,0,0,1,Laborers,2
7272828,F,N,Y,0,180000,Pensioner,Higher education,Married,House / apartment,-14727,365243,1,0,0,0,,2
7611478,M,N,N,2,202500,Working,Secondary / secondary special,Single / not married,House / apartment,-15049,-166,1,0,0,0,Sales staff,3
7411763,F,N,Y,0,103500,Pensioner,Secondary / secondary special,Married,House / apartment,-24021,365243,1,0,0,0,,2
7117205,F,N,Y,0,135000,Working,Secondary / secondary special,Single / not married,House / apartment,-13530,-95,1,0,0,0,Sales staff,1
7114227,M,Y,N,2,247500,Working,Secondary / secondary special,Married,House / apartment,-18338,-5673,1,1,0,0,Laborers,4
7087124,F,N,Y,0,211500,Working,Higher education,Separated,House / apartment,-15268,-6203,1,0,1,0,Managers,1
7466521,M,Y,Y,0,81000,Pensioner,Secondary / secondary special,Married,House / apartment,-22757,365243,1,0,0,0,,2
7473036,F,N,Y,0,202500,Working,Higher education,Separated,House / apartment,-20046,-3493,1,0,0,0,Sales staff,1
7786431,M,Y,N,0,270000,Working,Secondary / secondary special,Married,House / apartment,-19226,-4746,1,1,1,0,Laborers,2
7807796,F,N,Y,0,162000,Working,Secondary / secondary special,Separated,House / apartment,-20461,-295,1,0,0,0,,1
7317812,F,N,Y,0,193500,Working,Secondary / secondary special,Civil marriage,House / apartment,-16036,-2646,1,0,0,0,Core staff,2
7046437,F,Y,Y,1,144000,State servant,Secondary / secondary special,Civil marriage,House / apartment,-10393,-640,1,1,0,0,,3
7830010,F,N,N,0,112500,Pensioner,Secondary / secondary special,Married,House / apartment,-22949,365243,1,0,0,0,,2
7061870,M,N,Y,0,157500,Working,Secondary / secondary special,Single / not married,House / apartment,-11264,-563,1,1,0,1,Drivers,1
7264599,M,Y,Y,0,225000,Working,Secondary / secondary special,Married,House / apartment,-16607,-8852,1,0,1,0,Laborers,2
7089701,F,N,Y,0,297000,State servant,Higher education,Married,House / apartment,-19829,-5108,1,0,0,0,Core staff,2
7088447,F,N,Y,0,157500,State servant,Secondary / secondary special,Widow,House / apartment,-22887,-2052,1,0,1,0,Drivers,1
7164936,F,N,N,0,135000,Working,Secondary / secondary special,Married,House / apartment,-18437,-1234,1,0,0,0,Laborers,2
7992902,M,Y,Y,1,180000,Commercial associate,Secondary / secondary special,Married,House / apartment,-16798,-1317,1,0,0,0,Drivers,3
7354205,F,N,Y,0,157500,Pensioner,Secondary / secondary special,Married,House / apartment,-22193,365243,1,0,0,0,,2
7836214,M,N,Y,0,315000,Commercial associate,Higher education,Married,House / apartment,-11042,-557,1,0,1,1,,2
7235166,F,N,Y,0,180000,Working,Incomplete higher,Married,House / apartment,-17962,-1512,1,1,0,0,Private service staff,2
7677636,M,Y,N,0,202500,Working,Secondary / secondary special,Married,House / apartment,-18921,-1280,1,0,0,0,Laborers,2
7133448,M,N,Y,0,171000,Pensioner,Secondary / secondary special,Married,House / apartment,-22431,365243,1,0,1,0,,2
7091946,F,N,Y,0,225000,Working,Higher education,Single / not married,House / apartment,-18934,-1539,1,0,0,1,Accountants,1
7087519,M,Y,Y,0,112500,Working,Secondary / secondary special,Civil marriage,House / apartment,-11628,-4347,1,0,0,0,Laborers,2
7272746,F,N,Y,0,157500,State servant,Higher education,Married,With parents,-16056,-4954,1,0,0,0,Core staff,2
7936682,F,N,N,0,292500,Pensioner,Secondary / secondary special,Civil marriage,House / apartment,-22558,365243,1,0,0,0,,2
7263810,F,Y,Y,1,270000,State servant,Higher education,Married,House / apartment,-13213,-5440,1,0,0,1,,3
7376807,M,Y,Y,2,157500,Working,Secondary / secondary special,Married,House / apartment,-10846,-2278,1,0,0,0,,4
7365516,M,Y,Y,1,99000,Commercial associate,Secondary / secondary special,Married,House / apartment,-10719,-536,1,1,1,0,Drivers,3
7111537,M,N,N,0,135000,Pensioner,Higher education,Married,House / apartment,-21455,365243,1,0,1,0,,2
7598770,F,Y,Y,0,76500,Pensioner,Secondary / secondary special,Single / not married,House / apartment,-23457,365243,1,0,1,0,,1
7076908,M,Y,Y,0,225000,Working,Secondary / secondary special,Married,House / apartment,-10312,-2778,1,0,0,0,Laborers,2
7981094,F,N,Y,0,270000,Working,Secondary / secondary special,Widow,House / apartment,-19907,-4203,1,0,1,0,Cleaning staff,1
7474356,F,Y,Y,0,202500,Working,Secondary / secondary special,Single / not married,House / apartment,-18008,-1191,1,0,0,0,Waiters/barmen staff,1
7343452,F,N,N,1,202500,Working,Higher education,Single / not married,With parents,-11298,-234,1,0,0,0,Sales staff,2
7142505,M,N,Y,2,135000,Commercial associate,Secondary / secondary special,Married,House / apartment,-17299,-376,1,0,0,0,Security staff,4
7395366,F,Y,Y,1,135000,Working,Secondary / secondary special,Civil marriage,House / apartment,-13782,-840,1,1,1,0,,3
7608374,F,N,Y,0,76500,Pensioner,Secondary / secondary special,Married,House / apartment,-22791,365243,1,0,0,0,,2
7642232,F,N,Y,0,180000,Pensioner,Secondary / secondary special,Widow,House / apartment,-23010,365243,1,0,0,0,,1
7800171,F,Y,Y,0,450000,Commercial associate,Secondary / secondary special,Civil marriage,House / apartment,-14690,-1493,1,0,1,1,,2
7390707,F,N,Y,0,157500,Working,Secondary / secondary special,Married,Rented apartment,-20778,-5440,1,0,0,0,,2
7033451,F,N,Y,0,76500,Working,Secondary / secondary special,Married,House / apartment,-15450,-3521,1,0,0,0,Laborers,2
7068964,M,N,Y,0,337500,Working,Secondary / secondary special,Married,House / apartment,-19732,-5369,1,0,0,0,Laborers,2
7272391,M,N,Y,0,279000,Working,Secondary / secondary special,Married,House / apartment,-17863,-693,1,0,0,0,Laborers,2
7415496,F,N,Y,0,171000,State servant,Higher education,Married,House / apartment,-16708,-4524,1,1,1,0,Core staff,2
7155322,M,Y,N,0,270000,Working,Secondary / secondary special,Separated,House / apartment,-15122,-315,1,0,1,0,Drivers,1
7949158,F,N,Y,2,360000,Working,Secondary / secondary special,Married,House / apartment,-12765,-716,1,0,0,1,Waiters/barmen staff,4
7335727,M,N,Y,2,360000,State servant,Higher education,Married,House / apartment,-11516,-4836,1,0,0,0,Laborers,4
7155861,F,Y,Y,0,126000,Working,Secondary / secondary special,Married,House / apartment,-15546,-1641,1,1,1,1,Laborers,2
7741667,M,N,Y,0,49500,Pensioner,Secondary / secondary special,Married,House / apartment,-24323,365243,1,0,0,0,,2
7860968,F,N,Y,0,90000,State servant,Secondary / secondary special,Single / not married,House / apartment,-17331,-328,1,0,0,0,Medicine staff,1
7769807,F,N,Y,0,202500,Pensioner,Higher education,Civil marriage,House / apartment,-21909,365243,1,0,0,0,,2
7560186,F,N,Y,0,135000,Working,Incomplete higher,Married,House / apartment,-14113,-5653,1,0,0,0,Laborers,2
7116594,M,Y,N,0,157500,Working,Higher education,Married,House / apartment,-15602,-611,1,0,0,0,,2
7939110,F,Y,Y,0,900000,Working,Higher education,Married,House / apartment,-13354,-2217,1,0,0,0,Managers,2
7604640,F,N,Y,0,135000,Commercial associate,Secondary / secondary special,Widow,House / apartment,-18828,-5215,1,1,0,0,Laborers,1
7051503,M,N,N,0,135000,Working,Secondary / secondary special,Married,House / apartment,-11161,-2917,1,0,0,0,Laborers,2
7317473,F,N,N,1,103500,State servant,Secondary / secondary special,Married,House / apartment,-18034,-3955,1,0,1,0,Core staff,3
7632935,F,Y,N,0,186750,Working,Secondary / secondary special,Married,House / apartment,-19054,-1293,1,1,0,0,Accountants,2
7052990,F,N,Y,0,56700,Pensioner,Secondary / secondary special,Married,House / apartment,-20696,365243,1,0,0,0,,2
7345665,F,Y,Y,1,216000,Working,Incomplete higher,Married,House / apartment,-11516,-2072,1,0,1,0,Core staff,3
7797227,M,N,N,1,225000,Working,Higher education,Married,Rented apartment,-17880,-328,1,0,0,0,Security staff,3
7436690,F,Y,Y,0,126000,Pensioner,Secondary / secondary special,Married,House / apartment,-20960,365243,1,0,0,0,,2
7500010,M,N,Y,0,139500,Commercial associate,Secondary / secondary special,Single / not married,House / apartment,-8662,-1092,1,0,0,0,Laborers,1
7824305,M,N,Y,0,180000,Working,Secondary / secondary special,Married,House / apartment,-15153,-2029,1,0,0,0,Managers,2
7696808,F,N,Y,0,202500,Working,Secondary / secondary special,Separated,House / apartment,-17481,-1072,1,1,0,0,Cooking staff,1
7858961,M,Y,Y,0,315000,Pensioner,Higher education,Married,House / apartment,-23017,365243,1,0,0,1,,2
7727947,F,N,N,0,81000,Pensioner,Secondary / secondary special,Married,House / apartment,-20710,365243,1,0,1,0,,2
7702568,F,N,Y,0,180000,Commercial associate,Secondary / secondary special,Married,House / apartment,-14851,-129,1,0,0,0,Sales staff,2
7054280,M,N,N,0,716323.5,State servant,Secondary / secondary special,Single / not married,With parents,-9377,-2433,1,0,0,0,Laborers,1
7391196,M,N,Y,0,540000,Working,Higher education,Married,House / apartment,-16489,-266,1,0,1,1,High skill tech staff,2
7759468,M,N,Y,0,135000,Working,Secondary / secondary special,Married,House / apartment,-13377,-309,1,0,0,0,Laborers,2
7384624,F,N,N,0,81000,Working,Secondary / secondary special,Single / not married,With parents,-8087,-398,1,0,0,0,Core staff,1
7140857,M,Y,Y,0,270000,Working,Secondary / secondary special,Civil marriage,With parents,-10745,-241,1,0,0,0,Laborers,2
7033339,M,Y,N,2,202500,Commercial associate,Secondary / secondary special,Married,Municipal apartment,-14724,-5074,1,0,0,0,Drivers,4
7354483,F,N,Y,0,72000,Pensioner,Secondary / secondary special,Married,House / apartment,-20019,365243,1,0,0,0,,2
7738787,F,N,Y,0,202500,Working,Secondary / secondary special,Single / not married,House / apartment,-16745,-5286,1,1,1,0,Low-skill Laborers,1
7010522,M,Y,Y,1,450000,Working,Higher education,Married,Office apartment,-18476,-2625,1,0,0,0,Managers,3
7258388,F,Y,Y,2,117000,Commercial associate,Secondary / secondary special,Married,House / apartment,-14813,-254,1,0,0,0,Sales staff,4
7372608,F,N,Y,0,82800,Pensioner,Secondary / secondary special,Widow,House / apartment,-23318,365243,1,0,1,0,,1
7806062,F,N,Y,0,193500,Working,Secondary / secondary special,Separated,House / apartment,-17627,-10778,1,1,1,0,Laborers,1
7270861,M,N,N,0,90000,Working,Secondary / secondary special,Married,House / apartment,-17585,-2499,1,1,0,0,Laborers,2
7802966,F,N,Y,0,58500,Pensioner,Secondary / secondary special,Married,House / apartment,-22986,365243,1,0,0,0,,2
7068114,F,N,Y,0,450000,State servant,Higher education,Single / not married,House / apartment,-20142,-3093,1,0,1,1,Core staff,1
7207741,F,N,Y,0,90000,Pensioner,Higher education,Widow,House / apartment,-23631,365243,1,0,0,0,,1
7693261,F,N,Y,0,270000,Pensioner,Secondary / secondary special,Married,House / apartment,-21287,365243,1,0,0,0,,2
7507373,F,N,Y,0,443700,Commercial associate,Secondary / secondary special,Single / not married,House / apartment,-13839,-2980,1,0,1,1,Sales staff,1
7317624,M,Y,Y,0,360000,Working,Secondary / secondary special,Married,House / apartment,-18342,-4472,1,0,0,0,Managers,2
7107850,M,Y,N,2,202500,Working,Higher education,Married,House / apartment,-10954,-2853,1,0,0,0,Managers,4
7041947,F,N,N,0,405000,Working,Higher education,Married,House / apartment,-10726,-1921,1,1,1,0,,2
7062045,F,N,Y,1,315000,Commercial associate,Secondary / secondary special,Separated,Municipal apartment,-18794,-1842,1,0,1,0,Cleaning staff,2
7564734,M,Y,N,0,337500,Commercial associate,Higher education,Married,Municipal apartment,-18199,-2343,1,0,0,0,Laborers,2
7528189,F,N,N,0,175500,Pensioner,Secondary / secondary special,Widow,Municipal apartment,-23263,365243,1,0,0,0,,1
7242275,F,N,Y,0,225000,Working,Secondary / secondary special,Civil marriage,House / apartment,-15842,-4410,1,0,0,0,Sales staff,2
7242870,F,N,Y,0,315000,Commercial associate,Secondary / secondary special,Married,House / apartment,-15147,-1943,1,0,0,0,Core staff,2
7799044,M,N,Y,0,135000,Pensioner,Higher education,Married,House / apartment,-20726,365243,1,0,0,0,,2
7079609,M,N,Y,0,180000,Commercial associate,Secondary / secondary special,Married,House / apartment,-17609,-1022,1,0,0,0,,2
7223173,M,Y,N,0,157500,Working,Higher education,Married,House / apartment,-20752,-4509,1,0,0,0,High skill tech staff,2
7970184,F,N,Y,0,175500,Working,Higher education,Married,Municipal apartment,-15004,-1922,1,0,1,0,Core staff,2
7157065,M,N,Y,1,292500,Working,Higher education,Married,House / apartment,-10889,-4295,1,0,0,0,High skill tech staff,3
7471104,F,N,N,1,270000,Working,Secondary / secondary special,Married,House / apartment,-13625,-1725,1,1,0,0,,3
7431056,F,Y,Y,0,157500,Working,Secondary / secondary special,Married,House / apartment,-19430,-478,1,0,0,0,,2
7345100,F,Y,Y,0,315000,Working,Higher education,Married,House / apartment,-11026,-2859,1,1,0,0,,2
7744414,M,Y,Y,2,225000,Working,Higher education,Married,House / apartment,-12947,-617,1,0,0,0,Managers,4
7154116,M,Y,N,1,202500,Working,Secondary / secondary special,Married,House / apartment,-15501,-2377,1,0,0,0,Laborers,3
7452155,M,Y,Y,0,751500,Working,Higher education,Civil marriage,House / apartment,-14811,-3320,1,0,1,0,Core staff,2
7159477,F,N,N,0,81000,Pensioner,Secondary / secondary special,Widow,Municipal apartment,-23060,365243,1,0,1,0,,1
7100280,M,N,N,0,90000,Commercial associate,Secondary / secondary special,Married,House / apartment,-18459,-826,1,0,0,0,,2
7743393,M,Y,Y,0,225000,State servant,Secondary / secondary special,Married,House / apartment,-11125,-630,1,0,0,1,Core staff,2
7888396,F,Y,Y,1,126000,Working,Secondary / secondary special,Married,House / apartment,-10106,-2806,1,0,0,0,Accountants,3
7629173,F,Y,Y,0,310500,State servant,Secondary / secondary special,Married,House / apartment,-17583,-5249,1,0,0,0,Medicine staff,2
7542930,M,Y,N,1,157500,Working,Secondary / secondary special,Civil marriage,Municipal apartment,-16045,-1102,1,1,1,0,Laborers,3
7759448,F,N,Y,0,360000,State servant,Secondary / secondary special,Married,House / apartment,-24023,-3962,1,0,0,0,Managers,2
7317322,M,N,N,0,270000,Working,Secondary / secondary special,Civil marriage,House / apartment,-19175,-1002,1,1,0,0,Laborers,2
7044936,M,N,Y,2,360000,State servant,Higher education,Married,House / apartment,-16027,-5639,1,0,1,0,Managers,4
7978724,M,N,Y,0,135000,Pensioner,Secondary / secondary special,Married,House / apartment,-21271,365243,1,0,0,0,,2
7051130,F,N,Y,0,180000,Pensioner,Secondary / secondary special,Married,House / apartment,-20796,365243,1,0,1,0,,2
7405614,M,N,Y,0,180000,Working,Incomplete higher,Married,House / apartment,-13146,-6301,1,1,0,0,Laborers,2
7603327,M,N,Y,0,112500,Working,Secondary / secondary special,Married,House / apartment,-11057,-1742,1,0,0,0,Laborers,2
7369415,F,N,Y,2,135000,Working,Secondary / secondary special,Married,House / apartment,-11892,-992,1,0,1,0,Core staff,4
7471334,F,N,Y,0,135000,Pensioner,Secondary / secondary special,Married,House / apartment,-21181,365243,1,0,0,0,,2
7009047,F,N,Y,0,148500,Working,Higher education,Married,House / apartment,-17641,-889,1,0,0,0,Core staff,2
7625492,F,N,Y,0,180000,Pensioner,Secondary / secondary special,Single / not married,House / apartment,-23545,365243,1,0,0,0,,1
7415381,F,N,Y,0,90000,Working,Secondary / secondary special,Civil marriage,House / apartment,-15482,-3884,1,0,0,0,Laborers,2
7998466,M,Y,N,0,157500,Working,Secondary / secondary special,Civil marriage,House / apartment,-17730,-10260,1,0,0,0,Laborers,2
7143332,F,N,Y,0,157500,Working,Secondary / secondary special,Married,House / apartment,-19826,-1048,1,0,0,0,Cleaning staff,2
7758356,F,N,Y,0,189000,Pensioner,Secondary / secondary special,Married,House / apartment,-22601,365243,1,0,0,1,,2
7233483,M,N,Y,0,270000,State servant,Higher education,Married,House / apartment,-13483,-2542,1,0,1,0,,2
7800778,F,N,N,1,81000,State servant,Higher education,Married,With parents,-11707,-2317,1,0,0,0,Core staff,3
7009246,F,N,N,0,67500,Working,Secondary / secondary special,Married,House / apartment,-9123,-936,1,1,1,0,Medicine staff,2
7197254,F,Y,N,2,112500,Working,Secondary / secondary special,Married,Rented apartment,-10579,-384,1,0,0,0,,4
7549042,F,N,Y,0,225000,Working,Secondary / secondary special,Married,House / apartment,-17566,-770,1,0,0,0,Laborers,2
7900772,F,N,Y,0,202500,Commercial associate,Secondary / secondary special,Married,House / apartment,-18524,-81,1,1,0,1,Managers,2
7929167,M,Y,Y,0,121500,Working,Secondary / secondary special,Married,House / apartment,-17931,-2939,1,1,1,0,,2
7638033,M,N,Y,1,450000,State servant,Higher education,Married,House / apartment,-11857,-5262,1,0,0,1,Laborers,3
7416159,F,N,Y,0,315000,Pensioner,Secondary / secondary special,Civil marriage,House / apartment,-23092,365243,1,0,0,0,,2
7181027,F,N,Y,0,135000,Commercial associate,Secondary / secondary special,Married,House / apartment,-14682,-2287,1,0,1,0,Accountants,2
7137045,F,N,Y,0,135000,Commercial associate,Secondary / secondary special,Separated,House / apartment,-17815,-338,1,0,0,0,Sales staff,1
7728450,F,N,Y,0,112500,Working,Secondary / secondary special,Married,House / apartment,-12387,-3827,1,0,0,0,,2
7715248,F,Y,Y,0,180000,Commercial associate,Secondary / secondary special,Married,House / apartment,-13989,-2461,1,0,0,0,,2
7502735,F,N,N,0,81000,Pensioner,Secondary / secondary special,Married,Municipal apartment,-20777,365243,1,0,0,0,,2
7513194,F,N,N,0,144000,Pensioner,Secondary / secondary special,Separated,House / apartment,-21481,365243,1,0,0,0,,1
7540120,M,Y,Y,0,274500,Working,Secondary / secondary special,Married,House / apartment,-17929,-4924,1,0,0,0,Managers,2
7724215,M,Y,Y,1,202500,Commercial associate,Higher education,Married,House / apartment,-10025,-684,1,0,0,1,Sales staff,3
7144243,F,Y,Y,2,234000,Commercial associate,Secondary / secondary special,Married,House / apartment,-12226,-1382,1,1,1,0,Sales staff,4
7111326,M,N,N,0,135000,Working,Higher education,Single / not married,Co-op apartment,-12274,-2438,1,1,1,0,Laborers,1
7820856,F,N,Y,2,225000,Commercial associate,Higher education,Civil marriage,House / apartment,-10874,-882,1,0,0,0,Accountants,4
7223499,F,Y,N,0,270000,State servant,Higher education,Single / not married,House / apartment,-10068,-764,1,0,0,0,Secretaries,1
7627296,F,Y,Y,2,540000,Working,Higher education,Married,House / apartment,-14655,-1261,1,1,1,0,Managers,4
7580642,M,N,Y,0,117324,Commercial associate,Secondary / secondary special,Single / not married,House / apartment,-9911,-1646,1,1,1,0,,1
7156828,F,N,Y,0,90000,Pensioner,Secondary / secondary special,Married,House / apartment,-23413,365243,1,0,0,0,,2
7674452,M,Y,Y,2,202500,Working,Higher education,Married,House / apartment,-10550,-3124,1,1,1,0,Laborers,4
7008885,M,Y,Y,0,247500,Commercial associate,Secondary / secondary special,Married,House / apartment,-12780,-1120,1,0,0,0,Drivers,2
7209476,F,Y,N,1,180000,Working,Secondary / secondary special,Married,With parents,-11919,-475,1,0,0,0,Laborers,3
7838727,F,N,N,0,157500,Working,Secondary / secondary special,Single / not married,House / apartment,-18420,-1903,1,0,1,0,Sales staff,1
7711486,F,N,Y,0,90000,Working,Secondary / secondary special,Married,House / apartment,-17928,-1849,1,0,0,0,Private service staff,2
7368329,M,Y,N,0,225000,Working,Secondary / secondary special,Married,House / apartment,-16889,-2433,1,0,0,0,Drivers,2
7491546,F,N,N,0,135000,State servant,Secondary / secondary special,Married,House / apartment,-18850,-645,1,1,0,0,Medicine staff,2
7544958,F,N,Y,0,135000,Pensioner,Secondary / secondary special,Married,House / apartment,-20804,365243,1,0,0,0,,2
7802938,M,N,Y,0,450000,Pensioner,Higher education,Married,House / apartment,-17026,365243,1,0,0,1,,2
7942587,F,N,Y,0,112500,Working,Secondary / secondary special,Single / not married,House / apartment,-18307,-3683,1,0,0,0,,1
7860963,F,N,Y,0,90000,State servant,Secondary / secondary special,Single / not married,House / apartment,-17331,-328,1,0,0,0,Medicine staff,1
7796071,F,Y,Y,2,81000,Working,Secondary / secondary special,Married,House / apartment,-12670,-236,1,1,0,0,,4
7752423,M,Y,N,1,184500,Working,Secondary / secondary special,Married,House / apartment,-16978,-1460,1,0,0,0,Laborers,3
7999249,F,N,Y,0,202500,Working,Higher education,Single / not married,House / apartment,-12349,-89,1,0,0,0,Sales staff,1
7436933,F,N,Y,0,207000,Pensioner,Higher education,Single / not married,House / apartment,-20553,365243,1,0,1,0,,1
7061619,M,Y,Y,0,427500,State servant,Incomplete higher,Single / not married,Rented apartment,-11943,-3150,1,0,1,0,High skill tech staff,1
7105258,M,Y,Y,0,81000,Working,Secondary / secondary special,Married,House / apartment,-13527,-1153,1,0,0,0,High skill tech staff,2
7268971,M,N,Y,0,135000,Working,Higher education,Married,House / apartment,-11355,-1189,1,0,0,0,Sales staff,2
7998494,M,Y,Y,1,360000,Commercial associate,Secondary / secondary special,Married,House / apartment,-14127,-2377,1,1,1,0,Drivers,3
7627057,M,N,Y,0,180000,Pensioner,Higher education,Married,House / apartment,-23237,365243,1,0,0,0,,2
7097010,F,N,N,0,139500,Commercial associate,Secondary / secondary special,Single / not married,House / apartment,-8710,-642,1,0,1,0,,1
7110059,F,Y,Y,0,337500,State servant,Higher education,Married,House / apartment,-14400,-2706,1,0,0,0,Core staff,2
7771131,F,N,Y,1,135000,Working,Secondary / secondary special,Married,House / apartment,-15563,-1025,1,1,1,0,Laborers,3
7189700,F,N,Y,1,126000,Working,Secondary / secondary special,Married,House / apartment,-11666,-2732,1,1,0,0,Cooking staff,3
7253067,F,N,Y,0,157500,Working,Secondary / secondary special,Married,House / apartment,-16645,-9533,1,0,0,0,Core staff,2
7612704,M,N,Y,0,238500,Working,Secondary / secondary special,Single / not married,With parents,-8925,-961,1,0,0,0,High skill tech staff,1
7229553,F,N,N,0,315000,Working,Secondary / secondary special,Single / not married,Municipal apartment,-15734,-4802,1,0,0,0,Managers,1
7693270,F,Y,Y,2,180000,Commercial associate,Higher education,Married,House / apartment,-11928,-1068,1,0,0,0,Core staff,4
7981945,F,N,Y,0,270000,Working,Higher education,Civil marriage,House / apartment,-16552,-8111,1,0,0,0,Managers,2
7525468,F,Y,Y,1,216000,Working,Higher education,Married,House / apartment,-15591,-554,1,0,0,0,Drivers,3
7134956,M,N,Y,0,112500,Working,Secondary / secondary special,Civil marriage,House / apartment,-20306,-2456,1,0,0,0,,2
7224493,F,N,N,0,90000,Pensioner,Higher education,Widow,House / apartment,-22791,365243,1,0,1,0,,1
7124676,F,N,Y,0,247500,State servant,Higher education,Married,House / apartment,-14964,-3129,1,0,0,1,Managers,2
7559341,F,N,N,0,90000,Pensioner,Secondary / secondary special,Married,House / apartment,-20351,365243,1,0,0,0,,2
7074235,F,Y,N,2,157500,Commercial associate,Secondary / secondary special,Single / not married,House / apartment,-13172,-4925,1,1,0,0,Laborers,3
7397845,M,Y,N,1,270000,Working,Higher education,Married,House / apartment,-13927,-1907,1,0,1,0,,3
7805421,F,N,Y,0,184500,Working,Secondary / secondary special,Single / not married,House / apartment,-18178,-3130,1,0,0,0,Laborers,1
7091721,F,Y,Y,0,90000,Commercial associate,Secondary / secondary special,Married,House / apartment,-14116,-2269,1,0,0,0,Medicine staff,2
7730376,F,N,N,0,121500,Pensioner,Secondary / secondary special,Married,House / apartment,-20100,365243,1,0,1,0,,2
7519644,F,N,Y,0,72000,Pensioner,Secondary / secondary special,Married,House / apartment,-23037,365243,1,0,1,0,,2
7738925,F,N,Y,0,157500,Commercial associate,Higher education,Married,House / apartment,-9512,-722,1,1,0,0,Core staff,2
7799451,F,N,Y,0,157500,Commercial associate,Higher education,Married,House / apartment,-13762,-5091,1,0,0,0,Laborers,2
7730174,F,Y,N,0,180000,Working,Secondary / secondary special,Married,House / apartment,-14211,-1528,1,0,1,0,Managers,2
7864185,M,N,N,2,211500,Working,Higher education,Civil marriage,House / apartment,-10513,-332,1,1,1,0,Core staff,4
7544760,F,Y,Y,1,297000,Working,Secondary / secondary special,Separated,House / apartment,-13881,-1798,1,0,0,0,Core staff,2
7170145,F,N,Y,0,112500,Working,Secondary / secondary special,Married,House / apartment,-19111,-883,1,0,0,0,Sales staff,2
7792617,F,N,Y,0,256500,Working,Higher education,Married,House / apartment,-13750,-809,1,0,0,0,,2
7139643,F,N,Y,1,157500,Commercial associate,Secondary / secondary special,Married,House / apartment,-15005,-3599,1,0,0,0,Laborers,3
7362441,M,Y,N,0,427500,Working,Secondary / secondary special,Single / not married,Rented apartment,-9045,-1123,1,0,0,0,Laborers,1
7185653,F,N,Y,0,292500,Pensioner,Secondary / secondary special,Widow,House / apartment,-22555,365243,1,0,0,0,,1
7760809,F,N,Y,0,112500,Pensioner,Lower secondary,Married,House / apartment,-21524,365243,1,0,0,0,,2
7736642,F,N,N,0,225000,Working,Higher education,Married,House / apartment,-17850,-1182,1,0,1,0,Medicine staff,2
7090685,F,Y,N,0,360000,Working,Higher education,Married,House / apartment,-12542,-4357,1,1,1,1,Managers,2
7416032,F,N,Y,0,270000,Working,Higher education,Civil marriage,House / apartment,-19435,-7586,1,0,0,0,Core staff,2
7832410,M,N,Y,0,202500,Pensioner,Secondary / secondary special,Married,House / apartment,-22114,365243,1,0,0,0,,2
7447860,M,N,Y,0,270000,Commercial associate,Secondary / secondary special,Married,House / apartment,-15988,-5416,1,0,0,0,Core staff,2
7117107,F,N,Y,0,126000,Pensioner,Secondary / secondary special,Married,House / apartment,-23914,365243,1,0,0,0,,2
7784871,M,N,Y,0,157500,Working,Secondary / secondary special,Married,House / apartment,-15573,-4023,1,0,0,1,,2
7780079,F,Y,Y,3,81000,Working,Secondary / secondary special,Married,House / apartment,-12323,-1895,1,0,0,1,Accountants,5
7159820,F,N,N,0,108000,Working,Secondary / secondary special,Single / not married,House / apartment,-12635,-3145,1,0,0,0,Laborers,1
7483982,F,N,Y,0,90000,Working,Secondary / secondary special,Married,House / apartment,-15570,-3049,1,0,0,0,Sales staff,2
7971736,F,N,Y,1,144000,Working,Secondary / secondary special,Married,House / apartment,-10728,-2248,1,0,0,1,Core staff,3
7312492,M,Y,N,1,270000,State servant,Secondary / secondary special,Married,Office apartment,-10291,-2425,1,0,0,0,Core staff,3
7584797,F,N,Y,0,99000,Pensioner,Secondary / secondary special,Married,House / apartment,-21989,365243,1,0,1,0,,2
7713821,F,N,Y,1,135000,Working,Secondary / secondary special,Married,House / apartment,-10856,-2112,1,0,0,0,Sales staff,3
7007501,F,N,Y,0,180000,Pensioner,Secondary / secondary special,Married,House / apartment,-23327,365243,1,0,0,0,,2
7367848,M,N,N,1,202500,Working,Secondary / secondary special,Married,House / apartment,-11556,-4503,1,0,0,0,Laborers,3
7931822,F,N,Y,0,157500,Commercial associate,Secondary / secondary special,Civil marriage,House / apartment,-17329,-540,1,0,0,0,Private service staff,2
7123842,F,N,Y,0,157500,Working,Secondary / secondary special,Civil marriage,House / apartment,-17361,-999,1,0,0,1,Core staff,2
7260047,F,N,Y,0,193500,Working,Secondary / secondary special,Single / not married,House / apartment,-22962,-370,1,0,1,0,Cleaning staff,1
7047078,M,Y,N,2,270000,State servant,Secondary / secondary special,Married,House / apartment,-15121,-8187,1,0,1,1,,4
7046860,F,Y,Y,0,270000,Commercial associate,Higher education,Single / not married,House / apartment,-13696,-2648,1,0,1,1,Managers,1
7762517,F,N,N,0,270000,Working,Incomplete higher,Single / not married,House / apartment,-9781,-912,1,0,0,0,Core staff,1
7664641,F,N,Y,0,180000,Commercial associate,Secondary / secondary special,Separated,House / apartment,-16628,-3785,1,0,0,0,Core staff,1
7429843,F,N,Y,0,225000,Commercial associate,Higher education,Married,House / apartment,-11701,-1183,1,1,0,0,Managers,2
7498762,F,N,N,0,247500,Commercial associate,Secondary / secondary special,Married,House / apartment,-12800,-1940,1,0,1,0,Laborers,2
7278807,F,N,Y,1,135000,Working,Secondary / secondary special,Married,House / apartment,-11038,-1768,1,0,0,0,High skill tech staff,3
7247308,F,N,Y,0,157500,State servant,Secondary / secondary special,Widow,House / apartment,-21462,-592,1,1,1,0,Sales staff,1
7820228,M,Y,N,0,450000,Working,Higher education,Married,Municipal apartment,-10695,-1095,1,0,0,0,Managers,2
7223074,M,N,Y,1,112500,Working,Secondary / secondary special,Married,Rented apartment,-13993,-1697,1,0,0,1,Drivers,3
7100938,F,N,N,1,270000,Working,Higher education,Single / not married,House / apartment,-12483,-256,1,0,0,0,Accountants,2
7833454,M,Y,Y,0,315000,Working,Secondary / secondary special,Married,House / apartment,-22237,-201,1,1,0,1,Laborers,2
7359065,F,N,Y,2,135000,Commercial associate,Secondary / secondary special,Married,House / apartment,-13650,-2704,1,0,0,0,Laborers,4
7063382,F,N,Y,0,67500,Pensioner,Secondary / secondary special,Married,House / apartment,-23577,365243,1,0,1,0,,2
7092576,F,N,Y,0,225000,Pensioner,Higher education,Married,House / apartment,-22576,365243,1,0,0,0,,2
7956381,F,N,Y,2,135000,Working,Secondary / secondary special,Married,House / apartment,-14178,-4903,1,0,0,0,High skill tech staff,4
7099674,F,N,Y,0,180000,Pensioner,Higher education,Single / not married,House / apartment,-22401,365243,1,0,0,0,,1
7537644,F,Y,N,0,270000,Working,Incomplete higher,Married,House / apartment,-12727,-2853,1,1,0,0,Managers,2
7938266,M,Y,Y,0,675000,Commercial associate,Higher education,Married,House / apartment,-10195,-968,1,0,0,1,,2
7395536,F,N,Y,0,112500,Commercial associate,Secondary / secondary special,Single / not married,House / apartment,-18635,-141,1,0,0,0,Sales staff,1
7872918,M,Y,N,0,382500,Pensioner,Higher education,Married,Rented apartment,-10068,365243,1,0,0,0,,2
7172810,F,N,N,2,135000,State servant,Higher education,Married,With parents,-11668,-1039,1,0,1,0,High skill tech staff,4
7071142,M,Y,Y,0,270000,Working,Secondary / secondary special,Married,House / apartment,-14511,-505,1,0,0,0,Managers,2
7277036,M,N,Y,0,180000,Pensioner,Higher education,Married,House / apartment,-23119,365243,1,0,0,0,,2
7409320,F,N,Y,0,108000,State servant,Higher education,Married,House / apartment,-20195,-1231,1,0,0,0,Accountants,2
7625007,F,N,Y,0,135000,State servant,Secondary / secondary special,Married,House / apartment,-19996,-8005,1,0,0,0,Managers,2
7405426,F,N,N,0,103500,Pensioner,Secondary / secondary special,Single / not married,House / apartment,-24245,365243,1,0,0,0,,1
7138057,M,Y,N,2,225000,Commercial associate,Higher education,Married,House / apartment,-14209,-406,1,0,0,0,Managers,4
7957180,M,N,N,0,180000,Commercial associate,Secondary / secondary special,Married,With parents,-11027,-2164,1,0,0,0,Laborers,2
7934527,M,N,Y,0,315000,Working,Incomplete higher,Separated,House / apartment,-12103,-1829,1,1,0,0,Laborers,1
7024772,F,Y,Y,0,202500,Working,Secondary / secondary special,Single / not married,House / apartment,-8568,-1068,1,0,0,0,Sales staff,1
7189635,F,N,Y,1,135000,Commercial associate,Higher education,Married,House / apartment,-15714,-662,1,0,1,0,Sales staff,3
7889566,M,N,N,0,55800,Pensioner,Secondary / secondary special,Married,House / apartment,-23037,365243,1,0,1,0,,2
7213019,F,N,N,0,99000,Working,Higher education,Single / not married,With parents,-9036,-290,1,0,1,0,Sales staff,1
7934461,F,N,Y,2,126000,Commercial associate,Secondary / secondary special,Married,House / apartment,-13931,-156,1,0,0,0,Accountants,4
7689908,F,Y,N,1,112500,Working,Secondary / secondary special,Married,House / apartment,-14860,-1124,1,0,0,0,Sales staff,3
7456937,F,N,Y,2,81000,Working,Secondary / secondary special,Married,House / apartment,-14462,-341,1,0,0,0,Laborers,4
7046283,F,N,Y,0,67050,Pensioner,Higher education,Married,House / apartment,-24305,365243,1,0,0,0,,2
7618238,F,Y,Y,0,144000,Working,Secondary / secondary special,Married,House / apartment,-16050,-4084,1,0,0,0,Sales staff,2
7562850,F,Y,N,2,247500,Working,Secondary / secondary special,Separated,House / apartment,-14197,-4455,1,0,0,0,,3
7790285,F,N,N,0,162000,Working,Higher education,Separated,House / apartment,-17036,-12,1,0,0,0,Core staff,1
7771639,F,N,Y,0,202500,Working,Secondary / secondary special,Married,House / apartment,-16418,-5165,1,0,0,1,Managers,2
7892076,F,N,Y,0,135000,Pensioner,Secondary / secondary special,Widow,House / apartment,-23086,365243,1,0,0,0,,1
7854422,F,N,N,0,76500,Pensioner,Secondary / secondary special,Married,House / apartment,-18825,365243,1,0,0,0,,2
7602940,M,N,N,1,247500,Commercial associate,Secondary / secondary special,Married,With parents,-11406,-916,1,0,0,0,Laborers,3
7372444,F,N,Y,0,112500,Commercial associate,Secondary / secondary special,Single / not married,House / apartment,-13853,-226,1,0,0,0,Core staff,1
7761968,M,Y,N,0,450000,Commercial associate,Higher education,Married,House / apartment,-10009,-1033,1,0,0,1,,2
7790147,F,N,Y,0,126000,Pensioner,Secondary / secondary special,Married,House / apartment,-18789,365243,1,0,0,0,,2
7053192,F,N,Y,0,315000,Working,Higher education,Married,House / apartment,-15527,-3792,1,1,1,0,Accountants,2
7535797,M,Y,Y,1,292500,Working,Higher education,Married,House / apartment,-11677,-3583,1,0,0,0,,3
7771805,F,N,N,0,112500,Commercial associate,Secondary / secondary special,Civil marriage,With parents,-14130,-172,1,1,0,0,Sales staff,2
7064030,M,N,Y,0,45000,Working,Secondary / secondary special,Married,House / apartment,-17486,-5675,1,1,1,0,Laborers,2
7879402,F,Y,Y,2,90000,Working,Higher education,Married,Co-op apartment,-13185,-171,1,0,1,0,Cooking staff,4
7742549,F,N,Y,0,270000,Working,Secondary / secondary special,Civil marriage,House / apartment,-12559,-538,1,0,1,1,Medicine staff,2
7833986,M,Y,N,0,225000,Pensioner,Secondary / secondary special,Married,House / apartment,-21799,365243,1,0,1,0,,2
7291899,M,Y,N,0,292500,Commercial associate,Incomplete higher,Separated,With parents,-11340,-1174,1,0,0,0,Managers,1
7629045,F,N,Y,0,202500,Pensioner,Secondary / secondary special,Widow,House / apartment,-19772,365243,1,0,0,1,,1
7520854,F,N,N,0,112500,Working,Secondary / secondary special,Civil marriage,House / apartment,-18074,-3456,1,0,0,0,Cleaning staff,2
7620846,M,Y,N,0,135000,Commercial associate,Secondary / secondary special,Civil marriage,With parents,-13359,-274,1,0,0,0,Drivers,2
7727115,F,N,Y,0,202500,Pensioner,Secondary / secondary special,Married,House / apartment,-22710,365243,1,0,0,0,,2
7999340,F,N,Y,0,90000,Working,Higher education,Married,House / apartment,-10495,-1123,1,0,0,0,Accountants,2
7685736,F,Y,Y,1,99000,Working,Secondary / secondary special,Married,House / apartment,-18251,-4195,1,1,1,0,Private service staff,3
7118351,M,Y,N,2,162000,Working,Secondary / secondary special,Married,House / apartment,-12674,-1376,1,1,0,0,,4
7343834,M,N,Y,0,113850,Working,Secondary / secondary special,Married,House / apartment,-12430,-3106,1,1,1,0,Laborers,2
7836171,M,N,Y,0,130500,Working,Secondary / secondary special,Married,House / apartment,-15549,-6615,1,0,0,1,,2
7679644,M,N,Y,0,360000,Pensioner,Secondary / secondary special,Married,House / apartment,-22438,365243,1,0,1,0,,2
7412405,F,N,Y,1,99000,Working,Higher education,Civil marriage,House / apartment,-10135,-1476,1,1,1,0,Core staff,3
7769228,F,Y,Y,0,360000,Working,Secondary / secondary special,Civil marriage,House / apartment,-19882,-697,1,0,1,0,Cleaning staff,2
7132259,F,N,N,0,144000,Working,Secondary / secondary special,Married,House / apartment,-15743,-2052,1,0,1,0,Laborers,2
7688268,F,Y,Y,0,157500,Pensioner,Secondary / secondary special,Married,House / apartment,-22858,365243,1,0,0,0,,2
7191975,M,N,Y,0,135000,Working,Higher education,Married,House / apartment,-16049,-1516,1,0,0,0,,2
7248787,M,N,Y,3,135000,Working,Secondary / secondary special,Married,House / apartment,-12923,-2432,1,0,0,1,Laborers,5
7633675,F,Y,N,1,157500,Working,Secondary / secondary special,Married,Municipal apartment,-11229,-3757,1,1,0,0,Laborers,3
7679545,F,N,Y,0,225000,Pensioner,Secondary / secondary special,Widow,House / apartment,-22732,365243,1,0,0,1,,1
7236432,M,Y,Y,0,202500,Commercial associate,Secondary / secondary special,Separated,House / apartment,-8384,-127,1,0,0,0,Sales staff,1
7166712,F,Y,Y,0,315000,Commercial associate,Higher education,Separated,House / apartment,-20701,-3221,1,0,1,0,Cleaning staff,1
7752120,F,N,Y,0,283500,Working,Higher education,Civil marriage,House / apartment,-15506,-2829,1,0,0,0,Accountants,2
7398343,F,N,N,0,180000,Working,Higher education,Married,House / apartment,-21563,-2121,1,0,0,0,Sales staff,2
7995548,F,N,Y,0,135000,Working,Secondary / secondary special,Married,Rented apartment,-14559,-2599,1,0,0,0,Laborers,2
7782243,M,Y,Y,1,180000,Commercial associate,Higher education,Married,House / apartment,-17528,-2071,1,0,0,0,Managers,3
7223558,F,Y,Y,0,247500,Working,Higher education,Married,House / apartment,-10720,-1758,1,0,0,0,Core staff,2
7668798,F,N,Y,0,112500,Working,Incomplete higher,Widow,House / apartment,-21321,-716,1,0,0,0,Security staff,1
7412666,F,N,N,1,180000,Commercial associate,Secondary / secondary special,Married,With parents,-10312,-3060,1,0,0,0,Laborers,3
7409468,M,Y,Y,0,135000,Working,Secondary / secondary special,Single / not married,House / apartment,-18398,-1110,1,0,0,0,High skill tech staff,1
7664777,F,Y,Y,0,157500,Working,Higher education,Married,House / apartment,-15092,-1044,1,0,1,0,Laborers,2
7993865,F,N,Y,1,225000,Working,Secondary / secondary special,Single / not married,House / apartment,-13758,-3584,1,1,0,0,,2
7579601,F,N,N,0,225000,Working,Secondary / secondary special,Separated,House / apartment,-15764,-4809,1,0,1,0,,1
7460212,F,N,N,0,135000,State servant,Secondary / secondary special,Separated,House / apartment,-17944,-10549,1,0,0,0,,1
7658044,F,N,N,0,225000,Working,Secondary / secondary special,Married,House / apartment,-18573,-2575,1,1,1,0,Security staff,2
7344118,M,N,N,1,180000,Working,Secondary / secondary special,Civil marriage,House / apartment,-12556,-820,1,0,1,0,,3
7618285,F,N,Y,0,157500,Working,Secondary / secondary special,Single / not married,House / apartment,-10113,-1007,1,0,0,0,Laborers,1
7405119,M,N,Y,0,121500,Pensioner,Secondary / secondary special,Civil marriage,House / apartment,-22810,365243,1,0,1,0,,2
7789977,F,N,Y,0,65250,Pensioner,Secondary / secondary special,Married,House / apartment,-20839,365243,1,0,1,0,,2
7938554,F,N,Y,2,112500,Working,Secondary / secondary special,Married,House / apartment,-11607,-361,1,1,0,0,Core staff,4
7461066,F,Y,Y,2,180000,Commercial associate,Higher education,Civil marriage,House / apartment,-12844,-507,1,0,1,0,Accountants,4
7054415,M,N,Y,0,180000,Working,Secondary / secondary special,Married,House / apartment,-14385,-363,1,0,0,0,Laborers,2
7992455,F,N,Y,0,112500,Pensioner,Secondary / secondary special,Married,House / apartment,-20718,365243,1,0,1,0,,2
7149966,F,N,Y,0,180000,Working,Secondary / secondary special,Single / not married,House / apartment,-14279,-2939,1,0,0,0,Sales staff,1
7824074,M,N,Y,2,540000,Working,Secondary / secondary special,Married,With parents,-13694,-110,1,0,0,0,,4
7085744,F,N,Y,1,202500,Working,Secondary / secondary special,Married,House / apartment,-14060,-261,1,0,0,0,Medicine staff,3
7671102,M,N,Y,2,135000,Working,Secondary / secondary special,Married,House / apartment,-11822,-3251,1,0,0,0,Laborers,4
7045605,F,Y,N,0,112500,Working,Higher education,Married,Municipal apartment,-15417,-1569,1,0,0,0,,2
7089444,M,N,Y,0,157500,Commercial associate,Higher education,Married,House / apartment,-20492,-13022,1,1,1,0,Managers,2
7569619,M,Y,Y,0,67500,Working,Secondary / secondary special,Married,House / apartment,-9031,-1705,1,0,0,0,Cooking staff,2
7951687,F,Y,N,1,270000,Working,Higher education,Married,House / apartment,-15349,-3587,1,0,1,0,,3
7891359,F,N,Y,0,81000,Pensioner,Secondary / secondary special,Married,House / apartment,-22936,365243,1,0,0,0,,2
7110050,F,N,Y,0,135000,Commercial associate,Higher education,Married,House / apartment,-18678,-302,1,0,0,0,Cleaning staff,2
7872837,F,Y,Y,1,90000,Working,Secondary / secondary special,Married,House / apartment,-15184,-397,1,0,1,0,Sales staff,3
7212074,F,N,Y,0,144000,Pensioner,Secondary / secondary special,Widow,House / apartment,-23702,365243,1,0,0,0,,1
7059184,F,N,Y,1,54000,Commercial associate,Secondary / secondary special,Married,House / apartment,-11771,-3018,1,0,0,0,Sales staff,3
7141114,F,Y,Y,0,157500,Working,Secondary / secondary special,Married,House / apartment,-18480,-256,1,0,0,0,Sales staff,2
7317929,F,N,Y,1,157500,Working,Higher education,Separated,House / apartment,-16061,-211,1,0,0,0,Sales staff,2
7465241,F,N,N,2,112500,Working,Secondary / secondary special,Married,House / apartment,-10474,-1797,1,0,0,0,Laborers,4
7279028,F,N,N,2,76500,Working,Secondary / secondary special,Civil marriage,House / apartment,-14119,-156,1,1,1,0,Laborers,4
7318685,F,N,Y,0,90000,Working,Secondary / secondary special,Separated,House / apartment,-18599,-2469,1,1,1,0,Sales staff,1
7408676,F,N,N,0,135000,Working,Secondary / secondary special,Married,House / apartment,-16319,-9614,1,0,0,0,Laborers,2
7602469,F,N,N,0,58500,Pensioner,Secondary / secondary special,Single / not married,Municipal apartment,-18158,365243,1,0,1,0,,1
7586602,F,N,N,0,292500,Working,Higher education,Married,House / apartment,-13237,-5307,1,0,1,1,Core staff,2
7834546,F,N,N,0,765000,Working,Higher education,Separated,House / apartment,-16617,-2454,1,1,0,0,Accountants,1
7569746,M,N,Y,0,157500,Working,Secondary / secondary special,Single / not married,House / apartment,-17194,-9490,1,0,0,0,Laborers,1
7691855,F,N,Y,0,270000,Pensioner,Secondary / secondary special,Civil marriage,House / apartment,-20246,365243,1,0,0,0,,2
7842688,F,Y,Y,0,67500,Pensioner,Higher education,Widow,House / apartment,-22785,365243,1,0,1,0,,1
7060060,M,Y,N,0,225000,Working,Higher education,Married,House / apartment,-13022,-3024,1,1,0,0,Managers,2
7434459,F,N,Y,1,238500,Commercial associate,Secondary / secondary special,Married,Rented apartment,-12314,-189,1,0,0,0,Cooking staff,3
7243060,F,Y,Y,0,135000,Commercial associate,Secondary / secondary special,Married,House / apartment,-16432,-148,1,0,0,1,Accountants,2
7106652,F,N,Y,0,360000,Commercial associate,Secondary / secondary special,Married,House / apartment,-10021,-1787,1,0,0,0,Sales staff,2
7372400,M,Y,Y,0,157500,Working,Secondary / secondary special,Married,House / apartment,-17568,-2143,1,0,0,0,Core staff,2
7883237,F,Y,Y,0,225000,Pensioner,Higher education,Civil marriage,House / apartment,-22163,365243,1,0,0,0,,2
7105426,F,N,Y,0,193500,Working,Secondary / secondary special,Single / not married,House / apartment,-18449,-9683,1,0,0,0,,1
7052741,M,Y,Y,2,157500,Working,Secondary / secondary special,Married,House / apartment,-15308,-1675,1,0,0,0,Drivers,4
7788520,F,Y,Y,0,135000,State servant,Secondary / secondary special,Married,House / apartment,-15055,-5238,1,1,1,1,Managers,2
7704433,F,N,Y,0,135000,Working,Secondary / secondary special,Married,House / apartment,-13228,-3282,1,1,0,0,Laborers,2
7366537,F,N,N,0,166500,State servant,Higher education,Civil marriage,House / apartment,-10605,-324,1,1,0,0,Core staff,2
7795704,M,Y,Y,0,225000,Working,Secondary / secondary special,Married,House / apartment,-20186,-189,1,0,0,0,Drivers,2
7212940,M,N,N,0,157500,Working,Secondary / secondary special,Married,House / apartment,-10474,-1156,1,0,0,1,Laborers,2
7604102,F,N,N,0,67500,Pensioner,Secondary / secondary special,Married,House / apartment,-21135,365243,1,0,1,0,,2
7652014,M,Y,N,0,180000,Commercial associate,Secondary / secondary special,Married,House / apartment,-12672,-2733,1,1,0,1,High skill tech staff,2
7089674,F,N,Y,2,168750,Working,Higher education,Married,House / apartment,-9742,-1638,1,0,0,0,,4
7702854,M,N,N,0,225000,Working,Secondary / secondary special,Civil marriage,House / apartment,-13831,-1836,1,1,1,0,Laborers,2
7022266,M,N,Y,1,405000,State servant,Higher education,Married,Office apartment,-15738,-2498,1,1,1,0,,3
7094932,M,Y,Y,0,405000,Commercial associate,Higher education,Married,House / apartment,-16271,-398,1,0,0,0,Drivers,2
7009290,F,N,N,0,130500,Working,Secondary / secondary special,Civil marriage,House / apartment,-15140,-4816,1,0,1,0,Cleaning staff,2
7290674,F,N,N,0,315000,Commercial associate,Higher education,Single / not married,House / apartment,-11398,-3099,1,0,0,0,,1
7622847,F,Y,Y,0,202500,Commercial associate,Secondary / secondary special,Married,With parents,-10860,-298,1,0,0,0,Sales staff,2
7408957,F,N,Y,0,180000,Commercial associate,Higher education,Married,House / apartment,-10769,-275,1,0,0,0,Accountants,2
7090283,F,N,Y,0,225000,Pensioner,Secondary / secondary special,Married,House / apartment,-21140,365243,1,0,1,0,,2
7679251,M,N,N,1,270000,Working,Higher education,Married,House / apartment,-12675,-1347,1,0,0,0,Drivers,3
7484136,F,Y,Y,0,117000,Working,Secondary / secondary special,Married,House / apartment,-21346,-277,1,1,0,0,Laborers,2
7617629,F,N,Y,0,117000,Working,Secondary / secondary special,Married,House / apartment,-16370,-2279,1,1,1,1,Sales staff,2
7047129,F,Y,N,1,112500,Working,Higher education,Married,House / apartment,-15954,-91,1,0,0,1,Core staff,3
7464645,F,N,Y,0,135000,Working,Higher education,Separated,House / apartment,-17406,-7808,1,0,0,0,Managers,1
7575885,F,N,Y,0,427500,Pensioner,Secondary / secondary special,Widow,House / apartment,-22791,365243,1,0,1,1,,1
7258681,M,Y,Y,0,315000,Commercial associate,Higher education,Married,House / apartment,-14822,-163,1,0,1,1,Managers,2
7411963,M,Y,Y,0,188550,Pensioner,Higher education,Married,House / apartment,-22024,365243,1,0,1,0,,2
7142356,M,N,Y,1,202500,Working,Secondary / secondary special,Married,House / apartment,-13426,-6753,1,0,0,1,Laborers,3
7956031,F,N,Y,0,135000,Pensioner,Secondary / secondary special,Widow,House / apartment,-21668,365243,1,0,0,0,,1
7677352,M,N,Y,0,234000,Working,Secondary / secondary special,Married,House / apartment,-14184,-95,1,1,1,0,,2
7193560,F,N,N,1,135000,Working,Secondary / secondary special,Married,Municipal apartment,-13934,-6695,1,0,0,0,Sales staff,3
7353531,F,N,Y,1,180000,Working,Higher education,Married,House / apartment,-14829,-2922,1,1,1,0,Laborers,3
7148636,F,N,N,0,220500,Commercial associate,Incomplete higher,Married,House / apartment,-11390,-137,1,0,0,0,,2
7723259,F,N,Y,0,85500,Pensioner,Secondary / secondary special,Married,House / apartment,-20806,365243,1,0,0,1,,2
7085848,F,N,Y,0,112500,Pensioner,Secondary / secondary special,Married,House / apartment,-19474,365243,1,0,1,0,,2
7248757,F,N,Y,0,225000,Working,Higher education,Single / not married,House / apartment,-9989,-667,1,1,1,0,Accountants,1
7727689,M,Y,Y,0,247500,Working,Secondary / secondary special,Married,House / apartment,-15515,-3766,1,0,0,0,Drivers,2
7736343,M,N,N,0,202500,Commercial associate,Higher education,Married,House / apartment,-14589,-1213,1,0,1,0,,2
7161401,F,N,N,2,81000,Working,Secondary / secondary special,Married,House / apartment,-10129,-3235,1,0,0,0,Laborers,4
7858502,F,N,N,0,157500,Pensioner,Secondary / secondary special,Married,House / apartment,-21685,365243,1,0,0,0,,2
7684001,M,N,N,0,180000,Working,Secondary / secondary special,Civil marriage,House / apartment,-18993,-5027,1,0,0,0,,2
7829992,F,N,N,0,90000,State servant,Secondary / secondary special,Single / not married,House / apartment,-12489,-174,1,0,1,0,,1
7276968,F,N,Y,0,234000,Working,Secondary / secondary special,Single / not married,House / apartment,-17882,-928,1,0,1,0,Managers,1
7509273,F,Y,Y,2,94500,State servant,Secondary / secondary special,Married,House / apartment,-15401,-8662,1,0,0,0,Medicine staff,4
7036482,M,Y,Y,0,306000,Working,Secondary / secondary special,Single / not married,House / apartment,-10335,-1327,1,0,0,0,Laborers,1
7023475,F,Y,Y,0,315000,Pensioner,Secondary / secondary special,Single / not married,House / apartment,-21012,365243,1,0,0,0,,1
7949965,F,Y,Y,0,279000,State servant,Secondary / secondary special,Single / not married,House / apartment,-16824,-5599,1,0,0,0,,1
7658051,F,Y,Y,0,180000,Pensioner,Secondary / secondary special,Married,House / apartment,-22712,365243,1,0,0,1,,2
7264683,M,Y,Y,0,180000,Working,Secondary / secondary special,Married,House / apartment,-18998,-2522,1,0,0,0,Laborers,2
7562707,F,N,Y,1,202500,Working,Secondary / secondary special,Married,Co-op apartment,-15133,-8137,1,0,1,0,Cooking staff,3
7092010,M,N,Y,0,144000,Commercial associate,Secondary / secondary special,Civil marriage,House / apartment,-10041,-2583,1,0,1,0,Laborers,2
7900785,M,Y,Y,3,121500,Working,Secondary / secondary special,Married,House / apartment,-11863,-4495,1,1,1,0,,5
7905519,M,N,Y,0,204025.5,Working,Secondary / secondary special,Married,House / apartment,-20804,-2270,1,1,0,0,Drivers,2
7918401,M,N,Y,0,157500,Pensioner,Secondary / secondary special,Married,House / apartment,-22034,365243,1,0,0,0,,2
7416485,F,Y,Y,0,675000,Pensioner,Secondary / secondary special,Married,House / apartment,-20824,365243,1,0,0,0,,2
7651542,F,N,Y,2,54000,Working,Secondary / secondary special,Married,House / apartment,-12215,-602,1,0,0,1,Core staff,4
7808413,M,Y,Y,0,135000,Commercial associate,Secondary / secondary special,Married,House / apartment,-20496,-12150,1,0,0,0,Laborers,2
7582447,F,N,Y,0,144000,Working,Incomplete higher,Married,House / apartment,-21743,-1126,1,1,0,0,Managers,2
7949056,M,N,Y,1,180000,Working,Secondary / secondary special,Married,House / apartment,-9975,-533,1,0,0,0,Laborers,3
7054379,F,N,Y,1,112500,Working,Secondary / secondary special,Widow,House / apartment,-10846,-240,1,0,0,0,Cooking staff,2
7514130,F,N,Y,0,191700,Pensioner,Secondary / secondary special,Single / not married,House / apartment,-20885,365243,1,0,0,0,,1
7725002,F,Y,Y,0,315000,Working,Higher education,Single / not married,House / apartment,-19675,-506,1,0,0,0,Core staff,1
7779576,F,N,Y,0,90000,Pensioner,Secondary / secondary special,Married,House / apartment,-22824,365243,1,0,1,0,,2
7068977,M,N,Y,0,180000,Commercial associate,Secondary / secondary special,Married,House / apartment,-20900,-1959,1,0,1,0,Laborers,2
7698118,F,Y,Y,0,112500,Pensioner,Secondary / secondary special,Married,House / apartment,-22965,365243,1,0,0,0,,2
7010570,F,Y,Y,0,121500,Working,Higher education,Married,House / apartment,-10145,-1682,1,0,0,1,Sales staff,2
7065213,F,N,N,0,171000,Working,Higher education,Married,House / apartment,-11545,-2417,1,0,0,0,High skill tech staff,2
7945386,F,N,Y,0,90000,Working,Secondary / secondary special,Separated,House / apartment,-18599,-2469,1,1,1,0,Sales staff,1
7824440,F,Y,N,0,157500,Commercial associate,Secondary / secondary special,Civil marriage,House / apartment,-17911,-648,1,0,1,0,,2
7596537,M,Y,Y,1,135000,Commercial associate,Secondary / secondary special,Married,House / apartment,-12614,-4987,1,0,0,0,Laborers,3
7069294,F,N,Y,0,180000,Commercial associate,Secondary / secondary special,Married,House / apartment,-15133,-4888,1,0,1,0,Secretaries,2
7863234,M,Y,Y,0,157500,Working,Secondary / secondary special,Married,House / apartment,-9632,-2035,1,0,0,0,,2
7161819,F,Y,Y,0,450000,Pensioner,Secondary / secondary special,Single / not married,House / apartment,-21543,365243,1,0,0,0,,1
7538919,F,N,N,0,112500,Pensioner,Secondary / secondary special,Married,House / apartment,-20982,365243,1,0,0,0,,2
7096789,F,N,Y,0,67500,Pensioner,Secondary / secondary special,Married,House / apartment,-20371,365243,1,0,0,0,,2
7876242,F,Y,Y,0,202500,Commercial associate,Higher education,Single / not married,House / apartment,-10078,-1333,1,0,0,0,Sales staff,1
7052487,F,Y,Y,0,270000,Working,Higher education,Married,House / apartment,-16230,-3259,1,0,0,0,Core staff,2
7867057,F,Y,N,0,202500,Commercial associate,Higher education,Married,House / apartment,-10560,-146,1,1,0,0,Core staff,2
7184578,F,Y,Y,0,67500,Working,Secondary / secondary special,Married,House / apartment,-11831,-1252,1,0,0,0,Accountants,2
7957677,M,Y,Y,0,148500,Working,Secondary / secondary special,Single / not married,House / apartment,-14853,-6821,1,0,0,0,Managers,1
7118347,F,Y,N,1,81000,Working,Secondary / secondary special,Married,House / apartment,-15062,-2014,1,1,0,0,,3
7189537,F,N,N,1,90000,Working,Secondary / secondary special,Married,Municipal apartment,-13606,-297,1,0,0,0,Sales staff,3
7564307,F,Y,N,1,423000,Working,Secondary / secondary special,Married,House / apartment,-15152,-5909,1,0,0,0,Medicine staff,3
7161487,F,N,Y,0,180000,Pensioner,Secondary / secondary special,Married,House / apartment,-21884,365243,1,0,1,0,,2
7956993,F,N,Y,0,337500,Working,Higher education,Married,House / apartment,-14244,-4050,1,0,0,1,Managers,2
7499229,M,N,N,0,171000,Commercial associate,Secondary / secondary special,Married,House / apartment,-18632,-3919,1,1,1,0,,2
7345515,M,N,Y,1,225000,Commercial associate,Secondary / secondary special,Married,House / apartment,-11449,-3792,1,0,0,0,Managers,3
7837477,F,N,Y,0,135000,Working,Secondary / secondary special,Married,House / apartment,-17644,-9706,1,0,1,0,Core staff,2
7022923,F,N,N,1,157500,Pensioner,Secondary / secondary special,Married,House / apartment,-18649,365243,1,0,0,0,,3
7876680,M,Y,Y,0,135000,Working,Secondary / secondary special,Married,House / apartment,-10323,-1453,1,0,0,1,Laborers,2
7395815,F,N,Y,0,157500,Commercial associate,Secondary / secondary special,Married,House / apartment,-22427,-4799,1,0,0,0,,2
7934327,F,Y,Y,0,157500,State servant,Higher education,Married,House / apartment,-12944,-4082,1,0,0,0,,2
7678359,F,N,Y,0,90000,Pensioner,Secondary / secondary special,Married,House / apartment,-21908,365243,1,0,1,0,,2
7798209,M,Y,Y,0,157500,Commercial associate,Secondary / secondary special,Married,House / apartment,-14936,-2148,1,1,0,1,Laborers,2
7576283,F,Y,Y,0,225000,Commercial associate,Secondary / secondary special,Married,House / apartment,-21393,-2217,1,0,0,1,Laborers,2
7184774,F,N,Y,0,112500,Working,Secondary / secondary special,Married,House / apartment,-20743,-7461,1,1,1,0,,2
7715369,F,N,Y,2,157500,Working,Higher education,Widow,House / apartment,-17609,-8883,1,0,0,0,Core staff,3
7408522,F,Y,N,0,270000,Commercial associate,Higher education,Single / not married,House / apartment,-9649,-2767,1,0,0,0,Core staff,1
7669860,M,Y,N,0,360000,State servant,Incomplete higher,Single / not married,House / apartment,-10786,-2490,1,0,0,0,Core staff,1
7729977,F,N,N,1,130500,Working,Secondary / secondary special,Married,House / apartment,-14098,-3324,1,1,0,0,Cooking staff,3
7480556,M,N,Y,0,135000,Working,Secondary / secondary special,Married,With parents,-12916,-2088,1,0,0,0,Laborers,2
7923925,F,N,N,0,135000,Working,Secondary / secondary special,Widow,House / apartment,-20756,-3593,1,0,1,0,,1
7439305,F,N,N,0,112500,Pensioner,Secondary / secondary special,Separated,House / apartment,-22529,365243,1,0,1,0,,1
7665161,F,N,Y,1,166500,Commercial associate,Secondary / secondary special,Single / not married,House / apartment,-14313,-254,1,0,0,0,Private service staff,2
7069049,F,N,Y,0,121500,Commercial associate,Higher education,Married,House / apartment,-9654,-651,1,0,0,1,High skill tech staff,2
7228875,F,Y,Y,2,202500,Commercial associate,Secondary / secondary special,Married,House / apartment,-14276,-2762,1,0,0,1,,4
7050747,F,N,N,1,159750,Commercial associate,Higher education,Civil marriage,House / apartment,-9167,-317,1,1,1,0,Core staff,3
7507977,F,N,Y,0,247500,Pensioner,Secondary / secondary special,Civil marriage,House / apartment,-20299,365243,1,0,0,0,,2
7820588,M,Y,N,1,247500,Commercial associate,Secondary / secondary special,Married,With parents,-12263,-567,1,0,0,0,Drivers,3
7764052,M,Y,Y,0,157500,Commercial associate,Secondary / secondary special,Single / not married,House / apartment,-14165,-833,1,0,0,0,Laborers,1
7836620,F,Y,Y,1,252000,Working,Secondary / secondary special,Civil marriage,House / apartment,-14378,-3100,1,1,1,0,Sales staff,3
7125549,M,Y,Y,1,157500,Working,Secondary / secondary special,Single / not married,House / apartment,-11981,-1137,1,1,0,0,Laborers,2
7125798,F,Y,Y,2,144000,Commercial associate,Secondary / secondary special,Married,House / apartment,-13997,-164,1,1,1,0,Managers,4
7233495,M,Y,Y,2,225000,Working,Secondary / secondary special,Married,House / apartment,-13902,-836,1,0,0,0,Managers,4
7832488,F,N,Y,0,360000,State servant,Higher education,Single / not married,House / apartment,-11497,-109,1,0,0,0,Core staff,1
7798332,F,N,Y,0,112500,Working,Secondary / secondary special,Married,House / apartment,-21210,-5242,1,0,0,0,Medicine staff,2
7264848,F,Y,Y,0,157500,Working,Lower secondary,Married,House / apartment,-19201,-178,1,0,0,0,Laborers,2
7261468,F,N,Y,0,180000,Working,Secondary / secondary special,Separated,House / apartment,-18672,-3973,1,0,0,0,Sales staff,1
7606057,F,N,Y,0,157500,Working,Secondary / secondary special,Married,House / apartment,-19608,-195,1,0,0,0,Cooking staff,2
7793670,F,N,Y,0,94500,Pensioner,Secondary / secondary special,Widow,House / apartment,-22950,365243,1,0,1,0,,1
7211300,M,N,Y,1,135000,Pensioner,Secondary / secondary special,Married,House / apartment,-20655,365243,1,0,0,0,,3
7363348,M,Y,Y,0,112500,Commercial associate,Higher education,Married,House / apartment,-19372,-452,1,0,0,1,,2
7867462,F,N,N,0,135000,Working,Higher education,Married,House / apartment,-14184,-6143,1,0,0,0,Accountants,2
7671465,F,Y,Y,0,135000,Pensioner,Secondary / secondary special,Single / not married,Municipal apartment,-21986,365243,1,0,1,0,,1
7232972,F,N,Y,0,112500,Pensioner,Secondary / secondary special,Married,House / apartment,-20507,365243,1,0,0,0,,2
7224014,F,N,N,2,81000,Working,Secondary / secondary special,Married,House / apartment,-12784,-1302,1,1,0,0,Laborers,4
7949502,M,Y,Y,0,360000,Commercial associate,Higher education,Civil marriage,House / apartment,-15432,-7169,1,1,1,0,,2
7196176,F,Y,N,0,441000,Working,Secondary / secondary special,Married,House / apartment,-14394,-5316,1,1,0,0,Laborers,2
7138473,M,Y,Y,2,405000,Working,Secondary / secondary special,Married,House / apartment,-12639,-1457,1,0,0,0,Laborers,4
7576062,M,N,Y,1,112500,Working,Secondary / secondary special,Married,House / apartment,-15218,-7855,1,0,0,0,Core staff,3
7707471,F,Y,Y,1,225000,State servant,Higher education,Married,House / apartment,-13918,-1376,1,0,1,1,,3
7268710,F,N,Y,1,58500,Working,Secondary / secondary special,Married,House / apartment,-10362,-3420,1,0,0,0,,3
7068855,F,N,Y,0,382500,Pensioner,Secondary / secondary special,Married,House / apartment,-20447,365243,1,0,0,1,,2
7050251,F,N,Y,0,135000,Pensioner,Secondary / secondary special,Widow,House / apartment,-20334,365243,1,0,0,0,,1
7906177,M,Y,N,1,270000,State servant,Higher education,Married,House / apartment,-14422,-6144,1,0,0,0,Managers,3
7507384,M,Y,N,1,225000,Working,Secondary / secondary special,Married,House / apartment,-15291,-4717,1,0,1,0,Drivers,3
7368642,F,N,Y,0,144000,Pensioner,Secondary / secondary special,Married,House / apartment,-23456,365243,1,0,0,0,,2
7331716,M,Y,Y,0,180000,Working,Higher education,Civil marriage,House / apartment,-17078,-1691,1,0,0,0,Drivers,2
7627115,F,N,Y,2,225000,Commercial associate,Higher education,Married,House / apartment,-10633,-1929,1,0,0,0,Core staff,4
7014303,F,N,Y,0,103500,Commercial associate,Secondary / secondary special,Single / not married,House / apartment,-21165,-6376,1,1,0,0,Core staff,1
7509193,M,Y,Y,0,630000,Commercial associate,Higher education,Married,House / apartment,-18402,-941,1,0,0,0,Managers,2
7525507,M,Y,N,0,202500,Working,Secondary / secondary special,Married,House / apartment,-10631,-980,1,1,1,0,Laborers,2
7529455,M,Y,Y,2,225000,Working,Secondary / secondary special,Married,House / apartment,-14917,-2064,1,1,0,0,Laborers,4
7384437,M,Y,Y,0,189000,Commercial associate,Secondary / secondary special,Married,House / apartment,-14934,-1037,1,0,0,0,Drivers,2
7685744,F,N,N,0,247500,Working,Secondary / secondary special,Married,House / apartment,-15226,-3982,1,0,0,0,Cooking staff,2
7610226,F,N,Y,0,337500,Working,Secondary / secondary special,Married,House / apartment,-9601,-733,1,0,0,0,Core staff,2
7063422,M,N,N,0,157500,Working,Higher education,Married,With parents,-9734,-1220,1,0,0,0,Laborers,2
7248745,F,Y,Y,2,225000,Working,Secondary / secondary special,Married,House / apartment,-14163,-2767,1,0,0,0,,4
7032652,M,Y,N,1,166500,Commercial associate,Secondary / secondary special,Married,House / apartment,-15113,-7096,1,0,1,0,Laborers,3
7317115,F,N,N,0,135000,Working,Secondary / secondary special,Married,House / apartment,-11669,-3558,1,0,0,0,Laborers,2
7513309,M,Y,Y,0,337500,State servant,Higher education,Married,House / apartment,-10679,-2433,1,0,0,0,Core staff,2
7035563,F,N,N,0,112500,Pensioner,Secondary / secondary special,Separated,House / apartment,-21034,365243,1,0,0,0,,1
7743916,F,N,Y,0,211500,Commercial associate,Secondary / secondary special,Civil marriage,House / apartment,-15438,-5382,1,0,0,0,Laborers,2
7604920,F,Y,Y,1,180000,Working,Higher education,Civil marriage,House / apartment,-11482,-801,1,0,0,0,Sales staff,3
7781891,M,N,Y,0,130500,Working,Secondary / secondary special,Married,House / apartment,-15549,-6615,1,0,0,1,,2
7417177,F,N,Y,0,157500,Working,Higher education,Single / not married,With parents,-10069,-789,1,0,0,0,Core staff,1
7618096,M,Y,Y,0,225000,Commercial associate,Secondary / secondary special,Married,House / apartment,-10661,-397,1,0,1,0,,2
7905569,F,N,Y,0,135000,Pensioner,Secondary / secondary special,Married,House / apartment,-23324,365243,1,0,0,0,,2
7625244,F,Y,Y,1,202500,Working,Higher education,Married,House / apartment,-17819,-8948,1,0,1,0,Managers,3
7249076,F,Y,N,0,180000,Commercial associate,Secondary / secondary special,Married,House / apartment,-19759,-5170,1,0,1,0,Sales staff,2
7126117,F,Y,Y,0,112500,Pensioner,Secondary / secondary special,Married,House / apartment,-21267,365243,1,0,0,0,,2
7211710,M,N,N,0,270000,Working,Higher education,Single / not married,House / apartment,-12782,-1004,1,1,1,0,Core staff,1
7943934,F,N,N,0,94500,Commercial associate,Secondary / secondary special,Married,House / apartment,-16271,-6248,1,1,0,0,Laborers,2
7690426,M,Y,Y,1,126000,Working,Higher education,Married,House / apartment,-10006,-1857,1,0,0,0,Managers,3
7439883,F,N,Y,1,216000,State servant,Secondary / secondary special,Married,House / apartment,-16508,-2338,1,0,0,0,Managers,3
7395035,M,Y,Y,0,225000,Commercial associate,Higher education,Separated,House / apartment,-20557,-416,1,0,0,0,Drivers,1
7440001,F,Y,Y,0,112500,Working,Secondary / secondary special,Married,Office apartment,-10122,-907,1,1,0,0,Core staff,2
7883010,F,N,Y,1,135000,Working,Secondary / secondary special,Married,House / apartment,-11622,-1773,1,0,0,1,Sales staff,3
7507338,M,N,Y,0,90000,Working,Secondary / secondary special,Widow,House / apartment,-19883,-1033,1,0,0,0,Laborers,1
7092087,M,Y,Y,2,247500,Working,Secondary / secondary special,Married,House / apartment,-17320,-535,1,0,0,0,Laborers,4
7839861,F,N,Y,2,180000,Working,Incomplete higher,Single / not married,House / apartment,-15655,-968,1,0,0,1,Private service staff,3
7105851,M,Y,N,0,247500,Working,Incomplete higher,Separated,House / apartment,-10370,-1550,1,1,1,0,Managers,1
7209126,F,N,N,0,306000,Commercial associate,Higher education,Married,Municipal apartment,-23453,-2907,1,0,1,1,Accountants,2
7468345,F,Y,N,0,270000,State servant,Incomplete higher,Married,House / apartment,-13127,-781,1,1,0,1,Core staff,2
7628826,M,Y,Y,2,157500,Working,Lower secondary,Married,House / apartment,-16019,-218,1,0,0,0,Drivers,4
7022144,F,N,Y,0,180000,Working,Secondary / secondary special,Married,House / apartment,-13177,-1678,1,0,0,0,Sales staff,2
7491613,F,N,Y,0,135000,State servant,Higher education,Married,House / apartment,-17729,-798,1,0,0,0,,2
7074173,M,Y,Y,0,90000,Commercial associate,Secondary / secondary special,Married,House / apartment,-19766,-2004,1,1,1,0,,2
7776715,M,N,Y,0,225000,Commercial associate,Higher education,Married,House / apartment,-13685,-3281,1,1,1,0,Managers,2
7153691,F,N,Y,0,157500,Pensioner,Secondary / secondary special,Married,Municipal apartment,-20303,365243,1,0,0,0,,2
7795464,F,N,N,3,225000,Commercial associate,Secondary / secondary special,Single / not married,Municipal apartment,-12272,-704,1,0,0,0,High skill tech staff,4
7618520,M,Y,N,0,292500,Working,Secondary / secondary special,Married,House / apartment,-21346,-2498,1,0,1,0,Laborers,2
7154398,M,Y,Y,0,270000,Working,Secondary / secondary special,Married,House / apartment,-17017,-247,1,0,0,0,Managers,2
7112159,F,N,Y,0,180000,Working,Secondary / secondary special,Married,House / apartment,-22050,-1939,1,0,0,0,Sales staff,2
7090049,F,N,Y,0,69372,Working,Secondary / secondary special,Married,House / apartment,-15887,-217,1,1,1,0,Laborers,2
7823289,F,Y,Y,0,135000,Working,Secondary / secondary special,Married,House / apartment,-14696,-264,1,0,0,1,Private service staff,2
7366443,M,N,N,0,67500,Pensioner,Secondary / secondary special,Married,House / apartment,-22876,365243,1,0,0,0,,2
7148750,F,Y,Y,1,135000,Commercial associate,Incomplete higher,Civil marriage,House / apartment,-11469,-686,1,0,1,0,,3
7041894,F,N,N,0,135000,Working,Secondary / secondary special,Married,House / apartment,-15839,-1525,1,1,1,0,Sales staff,2
7752202,F,N,N,2,126000,Working,Secondary / secondary special,Single / not married,House / apartment,-12993,-2374,1,0,0,0,Security staff,3
7126640,M,N,N,1,270000,Pensioner,Secondary / secondary special,Married,House / apartment,-18981,365243,1,0,0,0,,3
7563090,F,N,Y,0,67500,Working,Secondary / secondary special,Married,With parents,-9960,-1494,1,0,1,0,Sales staff,2
7695280,M,Y,Y,0,225000,Commercial associate,Secondary / secondary special,Single / not married,House / apartment,-10116,-1063,1,1,1,0,Core staff,1
7612756,M,N,Y,0,225000,Commercial associate,Higher education,Married,House / apartment,-14159,-1815,1,1,1,0,,2
7737211,F,N,N,0,81000,Pensioner,Secondary / secondary special,Married,Municipal apartment,-23544,365243,1,0,0,0,,2
7062198,F,N,Y,0,112500,Commercial associate,Higher education,Married,House / apartment,-17472,-1202,1,1,1,0,,2
7087356,F,Y,Y,1,180000,Commercial associate,Secondary / secondary special,Married,House / apartment,-15222,-3981,1,0,0,0,Managers,3
7061222,F,N,N,3,202500,Working,Higher education,Married,House / apartment,-12376,-620,1,0,0,1,Secretaries,5
7636889,F,N,Y,0,234000,State servant,Higher education,Married,House / apartment,-12441,-544,1,0,0,1,High skill tech staff,2
7254743,M,N,N,2,112500,Working,Secondary / secondary special,Married,House / apartment,-12807,-192,1,1,1,0,Drivers,4
7800649,M,N,Y,0,202500,Working,Secondary / secondary special,Married,House / apartment,-13383,-2588,1,0,0,0,Core staff,2
7551242,F,Y,Y,0,81000,Pensioner,Secondary / secondary special,Married,House / apartment,-21387,365243,1,0,0,0,,2
7197720,M,Y,N,0,157500,Working,Higher education,Single / not married,House / apartment,-11314,-841,1,0,0,0,High skill tech staff,1
7288082,M,Y,Y,0,225000,Commercial associate,Higher education,Married,House / apartment,-17625,-4873,1,0,0,0,HR staff,2
7340260,M,N,N,0,202500,Pensioner,Higher education,Single / not married,House / apartment,-23614,365243,1,0,1,0,,1
7406279,F,N,Y,0,112500,Pensioner,Secondary / secondary special,Married,House / apartment,-23955,365243,1,0,0,0,,2
7178041,F,N,Y,1,225000,Commercial associate,Higher education,Married,House / apartment,-10214,-2304,1,0,0,1,Laborers,3
7162737,F,N,Y,0,225000,Working,Higher education,Married,House / apartment,-15294,-7911,1,1,1,0,Managers,2
7234495,M,N,N,0,112500,Working,Secondary / secondary special,Married,House / apartment,-18931,-321,1,1,0,0,Laborers,2
7196763,M,Y,Y,0,103500,Working,Secondary / secondary special,Married,House / apartment,-20970,-5344,1,0,0,0,Laborers,2
7784820,F,N,Y,0,90000,State servant,Secondary / secondary special,Married,House / apartment,-20460,-1162,1,0,0,0,Laborers,2
7680382,F,Y,Y,2,180000,Working,Secondary / secondary special,Married,House / apartment,-11731,-545,1,0,0,0,Private service staff,4
7995184,M,N,N,0,360000,Working,Secondary / secondary special,Married,Municipal apartment,-12212,-3288,1,0,0,0,Laborers,2
7208531,F,N,N,0,112500,Working,Secondary / secondary special,Married,With parents,-10792,-1811,1,0,0,0,,2
7071151,F,N,N,0,189000,Working,Secondary / secondary special,Widow,House / apartment,-12817,-1510,1,1,1,0,Sales staff,1
7789474,F,N,N,2,90000,Working,Higher education,Married,With parents,-13778,-1677,1,0,0,1,Sales staff,4
7595059,F,N,Y,1,157500,Working,Secondary / secondary special,Married,House / apartment,-15764,-5289,1,0,1,0,Sales staff,3
7863257,F,Y,Y,0,157500,State servant,Higher education,Married,House / apartment,-19339,-1973,1,0,0,0,,2
7501269,M,Y,N,0,225000,Working,Higher education,Married,House / apartment,-11625,-2859,1,0,0,0,Managers,2
7460266,M,N,N,0,180000,Working,Higher education,Separated,House / apartment,-10258,-777,1,1,1,0,Laborers,1
7010370,F,Y,Y,1,157500,Working,Higher education,Separated,House / apartment,-9800,-2109,1,0,0,1,Medicine staff,2
7736397,F,N,N,0,117000,Commercial associate,Secondary / secondary special,Married,House / apartment,-19641,-270,1,0,1,0,High skill tech staff,2
7170188,F,N,Y,0,139500,Working,Secondary / secondary special,Married,House / apartment,-21164,-3532,1,1,1,0,Drivers,2
7111654,M,N,N,0,180000,Commercial associate,Secondary / secondary special,Married,House / apartment,-18283,-1282,1,1,0,0,Security staff,2
7312510,F,N,N,0,180000,Working,Secondary / secondary special,Single / not married,House / apartment,-12191,-142,1,0,0,1,Sales staff,1
7702034,F,N,N,0,67500,Working,Secondary / secondary special,Widow,House / apartment,-21652,-11360,1,1,0,0,Medicine staff,1
7033879,F,N,Y,0,202500,Commercial associate,Higher education,Married,House / apartment,-17713,-718,1,1,1,0,Managers,2
7795095,F,N,Y,0,76500,Working,Secondary / secondary special,Married,House / apartment,-18048,-5422,1,1,1,0,Cooking staff,2
7291675,F,N,N,1,180000,Commercial associate,Higher education,Married,With parents,-13385,-170,1,0,0,1,Accountants,3
7087455,F,N,Y,0,90000,Working,Secondary / secondary special,Civil marriage,House / apartment,-17155,-510,1,1,0,0,Sales staff,2
7502409,M,Y,Y,0,247500,State servant,Secondary / secondary special,Married,House / apartment,-10283,-1559,1,0,0,0,Core staff,2
7731936,F,N,Y,0,180000,Commercial associate,Secondary / secondary special,Widow,House / apartment,-21164,-1743,1,0,0,0,Sales staff,1
7565542,M,Y,Y,0,378000,Working,Secondary / secondary special,Single / not married,House / apartment,-19200,-667,1,0,0,0,Laborers,1
7355653,F,Y,Y,1,112500,Working,Secondary / secondary special,Married,House / apartment,-15177,-472,1,1,0,0,,3
7671737,F,Y,Y,2,157500,Working,Secondary / secondary special,Married,House / apartment,-15901,-3711,1,0,0,0,Cleaning staff,4
7223794,F,Y,N,0,90000,Pensioner,Secondary / secondary special,Married,House / apartment,-21249,365243,1,0,1,0,,2
7088761,F,N,Y,0,137700,Working,Secondary / secondary special,Married,House / apartment,-17629,-6204,1,1,1,0,Medicine staff,2
7420201,M,Y,Y,0,180000,Commercial associate,Secondary / secondary special,Single / not married,With parents,-10260,-1782,1,0,0,0,Security staff,1
7510327,F,N,Y,0,135000,Working,Secondary / secondary special,Civil marriage,House / apartment,-23678,-2674,1,0,0,0,,2
7026955,M,Y,Y,0,202500,Working,Secondary / secondary special,Married,House / apartment,-17270,-225,1,0,1,0,Laborers,2
7905391,F,N,Y,1,180000,Commercial associate,Higher education,Married,House / apartment,-16707,-2393,1,0,0,0,,3
7134805,F,Y,Y,1,90000,Working,Secondary / secondary special,Married,House / apartment,-20276,-5470,1,0,0,0,Managers,3
7575268,F,N,Y,0,90000,Working,Secondary / secondary special,Married,House / apartment,-18572,-4774,1,0,1,0,,2
7969375,F,Y,N,1,247500,Working,Secondary / secondary special,Single / not married,House / apartment,-16103,-94,1,0,1,0,Accountants,2
7760933,F,N,Y,0,130500,Pensioner,Secondary / secondary special,Married,Municipal apartment,-22224,365243,1,0,0,0,,2
7781876,F,Y,Y,0,171000,Working,Secondary / secondary special,Married,House / apartment,-17053,-3052,1,0,0,1,Core staff,2
7282621,F,N,N,2,135000,Working,Higher education,Married,House / apartment,-18063,-1648,1,0,0,0,,4
7091134,F,N,Y,0,216000,Pensioner,Secondary / secondary special,Married,House / apartment,-18813,365243,1,0,0,0,,2
7169158,M,N,N,0,202500,Working,Secondary / secondary special,Single / not married,With parents,-10301,-1188,1,0,1,0,Managers,1
7077587,F,Y,Y,0,157500,Commercial associate,Secondary / secondary special,Separated,House / apartment,-15849,-1317,1,0,1,0,Drivers,1
7507355,F,N,Y,0,175500,Pensioner,Higher education,Separated,House / apartment,-21399,365243,1,0,0,0,,1
7108324,F,N,Y,0,135000,Working,Secondary / secondary special,Civil marriage,House / apartment,-14308,-1788,1,0,0,0,Sales staff,2
7121138,M,N,Y,0,405000,Commercial associate,Higher education,Widow,House / apartment,-22277,-3607,1,0,1,0,Managers,1
7237011,M,Y,N,0,144000,Working,Secondary / secondary special,Married,With parents,-19234,-1072,1,0,1,0,Laborers,2
7595158,F,Y,Y,0,391500,Commercial associate,Higher education,Single / not married,House / apartment,-21116,-4194,1,0,0,0,,1
7376958,F,N,Y,0,180000,Working,Higher education,Married,House / apartment,-17642,-11044,1,0,0,0,High skill tech staff,2
7560003,F,N,Y,3,112500,Working,Secondary / secondary special,Civil marriage,House / apartment,-13737,-478,1,0,0,0,,5
7041354,M,Y,N,0,225000,Working,Secondary / secondary special,Married,House / apartment,-10102,-551,1,0,0,0,Laborers,2
7297109,M,Y,N,0,67500,Working,Secondary / secondary special,Married,House / apartment,-22407,-2174,1,0,0,0,Laborers,2
7786483,M,N,Y,0,252000,Working,Secondary / secondary special,Married,House / apartment,-19436,-6148,1,0,0,0,Laborers,2
7744929,F,N,Y,1,90000,Working,Secondary / secondary special,Married,House / apartment,-9727,-1828,1,0,0,0,Private service staff,3
7465435,M,Y,N,0,225000,Working,Secondary / secondary special,Single / not married,With parents,-8774,-375,1,0,0,0,Laborers,1
7124031,F,N,Y,0,315000,Working,Higher education,Widow,House / apartment,-18362,-7086,1,1,1,0,Accountants,1
7047672,F,N,N,1,180000,State servant,Higher education,Married,House / apartment,-14069,-2500,1,1,1,1,Core staff,3
7149699,M,N,Y,0,171000,Working,Incomplete higher,Single / not married,House / apartment,-10145,-107,1,0,0,0,Laborers,1
7949419,F,N,Y,0,225000,Commercial associate,Secondary / secondary special,Married,House / apartment,-14325,-2939,1,1,0,0,Laborers,2
7148831,F,N,Y,1,225000,Working,Secondary / secondary special,Married,House / apartment,-14357,-3120,1,1,1,0,Sales staff,3
7625209,M,N,N,0,193500,Working,Secondary / secondary special,Married,House / apartment,-9440,-1670,1,1,0,0,Laborers,2
7032209,F,N,N,0,90000,Working,Higher education,Civil marriage,House / apartment,-12817,-6242,1,0,1,0,Laborers,2
7669504,F,N,Y,1,90000,Working,Higher education,Married,House / apartment,-16081,-1912,1,0,1,0,Core staff,3
7692036,M,Y,Y,2,180000,Working,Secondary / secondary special,Married,House / apartment,-17027,-6333,1,0,1,0,High skill tech staff,4
7693034,M,Y,N,2,540000,Commercial associate,Higher education,Married,House / apartment,-15859,-733,1,0,0,1,Managers,4
7065343,F,N,Y,0,157500,Pensioner,Secondary / secondary special,Separated,House / apartment,-21899,365243,1,0,0,0,,1
7971242,F,Y,Y,1,270000,Commercial associate,Secondary / secondary special,Separated,House / apartment,-14616,-3930,1,1,0,1,Private service staff,2
7938980,M,Y,N,2,225000,Commercial associate,Secondary / secondary special,Married,With parents,-10913,-116,1,0,0,0,,4
7736976,F,Y,Y,1,99000,Working,Secondary / secondary special,Married,House / apartment,-12492,-927,1,1,0,0,Accountants,3
7471420,F,N,Y,0,108000,Pensioner,Secondary / secondary special,Widow,Municipal apartment,-22633,365243,1,0,0,0,,1
7436361,F,Y,Y,0,382500,Commercial associate,Secondary / secondary special,Married,House / apartment,-16702,-5750,1,0,0,0,Managers,2
7169211,F,N,Y,0,67500,Commercial associate,Secondary / secondary special,Married,House / apartment,-16910,-579,1,0,0,0,Sales staff,2
7806357,F,Y,N,0,162000,Commercial associate,Secondary / secondary special,Married,House / apartment,-18247,-1161,1,1,0,0,Sales staff,2
7570994,F,N,N,0,315000,State servant,Secondary / secondary special,Separated,House / apartment,-22157,-490,1,0,0,0,Managers,1
7120086,M,Y,N,0,135000,Pensioner,Higher education,Married,House / apartment,-22217,365243,1,0,0,0,,2
7883417,M,Y,Y,0,171000,Pensioner,Secondary / secondary special,Married,House / apartment,-21045,365243,1,0,0,0,,2
7824532,M,N,Y,1,225000,Working,Higher education,Separated,House / apartment,-12183,-3854,1,0,0,1,,2
7798657,M,Y,Y,0,157500,Working,Higher education,Married,House / apartment,-17226,-1286,1,0,1,0,Drivers,2
7403039,M,Y,Y,1,270000,Working,Secondary / secondary special,Married,House / apartment,-15136,-947,1,1,1,0,Managers,3
7053886,F,N,Y,0,90000,State servant,Secondary / secondary special,Separated,House / apartment,-14271,-302,1,0,0,0,,1
7154901,F,Y,N,0,157500,Working,Secondary / secondary special,Married,House / apartment,-21457,-9326,1,1,0,0,Medicine staff,2
7931499,F,N,Y,0,270000,State servant,Secondary / secondary special,Separated,House / apartment,-19247,-1675,1,0,0,0,,1
7291299,F,N,Y,0,72000,Pensioner,Secondary / secondary special,Widow,House / apartment,-21901,365243,1,0,1,0,,1
7790171,M,N,Y,2,180000,Working,Secondary / secondary special,Married,House / apartment,-20228,-2417,1,0,0,0,Laborers,4
7737503,M,Y,Y,0,135000,Working,Secondary / secondary special,Married,House / apartment,-9224,-166,1,0,0,0,High skill tech staff,2
7564840,F,Y,Y,0,162000,Pensioner,Secondary / secondary special,Civil marriage,House / apartment,-22360,365243,1,0,1,0,,2
7761824,M,Y,N,0,607500,Commercial associate,Secondary / secondary special,Married,House / apartment,-22491,-4685,1,0,0,0,Laborers,2
7384622,M,Y,Y,1,180000,Commercial associate,Secondary / secondary special,Married,House / apartment,-14790,-2863,1,0,1,0,,3
7109201,F,N,Y,0,315000,Pensioner,Secondary / secondary special,Single / not married,House / apartment,-22476,365243,1,0,0,0,,1
7177964,F,N,Y,0,247500,Working,Secondary / secondary special,Married,House / apartment,-21382,-2731,1,0,0,0,Accountants,2
7222920,F,Y,Y,2,292500,Commercial associate,Higher education,Separated,House / apartment,-13209,-1686,1,0,0,0,Core staff,3
7712985,F,N,Y,1,112500,Commercial associate,Secondary / secondary special,Married,House / apartment,-13506,-2805,1,1,1,0,Sales staff,3
7409220,F,N,Y,0,135000,Pensioner,Higher education,Married,House / apartment,-23055,365243,1,0,1,0,,2
7678664,M,N,Y,0,270000,Working,Incomplete higher,Single / not married,House / apartment,-11511,-215,1,0,1,0,Managers,1
7336305,F,Y,Y,2,225000,Working,Higher education,Civil marriage,House / apartment,-15126,-5567,1,0,1,0,Laborers,4
7543617,F,N,Y,0,202500,Working,Secondary / secondary special,Separated,House / apartment,-16871,-205,1,0,0,0,Sales staff,1
7428639,M,N,N,2,135000,Commercial associate,Secondary / secondary special,Married,House / apartment,-13936,-4442,1,0,0,0,,4
7564532,F,N,Y,0,135000,Working,Secondary / secondary special,Married,House / apartment,-22950,-5422,1,1,1,0,Laborers,2
7952150,F,N,Y,3,157500,Working,Higher education,Married,House / apartment,-12665,-2216,1,0,1,0,Core staff,5
7134782,F,N,Y,0,225000,Pensioner,Secondary / secondary special,Widow,House / apartment,-23586,365243,1,0,0,0,,1
7141245,F,N,Y,0,382500,Commercial associate,Incomplete higher,Married,House / apartment,-10442,-864,1,0,1,1,Core staff,2
7737744,M,N,Y,0,189000,Working,Secondary / secondary special,Married,House / apartment,-16025,-2115,1,0,0,1,Drivers,2
7919190,F,N,Y,0,225000,Pensioner,Secondary / secondary special,Widow,House / apartment,-22732,365243,1,0,0,1,,1
7213116,M,N,N,0,90000,Working,Secondary / secondary special,Single / not married,House / apartment,-9463,-991,1,1,1,0,Drivers,1
7548561,F,N,Y,1,279000,Working,Higher education,Married,House / apartment,-9093,-221,1,0,0,1,,3
7317314,F,N,N,1,90000,Working,Higher education,Separated,With parents,-16099,-392,1,0,1,0,,2
7800309,M,Y,Y,0,247500,Working,Secondary / secondary special,Married,House / apartment,-16081,-1917,1,0,0,0,Drivers,2
7235981,M,Y,Y,0,166500,Working,Secondary / secondary special,Married,House / apartment,-16195,-2775,1,1,0,1,Laborers,2
7063609,F,N,N,1,180000,Working,Secondary / secondary special,Civil marriage,House / apartment,-11588,-1097,1,0,1,0,,3
7996544,M,Y,Y,0,225000,Commercial associate,Secondary / secondary special,Married,House / apartment,-17564,-1524,1,1,1,1,Drivers,2
7835628,M,Y,Y,0,135000,Commercial associate,Secondary / secondary special,Married,House / apartment,-15088,-1714,1,0,0,0,,2
7736320,M,Y,N,1,157500,Working,Secondary / secondary special,Married,House / apartment,-14564,-3100,1,0,0,0,Security staff,3
7114473,M,Y,Y,1,495000,Working,Higher education,Married,House / apartment,-16812,-71,1,0,1,1,Managers,3
7060957,F,N,N,2,112500,State servant,Higher education,Married,House / apartment,-10803,-1229,1,0,0,0,Core staff,4
7138173,F,Y,N,0,270000,Commercial associate,Secondary / secondary special,Married,Rented apartment,-12636,-3130,1,0,1,0,Private service staff,2
7278661,F,N,Y,0,85500,Pensioner,Higher education,Married,House / apartment,-23468,365243,1,0,1,0,,2
7907441,F,N,Y,0,157500,Working,Secondary / secondary special,Single / not married,House / apartment,-8534,-665,1,0,0,0,Medicine staff,1
7635897,M,N,N,0,112500,Working,Secondary / secondary special,Single / not married,With parents,-9029,-1428,1,0,0,0,,1
7336494,M,N,N,1,225000,Commercial associate,Secondary / secondary special,Married,House / apartment,-15042,-2058,1,1,1,0,Managers,3
7906715,F,N,N,0,90000,Pensioner,Secondary / secondary special,Separated,Co-op apartment,-20378,365243,1,0,0,0,,1
7934341,F,N,Y,0,247500,Working,Higher education,Married,House / apartment,-21043,-856,1,0,0,0,High skill tech staff,2
7905298,M,Y,Y,0,225000,Working,Incomplete higher,Married,House / apartment,-12416,-475,1,0,0,1,High skill tech staff,2
7372190,M,Y,N,0,225000,Working,Secondary / secondary special,Civil marriage,House / apartment,-9720,-1752,1,0,1,0,Laborers,2
7363308,F,Y,Y,0,135000,Working,Higher education,Single / not married,House / apartment,-9499,-1154,1,0,0,1,HR staff,1
7502121,F,Y,N,0,540000,Working,Higher education,Married,House / apartment,-18790,-3324,1,1,1,0,Core staff,2
7825298,F,N,N,0,81000,Pensioner,Secondary / secondary special,Married,House / apartment,-23097,365243,1,0,0,0,,2
7836902,F,N,Y,0,315000,Pensioner,Secondary / secondary special,Separated,House / apartment,-21976,365243,1,0,0,0,,1
7095145,F,N,Y,2,157500,Working,Secondary / secondary special,Single / not married,House / apartment,-14197,-3350,1,1,1,0,High skill tech staff,3
7713015,M,Y,Y,1,405000,Working,Secondary / secondary special,Married,House / apartment,-16366,-2744,1,0,0,0,Drivers,3
7761978,F,N,N,0,360000,Commercial associate,Secondary / secondary special,Married,House / apartment,-16504,-1155,1,0,0,0,Managers,2
7583486,F,N,Y,0,135000,Pensioner,Secondary / secondary special,Widow,Municipal apartment,-22834,365243,1,0,0,0,,1
7242294,F,Y,Y,0,180000,Commercial associate,Secondary / secondary special,Civil marriage,House / apartment,-16063,-5954,1,0,0,0,Laborers,2
7211163,F,N,N,0,202500,Commercial associate,Secondary / secondary special,Separated,House / apartment,-15298,-1698,1,1,1,0,Sales staff,1
7876544,F,N,Y,0,288000,Commercial associate,Secondary / secondary special,Single / not married,House / apartment,-15372,-1698,1,0,1,0,,1
7709812,F,N,Y,0,157500,Pensioner,Secondary / secondary special,Married,House / apartment,-21668,365243,1,0,0,0,,2
7185754,F,N,Y,0,114750,Working,Secondary / secondary special,Married,House / apartment,-16388,-542,1,1,0,0,Cleaning staff,2
7050848,F,N,N,0,90000,Working,Secondary / secondary special,Separated,House / apartment,-15300,-4700,1,1,1,1,Laborers,1
7620935,F,Y,Y,0,270000,Working,Secondary / secondary special,Married,House / apartment,-20914,-151,1,0,0,0,Core staff,2
7744377,F,N,Y,0,171000,Working,Secondary / secondary special,Separated,House / apartment,-21940,-3615,1,0,0,0,Medicine staff,1
7513649,F,Y,N,3,135000,State servant,Higher education,Married,House / apartment,-11374,-2652,1,0,0,0,Core staff,5
7121679,F,N,N,0,117000,Working,Secondary / secondary special,Married,House / apartment,-11607,-438,1,1,0,0,Laborers,2
7543607,F,N,Y,1,82624.5,Working,Higher education,Married,With parents,-8785,-267,1,1,0,0,,3
7611936,F,Y,Y,0,337500,Pensioner,Secondary / secondary special,Single / not married,House / apartment,-21383,365243,1,0,0,0,,1
7825722,F,N,Y,1,112500,Commercial associate,Secondary / secondary special,Married,House / apartment,-14551,-3805,1,0,0,0,Sales staff,3
7163434,M,Y,Y,0,247500,Working,Secondary / secondary special,Single / not married,House / apartment,-16963,-3049,1,0,0,0,Drivers,1
7398314,F,N,Y,1,157500,Working,Secondary / secondary special,Married,House / apartment,-10507,-780,1,0,0,0,Sales staff,3
7851958,F,N,N,0,243000,Working,Higher education,Married,With parents,-10818,-2611,1,1,1,0,Sales staff,2
7692336,F,Y,N,1,157500,Working,Higher education,Separated,House / apartment,-13239,-1571,1,1,0,0,Managers,2
7584636,F,N,N,0,157500,Commercial associate,Secondary / secondary special,Married,Municipal apartment,-19808,-2282,1,1,0,0,Sales staff,2
7033262,F,N,N,1,135000,Working,Secondary / secondary special,Married,House / apartment,-13964,-599,1,1,1,0,Laborers,3
7742451,M,Y,Y,0,337500,Commercial associate,Higher education,Married,House / apartment,-19827,-1200,1,1,1,0,Laborers,2
7542354,M,Y,Y,0,135000,Working,Secondary / secondary special,Married,House / apartment,-19792,-3244,1,0,0,0,Laborers,2
7320151,F,N,Y,1,81000,Working,Secondary / secondary special,Married,House / apartment,-13631,-1367,1,0,0,0,Sales staff,3
7513565,M,N,N,0,135000,Working,Secondary / secondary special,Separated,With parents,-12532,-1572,1,1,0,0,Cleaning staff,1
7761706,M,Y,N,0,126000,Working,Secondary / secondary special,Single / not married,House / apartment,-10640,-302,1,1,1,0,Drivers,1
7038786,M,Y,Y,0,157500,Commercial associate,Higher education,Civil marriage,House / apartment,-13543,-1326,1,0,0,0,Drivers,2
7890602,F,N,Y,0,180000,Pensioner,Secondary / secondary special,Single / not married,House / apartment,-20107,365243,1,0,1,0,,1
7189770,F,N,Y,0,202500,Pensioner,Secondary / secondary special,Married,House / apartment,-20513,365243,1,0,1,0,,2
7203273,F,Y,Y,4,90000,Working,Secondary / secondary special,Married,House / apartment,-13691,-3000,1,0,0,0,Laborers,6
7243040,F,N,Y,0,135000,Commercial associate,Secondary / secondary special,Married,House / apartment,-11960,-2884,1,1,0,0,Core staff,2
7540140,M,Y,Y,0,202500,Working,Secondary / secondary special,Single / not married,House / apartment,-8596,-815,1,0,0,0,Laborers,1
7469382,F,N,Y,0,157500,State servant,Higher education,Married,Co-op apartment,-19020,-5286,1,0,1,0,,2
7073794,F,N,Y,0,135000,Pensioner,Secondary / secondary special,Married,House / apartment,-18214,365243,1,0,0,0,,2
7550669,F,N,Y,0,135000,Working,Secondary / secondary special,Married,House / apartment,-19617,-2457,1,1,1,0,HR staff,2
7143101,F,N,N,0,112500,Working,Secondary / secondary special,Married,House / apartment,-9865,-196,1,1,0,0,Laborers,2
7500309,F,N,Y,0,135000,Working,Secondary / secondary special,Married,House / apartment,-12739,-1478,1,0,0,0,Core staff,2
7833084,F,N,Y,0,157500,Pensioner,Secondary / secondary special,Widow,House / apartment,-19713,365243,1,0,0,0,,1
7877310,M,Y,Y,0,337500,Commercial associate,Secondary / secondary special,Married,House / apartment,-17354,-1158,1,0,0,0,Drivers,2
7234939,F,N,Y,1,157500,State servant,Secondary / secondary special,Single / not married,House / apartment,-18608,-2789,1,0,0,0,Core staff,2
7213083,F,N,Y,0,202500,Commercial associate,Higher education,Married,House / apartment,-9623,-1751,1,0,1,0,Managers,2
7272926,F,N,Y,0,54000,Working,Secondary / secondary special,Married,House / apartment,-18659,-6933,1,0,0,1,Medicine staff,2
7739509,M,Y,N,0,180000,Working,Secondary / secondary special,Separated,House / apartment,-15967,-2869,1,1,0,0,Drivers,1
7591443,M,Y,N,0,153000,Pensioner,Higher education,Single / not married,House / apartment,-22596,365243,1,0,0,0,,1
7183078,F,Y,Y,0,225000,State servant,Higher education,Married,House / apartment,-11795,-1085,1,0,0,0,Managers,2
7783617,F,N,Y,0,126000,Working,Secondary / secondary special,Married,Office apartment,-22003,-121,1,1,0,0,,2
7795337,M,Y,N,1,225000,Working,Secondary / secondary special,Married,House / apartment,-14342,-127,1,0,0,0,Drivers,3
7141056,F,N,Y,0,112500,Commercial associate,Secondary / secondary special,Married,House / apartment,-18021,-5796,1,0,0,0,Managers,2
7143790,F,N,N,0,112500,Pensioner,Secondary / secondary special,Civil marriage,House / apartment,-20429,365243,1,0,1,0,,2
7014031,F,N,N,1,180000,Working,Secondary / secondary special,Civil marriage,Rented apartment,-10217,-1104,1,0,0,0,Laborers,3
7544669,M,Y,Y,2,675000,Working,Higher education,Married,House / apartment,-16619,-1523,1,0,0,0,,4
7196543,F,N,Y,2,238500,Commercial associate,Secondary / secondary special,Married,House / apartment,-11029,-3975,1,0,0,1,Sales staff,4
7234304,F,N,N,0,117000,Working,Secondary / secondary special,Married,House / apartment,-18365,-138,1,1,1,0,Sales staff,2
7689906,M,Y,N,1,202500,Working,Secondary / secondary special,Married,Municipal apartment,-12043,-642,1,1,1,0,Drivers,3
7363565,M,Y,Y,0,90000,Working,Secondary / secondary special,Married,House / apartment,-18285,-10833,1,1,1,0,Managers,2
7669659,M,Y,N,0,108000,Pensioner,Secondary / secondary special,Married,House / apartment,-21732,365243,1,0,1,0,,2
7109339,F,N,Y,1,157500,Commercial associate,Secondary / secondary special,Civil marriage,House / apartment,-13951,-970,1,0,1,0,Sales staff,3
7207547,M,N,N,0,135000,Working,Secondary / secondary special,Single / not married,With parents,-8453,-574,1,0,0,0,Laborers,1
7221623,F,Y,Y,0,135000,Pensioner,Secondary / secondary special,Married,House / apartment,-19413,365243,1,0,0,0,,2
7108078,F,N,N,0,90000,Working,Secondary / secondary special,Married,House / apartment,-17820,-6079,1,1,1,0,Medicine staff,2
7142185,M,Y,Y,2,450000,Commercial associate,Higher education,Married,House / apartment,-17841,-4305,1,1,1,0,Managers,4
7731888,F,N,Y,1,90000,Working,Secondary / secondary special,Civil marriage,House / apartment,-12456,-1764,1,0,0,0,Medicine staff,3
7820608,M,N,Y,0,112500,Working,Higher education,Married,House / apartment,-15061,-1886,1,0,0,0,,2
7196209,M,N,N,0,144000,Working,Higher education,Single / not married,House / apartment,-9710,-2149,1,1,1,0,Laborers,1
7743051,M,N,Y,0,157500,Working,Secondary / secondary special,Married,House / apartment,-11216,-1392,1,0,0,0,Drivers,2
7350025,F,Y,N,1,157500,Working,Secondary / secondary special,Married,House / apartment,-17411,-9249,1,0,0,0,Laborers,3
7867236,M,Y,N,0,270000,Commercial associate,Higher education,Married,Co-op apartment,-14969,-511,1,0,1,0,Drivers,2
7583906,F,Y,Y,0,270000,Working,Higher education,Married,House / apartment,-18651,-2593,1,0,1,0,,2
7492488,M,Y,Y,0,162000,Working,Higher education,Single / not married,House / apartment,-15550,-869,1,0,0,0,Laborers,1
7312382,M,Y,N,1,135000,Working,Secondary / secondary special,Married,Co-op apartment,-12025,-234,1,0,0,0,Laborers,3
7304277,M,N,Y,0,238500,Working,Secondary / secondary special,Married,House / apartment,-14990,-3565,1,0,0,0,,2
7054336,F,Y,N,0,225000,Working,Secondary / secondary special,Married,House / apartment,-20641,-1064,1,0,1,0,Sales staff,2
7155204,M,N,N,0,157500,Working,Secondary / secondary special,Single / not married,With parents,-10136,-1748,1,1,1,0,Laborers,1
7879576,F,N,Y,0,112500,Commercial associate,Secondary / secondary special,Civil marriage,House / apartment,-20461,-1236,1,0,0,0,High skill tech staff,2
7701980,F,Y,Y,0,292500,Working,Secondary / secondary special,Widow,House / apartment,-13661,-4816,1,0,1,0,Medicine staff,1
7568888,F,Y,Y,2,135000,Working,Higher education,Married,House / apartment,-13159,-5761,1,0,0,0,Core staff,4
7604385,F,N,Y,0,202500,Working,Secondary / secondary special,Married,House / apartment,-20116,-589,1,0,1,1,Cleaning staff,2
7053243,M,Y,Y,2,270000,Working,Secondary / secondary special,Civil marriage,House / apartment,-14477,-293,1,1,1,0,Drivers,4
7498278,F,N,Y,1,67500,Working,Higher education,Married,House / apartment,-14285,-420,1,1,0,0,,3
7392235,F,N,Y,0,184500,Working,Secondary / secondary special,Single / not married,House / apartment,-17680,-7291,1,0,0,0,,1
7981889,F,N,Y,0,153000,Working,Higher education,Married,House / apartment,-20208,-929,1,1,1,0,Managers,2
7448214,M,Y,Y,0,180000,Working,Secondary / secondary special,Single / not married,House / apartment,-9032,-1521,1,0,0,0,Laborers,1
7796389,F,N,Y,0,90000,Pensioner,Secondary / secondary special,Married,House / apartment,-18362,365243,1,0,1,0,,2
7605375,M,Y,N,0,441000,Working,Higher education,Married,House / apartment,-11149,-529,1,1,0,0,,2
7061824,F,N,Y,0,112500,Working,Incomplete higher,Single / not married,Rented apartment,-8347,-1598,1,0,0,0,Laborers,1
7994611,F,Y,Y,0,135000,Pensioner,Secondary / secondary special,Married,House / apartment,-20959,365243,1,0,0,0,,2
7096081,M,N,N,0,234000,Working,Secondary / secondary special,Married,House / apartment,-16148,-4541,1,1,0,0,Drivers,2
7007230,M,N,Y,0,202500,Working,Secondary / secondary special,Married,House / apartment,-14077,-4942,1,0,0,0,Low-skill Laborers,2
7075135,F,Y,Y,1,450000,Working,Secondary / secondary special,Civil marriage,House / apartment,-13741,-2452,1,0,0,0,Laborers,3
7944473,M,Y,N,0,225000,Working,Secondary / secondary special,Married,House / apartment,-11861,-4085,1,0,1,0,Drivers,2
7737956,F,N,Y,0,112500,Pensioner,Secondary / secondary special,Single / not married,House / apartment,-22342,365243,1,0,0,0,,1
7508088,F,N,Y,0,177750,State servant,Secondary / secondary special,Single / not married,House / apartment,-19544,-364,1,0,0,1,Laborers,1
7166566,F,N,Y,0,103500,Pensioner,Secondary / secondary special,Married,House / apartment,-21788,365243,1,0,0,0,,2
7078430,F,N,Y,0,315000,Pensioner,Secondary / secondary special,Married,House / apartment,-23078,365243,1,0,0,0,,2
7702171,F,N,N,0,112500,Working,Secondary / secondary special,Married,Rented apartment,-17093,-1986,1,0,0,0,Laborers,2
7060547,F,N,N,0,202500,Pensioner,Secondary / secondary special,Married,House / apartment,-22618,365243,1,0,0,0,,2
7525238,M,Y,N,1,225000,Working,Secondary / secondary special,Married,House / apartment,-15762,-3231,1,0,0,0,Drivers,3
7093673,F,N,N,0,135000,Working,Secondary / secondary special,Married,House / apartment,-13734,-213,1,1,0,0,Secretaries,2
7888269,F,N,Y,0,306000,Commercial associate,Secondary / secondary special,Civil marriage,House / apartment,-17081,-187,1,0,0,0,Laborers,2
7510040,F,Y,Y,0,315000,Working,Higher education,Civil marriage,Municipal apartment,-10622,-788,1,0,0,0,Core staff,2
7618366,F,N,N,0,76500,Working,Secondary / secondary special,Single / not married,With parents,-10019,-1615,1,1,0,0,Sales staff,1
7197458,M,Y,Y,0,171000,Working,Secondary / secondary special,Married,House / apartment,-18168,-5499,1,0,0,0,Drivers,2
7206931,M,Y,Y,0,135000,Working,Higher education,Single / not married,With parents,-12527,-939,1,1,1,0,,1
7577964,M,N,Y,4,157500,Working,Higher education,Married,House / apartment,-15099,-926,1,0,0,0,,6
7100577,F,N,Y,0,157500,Commercial associate,Secondary / secondary special,Separated,House / apartment,-18566,-1230,1,0,0,0,Sales staff,1
7438434,F,N,N,0,157500,Working,Secondary / secondary special,Separated,With parents,-12722,-1577,1,1,1,0,Sales staff,1
7063638,M,Y,Y,2,180000,Commercial associate,Secondary / secondary special,Married,House / apartment,-17267,-1434,1,0,0,0,Drivers,4
7975249,F,N,Y,0,180000,Commercial associate,Secondary / secondary special,Married,House / apartment,-19756,-1052,1,0,0,0,High skill tech staff,2
7263100,F,N,N,0,144000,Pensioner,Secondary / secondary special,Married,House / apartment,-22592,365243,1,0,0,0,,2
7028498,F,N,N,0,112500,Working,Secondary / secondary special,Separated,House / apartment,-14348,-1603,1,0,0,0,Sales staff,1
7405180,M,N,Y,0,112500,Working,Secondary / secondary special,Civil marriage,House / apartment,-12800,-1183,1,0,0,0,Laborers,2
7206943,F,Y,Y,1,135000,Working,Secondary / secondary special,Civil marriage,House / apartment,-11762,-2308,1,0,0,0,Laborers,3
7177400,F,N,Y,0,216000,Working,Secondary / secondary special,Married,House / apartment,-18792,-2670,1,0,0,0,Sales staff,2
7736758,F,N,Y,0,405000,Pensioner,Higher education,Married,House / apartment,-22920,365243,1,0,1,1,,2
7993956,F,N,Y,2,405000,Commercial associate,Secondary / secondary special,Married,House / apartment,-10496,-996,1,0,0,0,Laborers,4
7537109,F,N,N,0,148500,Pensioner,Secondary / secondary special,Married,House / apartment,-21110,365243,1,0,1,0,,2
7407997,F,N,N,0,270000,Working,Lower secondary,Married,House / apartment,-11296,-4105,1,1,1,0,Laborers,2
7297097,F,Y,N,0,157500,Working,Higher education,Civil marriage,House / apartment,-10337,-651,1,0,0,0,Core staff,2
7073662,F,N,Y,1,315000,Working,Secondary / secondary special,Married,House / apartment,-20054,-1762,1,0,0,1,Accountants,3
7759531,F,N,Y,2,180000,Working,Higher education,Married,House / apartment,-13746,-1300,1,1,1,0,,4
7477261,M,Y,Y,2,315000,Working,Secondary / secondary special,Married,House / apartment,-12367,-430,1,0,0,0,Drivers,4
7436403,F,N,Y,0,103500,Working,Secondary / secondary special,Married,House / apartment,-19098,-1916,1,0,0,1,Sales staff,2
7987885,F,N,N,2,166500,Commercial associate,Secondary / secondary special,Widow,House / apartment,-12125,-930,1,1,0,0,Sales staff,3
7741305,F,N,Y,0,270000,Pensioner,Secondary / secondary special,Married,House / apartment,-21653,365243,1,0,0,0,,2
7211075,M,N,Y,0,112500,Pensioner,Higher education,Widow,House / apartment,-19876,365243,1,0,1,0,,1
7617824,F,N,Y,1,315000,Working,Secondary / secondary special,Married,House / apartment,-12980,-759,1,0,0,1,Realty agents,3
7995946,M,Y,N,0,175500,State servant,Higher education,Married,House / apartment,-12101,-2904,1,0,0,0,,2
7065160,F,N,Y,0,364500,Pensioner,Secondary / secondary special,Married,House / apartment,-22837,365243,1,0,0,0,,2
7312222,F,N,Y,1,225000,Working,Higher education,Separated,House / apartment,-18144,-10948,1,0,1,0,Medicine staff,2
7508179,M,N,Y,0,157500,Working,Secondary / secondary special,Married,House / apartment,-13001,-1033,1,0,0,0,Drivers,2
7466933,F,Y,Y,0,180000,Working,Higher education,Civil marriage,House / apartment,-13012,-1646,1,0,0,0,HR staff,2
7659012,F,N,N,1,157500,Commercial associate,Secondary / secondary special,Married,House / apartment,-12341,-3225,1,0,0,0,Core staff,3
7354550,M,N,Y,0,112500,Working,Secondary / secondary special,Single / not married,House / apartment,-16914,-1654,1,1,1,0,Drivers,1
7741852,M,Y,Y,1,540000,Working,Higher education,Married,House / apartment,-15316,-4605,1,1,1,0,Waiters/barmen staff,3
7050365,F,Y,Y,2,157500,Working,Incomplete higher,Married,House / apartment,-12323,-1882,1,0,0,0,Private service staff,4
7609570,F,N,Y,1,211500,Commercial associate,Higher education,Married,House / apartment,-13858,-431,1,0,0,0,High skill tech staff,3
7189488,M,Y,Y,5,112500,Working,Higher education,Married,House / apartment,-12846,-3532,1,0,0,0,Security staff,7
7095218,F,N,N,4,67500,Working,Secondary / secondary special,Married,House / apartment,-13297,-5877,1,0,1,0,,6
7864341,M,N,N,0,135000,Commercial associate,Secondary / secondary special,Married,House / apartment,-17569,-4684,1,1,1,0,Laborers,2
7524929,M,Y,Y,1,202500,Commercial associate,Incomplete higher,Married,House / apartment,-13202,-4327,1,0,0,0,,3
7736401,F,N,N,0,90000,Pensioner,Secondary / secondary special,Married,House / apartment,-21900,365243,1,0,0,0,,2
7510662,M,Y,Y,0,270000,Pensioner,Secondary / secondary special,Married,House / apartment,-23569,365243,1,0,0,0,,2
7877487,F,Y,Y,0,405000,State servant,Higher education,Separated,Municipal apartment,-17495,-2437,1,0,0,0,,1
7476515,M,N,Y,0,315000,State servant,Secondary / secondary special,Married,House / apartment,-20972,-179,1,0,1,0,Security staff,2
7839707,F,N,Y,0,67500,Working,Incomplete higher,Single / not married,House / apartment,-12121,-1674,1,1,1,0,Secretaries,1
7713181,F,N,Y,0,202500,Working,Higher education,Married,House / apartment,-10261,-3079,1,1,1,1,,2
7290438,F,N,Y,0,126000,Working,Secondary / secondary special,Married,House / apartment,-20074,-1693,1,1,1,0,Core staff,2
7590995,F,N,Y,0,90000,Pensioner,Secondary / secondary special,Married,House / apartment,-21406,365243,1,0,0,0,,2
7111273,F,N,N,0,126000,Working,Secondary / secondary special,Married,House / apartment,-12804,-1798,1,1,0,0,Sales staff,2
7135195,M,N,Y,1,585000,Commercial associate,Higher education,Married,House / apartment,-15246,-3644,1,0,1,0,Managers,3
7105162,M,N,Y,2,450000,Commercial associate,Higher education,Married,House / apartment,-12238,-2187,1,1,1,0,Managers,4
7429135,M,Y,Y,0,112500,Commercial associate,Secondary / secondary special,Married,House / apartment,-20065,-1579,1,1,1,0,Security staff,2
7987918,M,N,N,0,675000,Commercial associate,Higher education,Married,With parents,-15892,-1845,1,0,1,0,,2
7519877,F,N,Y,0,360000,Pensioner,Secondary / secondary special,Civil marriage,House / apartment,-20248,365243,1,0,1,0,,2
7067638,F,N,Y,0,157500,Pensioner,Secondary / secondary special,Single / not married,House / apartment,-22922,365243,1,0,1,0,,1
7653189,F,Y,Y,1,157500,Working,Secondary / secondary special,Married,House / apartment,-17036,-87,1,0,0,0,Laborers,3
7763360,F,N,Y,0,405000,Working,Higher education,Married,House / apartment,-21477,-5107,1,1,1,0,Core staff,2
7389034,M,Y,N,0,180000,Commercial associate,Secondary / secondary special,Married,House / apartment,-14219,-3989,1,0,1,0,Laborers,2
7605294,M,Y,N,0,225000,State servant,Secondary / secondary special,Married,House / apartment,-12503,-2539,1,1,1,0,Drivers,2
7209961,M,N,Y,2,112500,Commercial associate,Secondary / secondary special,Married,House / apartment,-12715,-1085,1,0,0,0,Laborers,4
7797578,F,N,Y,0,135000,Working,Secondary / secondary special,Married,House / apartment,-16324,-1722,1,0,0,0,Laborers,2
7853838,M,Y,Y,1,247500,Working,Secondary / secondary special,Married,House / apartment,-13441,-110,1,0,0,0,Cleaning staff,3
7088130,F,N,N,0,157500,Pensioner,Secondary / secondary special,Separated,House / apartment,-22976,365243,1,0,0,0,,1
7797973,M,N,Y,0,135000,Working,Secondary / secondary special,Separated,House / apartment,-17496,-3425,1,0,0,0,Laborers,1
7743239,F,N,Y,0,144000,Pensioner,Secondary / secondary special,Married,House / apartment,-21237,365243,1,0,0,0,,2
7542330,F,Y,Y,2,157500,Working,Secondary / secondary special,Married,House / apartment,-14916,-3353,1,0,0,0,Security staff,4
7805667,F,Y,Y,0,153000,Commercial associate,Higher education,Single / not married,House / apartment,-18405,-451,1,0,0,0,,1
7241764,F,Y,Y,2,216000,Commercial associate,Secondary / secondary special,Married,House / apartment,-13071,-3001,1,0,0,0,Sales staff,4
7337039,F,N,N,1,112500,Commercial associate,Secondary / secondary special,Separated,Municipal apartment,-17254,-10153,1,0,0,0,Laborers,2
7641421,F,Y,Y,0,180000,Pensioner,Secondary / secondary special,Married,House / apartment,-20676,365243,1,0,0,0,,2
7089159,F,N,N,0,112500,Pensioner,Higher education,Single / not married,House / apartment,-22254,365243,1,0,1,0,,1
7239162,F,N,Y,0,157500,State servant,Higher education,Single / not married,House / apartment,-9935,-1262,1,0,0,0,Accountants,1
7069184,F,N,Y,1,185400,Working,Higher education,Married,House / apartment,-14817,-413,1,0,0,1,Core staff,3
7391677,F,N,N,0,58500,Working,Secondary / secondary special,Married,House / apartment,-19026,-8995,1,1,1,0,High skill tech staff,2
7944921,F,N,Y,0,211500,Pensioner,Secondary / secondary special,Widow,House / apartment,-13547,365243,1,0,1,0,,1
7345119,F,N,Y,0,157500,State servant,Incomplete higher,Married,House / apartment,-10218,-940,1,0,1,0,Secretaries,2
7221210,F,N,N,0,67500,Commercial associate,Secondary / secondary special,Married,House / apartment,-14786,-942,1,0,0,0,Sales staff,2
7537143,M,Y,N,2,180000,Working,Secondary / secondary special,Married,House / apartment,-13362,-1177,1,0,0,0,Drivers,4
7241680,F,N,Y,0,72000,Pensioner,Higher education,Married,House / apartment,-22438,365243,1,0,1,0,,2
7929725,F,N,N,1,135000,Commercial associate,Secondary / secondary special,Married,House / apartment,-14846,-2818,1,1,1,0,Sales staff,3
7166254,M,N,Y,1,225000,Commercial associate,Secondary / secondary special,Married,House / apartment,-15779,-2822,1,0,0,0,Waiters/barmen staff,3
7608179,F,N,Y,0,76500,Pensioner,Higher education,Married,House / apartment,-22337,365243,1,0,0,0,,2
7262857,F,Y,N,0,346500,Commercial associate,Secondary / secondary special,Married,House / apartment,-19576,-9640,1,1,1,1,Accountants,2
7079935,F,Y,Y,1,112500,Working,Higher education,Married,House / apartment,-14178,-78,1,1,1,0,Accountants,3
7189087,F,Y,N,0,202500,State servant,Secondary / secondary special,Married,House / apartment,-17746,-7388,1,0,0,0,Core staff,2
7032702,F,N,N,0,306000,Commercial associate,Higher education,Single / not married,House / apartment,-18613,-4508,1,0,0,0,,1
7872031,F,N,N,1,90000,Working,Secondary / secondary special,Married,House / apartment,-16133,-8373,1,1,1,0,Medicine staff,3
7711239,M,N,Y,0,180000,Commercial associate,Secondary / secondary special,Single / not married,House / apartment,-10020,-2490,1,0,0,0,Laborers,1
7397512,F,N,Y,2,67500,Working,Secondary / secondary special,Married,House / apartment,-14483,-1876,1,1,1,0,Accountants,4
7784891,F,N,Y,2,67500,Working,Secondary / secondary special,Married,House / apartment,-14678,-5028,1,1,1,0,Laborers,4
7141287,F,N,Y,0,315000,Working,Secondary / secondary special,Married,House / apartment,-15657,-1108,1,1,1,0,Sales staff,2
7568872,F,N,Y,3,90000,Working,Secondary / secondary special,Married,Office apartment,-11805,-616,1,1,0,0,Laborers,5
7231811,F,N,N,0,135000,Working,Secondary / secondary special,Married,House / apartment,-16435,-434,1,1,1,0,Core staff,2
7405207,F,N,N,2,112500,Working,Secondary / secondary special,Civil marriage,House / apartment,-11293,-1153,1,0,1,0,Sales staff,4
7223251,M,Y,N,0,225000,Commercial associate,Higher education,Married,House / apartment,-11109,-2714,1,0,0,0,,2
7706736,F,N,Y,0,90000,Pensioner,Secondary / secondary special,Married,House / apartment,-21657,365243,1,0,0,0,,2
7781736,F,Y,Y,0,202500,Working,Secondary / secondary special,Married,House / apartment,-11846,-319,1,0,0,0,Sales staff,2
7800412,M,Y,Y,0,427500,Commercial associate,Secondary / secondary special,Married,House / apartment,-13159,-4808,1,1,1,0,Laborers,2
7354397,F,N,Y,0,135000,Working,Secondary / secondary special,Married,House / apartment,-20067,-3257,1,0,0,0,Drivers,2
7742881,F,N,Y,0,360000,Working,Higher education,Married,House / apartment,-17939,-2875,1,1,1,0,Managers,2
7384249,F,N,Y,0,135000,Commercial associate,Secondary / secondary special,Single / not married,House / apartment,-17485,-5329,1,0,0,0,Sales staff,1
7108097,F,N,N,1,135000,Working,Secondary / secondary special,Married,House / apartment,-12672,-781,1,0,0,0,Laborers,3
7679994,F,N,Y,0,135000,Pensioner,Lower secondary,Married,House / apartment,-23570,365243,1,0,1,0,,2
7576814,M,N,N,0,202500,Commercial associate,Incomplete higher,Married,House / apartment,-20737,-3588,1,1,0,0,Laborers,2
7743984,F,N,Y,0,360000,Pensioner,Higher education,Civil marriage,House / apartment,-22231,365243,1,0,1,0,,2
7448522,F,N,Y,0,167490,Commercial associate,Higher education,Married,House / apartment,-10770,-1522,1,1,0,0,HR staff,2
7231697,M,Y,Y,0,360000,Commercial associate,Secondary / secondary special,Married,House / apartment,-18698,-5153,1,1,1,0,High skill tech staff,2
7497836,M,Y,Y,0,270000,Commercial associate,Secondary / secondary special,Single / not married,House / apartment,-11032,-987,1,1,1,0,Core staff,1
7632725,F,Y,Y,3,225000,State servant,Higher education,Married,House / apartment,-15407,-6239,1,0,1,0,,5
7772344,F,Y,Y,0,270000,Working,Higher education,Married,House / apartment,-14991,-8125,1,1,1,0,High skill tech staff,2
7073438,F,N,Y,1,202500,Commercial associate,Secondary / secondary special,Married,House / apartment,-11817,-5049,1,0,0,0,Laborers,3
7854165,F,N,N,0,225000,Commercial associate,Higher education,Married,House / apartment,-9905,-1329,1,0,1,1,Sales staff,2
7651207,F,N,Y,0,67500,Working,Secondary / secondary special,Married,House / apartment,-19347,-5440,1,1,0,0,,2
7182978,F,N,Y,0,54000,Pensioner,Secondary / secondary special,Separated,House / apartment,-20179,365243,1,0,0,0,,1
7598999,M,Y,N,2,292500,Working,Secondary / secondary special,Married,House / apartment,-14023,-1127,1,1,1,0,Managers,4
7799095,M,N,Y,0,67500,Pensioner,Secondary / secondary special,Married,House / apartment,-21983,365243,1,0,0,0,,2
7105904,F,Y,N,0,112500,Working,Higher education,Married,With parents,-10475,-1792,1,1,1,0,Core staff,2
7372238,M,N,N,0,202500,Working,Secondary / secondary special,Married,House / apartment,-15443,-3093,1,0,0,0,Laborers,2
7630181,M,Y,N,1,270000,Working,Incomplete higher,Married,House / apartment,-12055,-446,1,0,0,0,Core staff,3
7709574,F,N,N,0,247500,Working,Secondary / secondary special,Married,House / apartment,-20519,-2481,1,0,1,0,Secretaries,2
7731581,M,N,N,0,121500,Working,Secondary / secondary special,Married,House / apartment,-13883,-2280,1,0,0,0,,2
7537388,F,N,N,2,67500,State servant,Higher education,Married,House / apartment,-12585,-296,1,0,0,0,Drivers,4
7242164,F,N,Y,0,135000,Working,Secondary / secondary special,Married,House / apartment,-17647,-1206,1,0,0,0,,2
7562410,F,Y,Y,1,225000,Working,Secondary / secondary special,Married,House / apartment,-14410,-2232,1,0,0,1,,3
7525501,M,N,Y,0,67500,Working,Secondary / secondary special,Married,House / apartment,-18453,-2288,1,0,0,0,Laborers,2
7738920,F,N,Y,0,180000,Working,Secondary / secondary special,Married,House / apartment,-18450,-4823,1,0,0,0,Medicine staff,2
7060367,F,N,N,0,112500,Pensioner,Secondary / secondary special,Widow,House / apartment,-24418,365243,1,0,0,0,,1
7604313,F,N,Y,0,202500,Commercial associate,Higher education,Married,House / apartment,-17635,-5642,1,0,1,0,Managers,2
7520953,F,N,Y,0,81000,Working,Secondary / secondary special,Single / not married,House / apartment,-17533,-3695,1,0,0,0,Core staff,1
7396126,F,N,N,0,405000,Working,Higher education,Separated,House / apartment,-15391,-881,1,0,0,0,,1
7519902,F,N,Y,0,157500,Pensioner,Secondary / secondary special,Widow,House / apartment,-21901,365243,1,0,1,0,,1
7539850,F,N,Y,0,157500,State servant,Secondary / secondary special,Married,With parents,-18196,-1821,1,0,0,0,Core staff,2
7132871,M,N,Y,0,315000,Working,Higher education,Married,House / apartment,-13324,-1655,1,0,0,0,Laborers,2
7253864,F,N,N,0,90000,Working,Secondary / secondary special,Widow,House / apartment,-19592,-1684,1,1,1,0,,1
7709312,F,N,N,0,108000,Working,Secondary / secondary special,Married,House / apartment,-23657,-2787,1,1,1,0,Laborers,2
7223735,M,Y,Y,0,405000,Commercial associate,Higher education,Married,House / apartment,-21596,-6810,1,0,1,0,Laborers,2
7571253,M,Y,Y,0,360000,Working,Higher education,Married,House / apartment,-11710,-367,1,0,0,0,Managers,2
7995507,F,N,Y,1,112500,Working,Secondary / secondary special,Separated,House / apartment,-17992,-9419,1,0,1,0,Laborers,2
7354733,M,N,Y,0,81000,Pensioner,Higher education,Married,House / apartment,-21848,365243,1,0,1,0,,2
7177568,F,Y,N,0,90000,State servant,Higher education,Married,House / apartment,-9551,-631,1,0,0,1,Core staff,2
7544930,M,N,Y,0,360000,Working,Secondary / secondary special,Married,House / apartment,-20107,-3229,1,0,0,0,Drivers,2
7283860,F,N,Y,0,202500,Working,Secondary / secondary special,Civil marriage,House / apartment,-20026,-8165,1,0,0,0,Laborers,2
7107561,M,N,Y,0,135000,Commercial associate,Secondary / secondary special,Married,House / apartment,-14281,-142,1,0,0,0,Laborers,2
7258730,F,N,N,0,369000,Commercial associate,Higher education,Married,House / apartment,-10171,-3235,1,0,0,0,,2
7068834,F,N,Y,0,180000,Commercial associate,Higher education,Married,House / apartment,-12765,-1090,1,0,0,0,Core staff,2
7742339,M,N,Y,0,360000,Working,Secondary / secondary special,Single / not married,House / apartment,-9927,-1667,1,0,0,0,Security staff,1
7820540,F,Y,Y,0,562500,Commercial associate,Secondary / secondary special,Married,House / apartment,-14945,-1764,1,0,1,0,Managers,2
7207918,F,N,N,2,180000,Working,Secondary / secondary special,Married,House / apartment,-12249,-2207,1,0,1,0,Medicine staff,4
7480475,F,N,Y,0,202500,Working,Secondary / secondary special,Married,House / apartment,-19619,-2391,1,0,0,0,,2
7873331,M,N,Y,1,121500,State servant,Secondary / secondary special,Married,House / apartment,-14367,-4311,1,0,0,0,Laborers,3
7680100,F,N,Y,1,211500,Working,Secondary / secondary special,Married,House / apartment,-12696,-1975,1,0,0,0,Accountants,3
7041286,F,N,Y,0,90000,Pensioner,Secondary / secondary special,Separated,House / apartment,-20451,365243,1,0,0,0,,1
7552307,F,N,Y,0,90000,Working,Secondary / secondary special,Separated,House / apartment,-17423,-1717,1,0,0,0,Sales staff,1
7670041,M,Y,Y,0,180000,Working,Secondary / secondary special,Married,House / apartment,-19213,-1134,1,0,0,0,Laborers,2
7872169,F,N,N,1,180000,Working,Secondary / secondary special,Married,House / apartment,-15938,-8342,1,1,0,0,Medicine staff,3
7603815,M,Y,N,0,405000,Working,Higher education,Married,House / apartment,-10560,-1285,1,0,0,0,High skill tech staff,2
7575097,F,N,Y,0,112500,Working,Secondary / secondary special,Single / not married,House / apartment,-13036,-788,1,0,0,1,Sales staff,1
7139547,F,N,Y,0,225000,Pensioner,Higher education,Married,House / apartment,-23602,365243,1,0,0,0,,2
7704601,F,N,N,0,72000,Pensioner,Secondary / secondary special,Married,House / apartment,-22527,365243,1,0,0,0,,2
7706706,M,N,Y,1,157500,Working,Secondary / secondary special,Married,House / apartment,-15008,-188,1,0,0,0,,3
7125271,M,N,N,1,360000,Working,Lower secondary,Married,House / apartment,-12615,-1048,1,0,0,1,Laborers,3
7408971,F,N,N,0,43200,Pensioner,Secondary / secondary special,Widow,House / apartment,-24820,365243,1,0,0,0,,1
7586838,M,N,Y,0,360000,Commercial associate,Higher education,Married,House / apartment,-11459,-436,1,0,1,1,High skill tech staff,2
7695487,F,N,Y,0,202500,Working,Secondary / secondary special,Separated,Rented apartment,-15497,-8606,1,0,1,0,Managers,1
7091308,F,N,Y,1,270000,Working,Secondary / secondary special,Civil marriage,Municipal apartment,-11186,-1753,1,0,0,0,Sales staff,3
7829803,F,N,Y,2,67500,Working,Secondary / secondary special,Married,House / apartment,-12951,-420,1,0,0,0,Sales staff,4
7085664,M,Y,Y,0,202500,Pensioner,Secondary / secondary special,Civil marriage,House / apartment,-21064,365243,1,0,0,0,,2
7708348,F,Y,Y,1,135000,Commercial associate,Higher education,Married,House / apartment,-13133,-2117,1,0,0,1,Managers,3
7296371,M,Y,N,1,166500,Working,Secondary / secondary special,Married,House / apartment,-11081,-1268,1,0,0,0,Sales staff,3
7583319,F,N,N,0,47250,Pensioner,Secondary / secondary special,Married,House / apartment,-23815,365243,1,0,0,0,,2
7154601,F,N,N,0,112500,Pensioner,Secondary / secondary special,Married,House / apartment,-20343,365243,1,0,1,0,,2
7196730,F,N,Y,1,270000,Working,Secondary / secondary special,Civil marriage,House / apartment,-13171,-839,1,1,0,0,Managers,3
7934476,F,N,Y,0,153000,Working,Higher education,Separated,House / apartment,-20025,-2652,1,1,1,0,Core staff,1
7837283,F,Y,Y,0,135000,Commercial associate,Secondary / secondary special,Married,House / apartment,-13415,-1640,1,0,0,0,Realty agents,2
7689935,M,Y,N,0,202500,Working,Secondary / secondary special,Separated,House / apartment,-17601,-1707,1,1,0,0,Laborers,1
7144545,F,N,N,0,180000,Pensioner,Secondary / secondary special,Married,House / apartment,-20576,365243,1,0,0,0,,2
7204094,M,Y,N,1,135000,Working,Secondary / secondary special,Married,With parents,-14013,-4027,1,0,0,0,Laborers,3
7872909,F,Y,N,0,135000,Pensioner,Secondary / secondary special,Separated,House / apartment,-22559,365243,1,0,1,0,,1
7944460,M,Y,Y,2,225000,Working,Higher education,Civil marriage,House / apartment,-12897,-616,1,0,0,0,,4
7658117,F,N,Y,0,405000,Pensioner,Secondary / secondary special,Single / not married,House / apartment,-22595,365243,1,0,1,0,,1
7230265,M,Y,Y,0,108000,Working,Secondary / secondary special,Married,House / apartment,-17097,-1191,1,1,1,0,Laborers,2
7594358,F,N,Y,0,247500,Pensioner,Secondary / secondary special,Widow,House / apartment,-23387,365243,1,0,0,0,,1
7212519,M,Y,Y,0,112500,Working,Secondary / secondary special,Married,House / apartment,-13235,-3043,1,0,1,0,,2
7605635,F,N,N,0,108000,Working,Secondary / secondary special,Single / not married,House / apartment,-16622,-4761,1,0,0,0,,1
7730311,F,Y,N,0,76500,Pensioner,Secondary / secondary special,Married,House / apartment,-21166,365243,1,0,1,0,,2
7363438,F,N,Y,0,90000,Working,Secondary / secondary special,Separated,House / apartment,-14227,-179,1,1,1,0,Sales staff,1
7976150,M,N,N,0,234000,Commercial associate,Secondary / secondary special,Single / not married,With parents,-8947,-1539,1,1,0,0,,1
7091697,F,N,Y,0,301500,Working,Higher education,Married,House / apartment,-22378,-726,1,0,0,0,,2
7837422,F,Y,N,0,67500,Working,Secondary / secondary special,Married,With parents,-10285,-163,1,1,0,0,Sales staff,2
7772698,F,Y,N,1,216000,Working,Secondary / secondary special,Widow,House / apartment,-12947,-1825,1,0,1,0,Medicine staff,2
7190284,F,Y,Y,0,247500,Pensioner,Incomplete higher,Married,House / apartment,-23281,365243,1,0,0,0,,2
7519243,F,N,Y,0,180000,Working,Higher education,Civil marriage,House / apartment,-10240,-549,1,0,0,0,Core staff,2
7877540,F,Y,N,0,225000,Commercial associate,Higher education,Married,House / apartment,-15484,-2042,1,0,0,0,Managers,2
7465554,F,N,Y,0,351000,Pensioner,Higher education,Married,House / apartment,-17637,365243,1,0,0,0,,2
7252980,F,Y,Y,0,225000,State servant,Incomplete higher,Separated,House / apartment,-17273,-249,1,0,0,0,Managers,1
7839281,F,N,Y,0,202500,Working,Secondary / secondary special,Married,House / apartment,-18248,-1722,1,0,0,0,Cleaning staff,2
7789949,F,N,Y,3,135000,Commercial associate,Higher education,Married,House / apartment,-13450,-4121,1,0,0,0,Core staff,5
7247437,M,Y,N,1,292500,Working,Higher education,Married,House / apartment,-14372,-6132,1,0,0,1,Laborers,3
7538925,F,N,Y,0,135000,Working,Secondary / secondary special,Separated,House / apartment,-16488,-1704,1,1,0,0,,1
5008827,M,Y,Y,0,180000,Pensioner,Higher education,Married,House / apartment,-18772,365243,1,0,0,0,,2
5009480,F,N,N,0,180000,Commercial associate,Higher education,Married,House / apartment,-13241,-4451,1,0,1,0,,2
5009524,M,Y,N,1,112500,Working,Secondary / secondary special,Separated,Co-op apartment,-11998,-1135,1,1,0,0,Laborers,2
5009744,F,Y,N,0,315000,Commercial associate,Higher education,Married,House / apartment,-13557,-586,1,1,1,0,,2
5009749,F,Y,N,0,315000,Commercial associate,Higher education,Married,House / apartment,-13557,-586,1,1,1,0,,2
5009752,F,Y,N,0,315000,Commercial associate,Higher education,Married,House / apartment,-13557,-586,1,1,1,0,,2
5009753,F,Y,N,0,315000,Pensioner,Higher education,Married,House / apartment,-13557,-586,1,1,1,0,,2
5009754,F,Y,N,0,315000,Commercial associate,Higher education,Married,House / apartment,-13557,-586,1,1,1,0,,2
5009894,F,N,N,0,180000,Pensioner,Secondary / secondary special,Married,House / apartment,-22134,365243,1,0,0,0,,2
5010396,F,Y,Y,1,225000,Working,Higher education,Married,House / apartment,-14148,-1591,1,1,1,0,High skill tech staff,3
5010537,F,Y,N,2,135000,Working,Secondary / secondary special,Married,House / apartment,-13928,-3052,1,0,0,0,Laborers,4
5010538,F,Y,N,2,135000,Working,Secondary / secondary special,Married,House / apartment,-13928,-3052,1,0,0,0,Laborers,4
5010628,F,N,Y,0,180000,Working,Secondary / secondary special,Single / not married,House / apartment,-19421,-2017,1,0,0,0,,1
5010838,F,N,Y,0,180000,Pensioner,Secondary / secondary special,Single / not married,House / apartment,-21648,365243,1,0,1,0,,2
5010839,F,N,Y,0,180000,Pensioner,Secondary / secondary special,Married,House / apartment,-21648,365243,1,0,1,0,,2
5010868,M,Y,Y,1,450000,Pensioner,Secondary / secondary special,Married,House / apartment,-18173,-678,1,0,1,1,Core staff,3
5010869,M,Y,Y,1,450000,Commercial associate,Secondary / secondary special,Single / not married,House / apartment,-18173,-678,1,0,1,1,Core staff,1
5010894,M,Y,Y,0,112500,Working,Secondary / secondary special,Married,House / apartment,-22720,-860,1,0,1,1,Low-skill Laborers,2
5021303,M,N,N,1,472500,Pensioner,Higher education,Married,With parents,-8907,-913,1,0,0,1,,3
5021310,M,N,Y,0,270000,Working,Secondary / secondary special,Married,House / apartment,-16896,-248,1,0,0,0,Laborers,2
5021314,M,N,Y,0,270000,Working,Secondary / secondary special,Single / not married,House / apartment,-16896,-248,1,0,0,0,Laborers,2
5021376,F,N,Y,0,247500,Working,Higher education,Married,House / apartment,-22100,-578,1,0,0,1,Managers,2
5021403,F,N,Y,0,189000,Pensioner,Incomplete higher,Widow,House / apartment,-21845,365243,1,0,0,0,,1
5021960,F,Y,Y,0,76500,Working,Higher education,Married,House / apartment,-17743,-4205,1,0,0,0,,2
5021998,M,N,Y,0,90000,Pensioner,Secondary / secondary special,Married,House / apartment,-18863,-1644,1,0,0,1,,2
5022044,F,Y,N,1,225000,Commercial associate,Secondary / secondary special,Separated,House / apartment,-11714,-1740,1,0,0,1,Core staff,2
5022053,M,N,N,0,202500,Working,Higher education,Single / not married,House / apartment,-12811,-4327,1,0,0,0,,1
5022313,F,N,N,2,112500,Commercial associate,Secondary / secondary special,Married,House / apartment,-12595,-4900,1,0,1,0,High skill tech staff,4
5022426,F,N,Y,0,90000,Working,Secondary / secondary special,Civil marriage,House / apartment,-16569,-517,1,0,0,0,Laborers,2
5022427,F,N,Y,0,90000,Working,Secondary / secondary special,Civil marriage,House / apartment,-16569,-517,1,0,0,0,Laborers,2
5022428,F,N,Y,0,90000,Working,Secondary / secondary special,Civil marriage,House / apartment,-16569,-517,1,0,0,0,Laborers,2
5022697,M,Y,Y,0,315000,Working,Secondary / secondary special,Single / not married,House / apartment,-14064,-5326,1,0,0,0,Drivers,1
5023538,F,N,Y,0,202500,Working,Secondary / secondary special,Separated,House / apartment,-13920,-904,1,0,0,0,Core staff,1
5023641,M,Y,N,2,225000,Working,Secondary / secondary special,Married,House / apartment,-14776,-2212,1,0,0,0,Drivers,1
5023642,M,Y,N,2,225000,Working,Secondary / secondary special,Married,House / apartment,-14776,-2212,1,0,0,0,Drivers,4
5023738,F,N,Y,0,90000,Working,Secondary / secondary special,Single / not married,House / apartment,-18975,-751,1,1,1,0,Core staff,2
5023781,M,N,Y,0,157500,Commercial associate,Higher education,Civil marriage,House / apartment,-17800,-1086,1,0,0,0,Accountants,2
5023831,F,N,Y,2,112500,Commercial associate,Secondary / secondary special,Married,House / apartment,-12135,-925,1,0,0,0,Sales staff,4
5023963,M,N,Y,3,90000,Working,Secondary / secondary special,Married,House / apartment,-12681,-1677,1,0,0,0,Core staff,5
5024063,M,N,N,3,135000,Commercial associate,Secondary / secondary special,Married,House / apartment,-10980,-2893,1,0,0,0,Core staff,5
5024069,M,Y,Y,0,292500,Commercial associate,Secondary / secondary special,Single / not married,With parents,-9786,-2559,1,0,1,0,Laborers,2
5024071,F,N,Y,0,180000,Working,Higher education,Married,House / apartment,-15976,-854,1,0,0,0,Laborers,2
5024284,M,Y,Y,0,315000,Commercial associate,Secondary / secondary special,Married,House / apartment,-15509,-1189,1,1,1,0,Drivers,2
5024310,F,N,Y,0,216000,Pensioner,Secondary / secondary special,Widow,House / apartment,-20024,365243,1,0,0,0,,1
5024311,F,N,Y,0,216000,Pensioner,Secondary / secondary special,Widow,House / apartment,-20024,365243,1,0,0,0,,1
5024313,F,N,Y,0,216000,Pensioner,Secondary / secondary special,Widow,House / apartment,-20024,365243,1,0,0,0,,1
5024316,F,N,Y,0,216000,Pensioner,Secondary / secondary special,Widow,House / apartment,-20024,365243,1,0,0,0,,1
5024317,F,N,Y,0,216000,Pensioner,Secondary / secondary special,Widow,House / apartment,-20024,365243,1,0,0,0,,1
5024451,M,Y,Y,0,180000,Working,Secondary / secondary special,Married,House / apartment,-12604,-2620,1,1,1,0,Managers,2
5024907,F,Y,N,0,81000,Pensioner,Secondary / secondary special,Married,House / apartment,-21654,365243,1,0,0,0,,2
5024939,M,N,Y,0,225000,Commercial associate,Secondary / secondary special,Civil marriage,House / apartment,-12451,-1646,1,0,0,0,Sales staff,2
5025127,M,N,Y,0,292500,Working,Secondary / secondary special,Married,House / apartment,-11111,-3350,1,0,0,0,High skill tech staff,2
5028478,M,N,Y,0,148500,Working,Secondary / secondary special,Married,House / apartment,-8689,-1238,1,0,1,0,Laborers,2
5028580,M,N,N,0,540000,Commercial associate,Higher education,Married,House / apartment,-19996,-691,1,0,0,0,Managers,2
5028775,F,N,Y,0,247500,Pensioner,Secondary / secondary special,Married,House / apartment,-23267,365243,1,0,0,1,,2
5028776,F,N,Y,0,247500,Pensioner,Secondary / secondary special,Married,House / apartment,-23267,365243,1,0,0,0,,2
5029028,F,N,Y,0,90000,Working,Lower secondary,Single / not married,Rented apartment,-12026,-4770,1,0,0,0,Cleaning staff,2
5029311,F,N,Y,0,112500,Pensioner,Secondary / secondary special,Married,House / apartment,-21876,365243,1,0,1,1,,2
5029506,F,N,Y,0,292500,Pensioner,Secondary / secondary special,Civil marriage,House / apartment,-22720,365243,1,0,1,0,,2
5029565,F,Y,Y,0,202500,Working,Secondary / secondary special,Single / not married,House / apartment,-13354,-2727,1,0,0,0,Laborers,1
5029718,M,Y,Y,1,265500,Working,Higher education,Married,With parents,-10998,-2514,1,0,0,0,Accountants,3
5029719,F,Y,Y,1,265500,Working,Higher education,Married,With parents,-10998,-2514,1,0,0,0,Accountants,3
5032280,M,Y,Y,2,108000,State servant,Secondary / secondary special,Married,House / apartment,-12529,-918,1,1,0,0,,4
5033453,F,N,N,0,135000,Working,Higher education,Single / not married,House / apartment,-10749,-2394,1,0,0,0,Laborers,1
5033663,M,N,N,2,405000,Working,Secondary / secondary special,Married,Office apartment,-12575,-840,1,0,0,0,,4
5033749,F,N,Y,3,90000,Working,Secondary / secondary special,Married,House / apartment,-11854,-2917,1,1,1,0,Medicine staff,5
5033836,F,N,Y,1,112500,Working,Secondary / secondary special,Civil marriage,House / apartment,-14866,-6265,1,0,0,0,Laborers,3
5033916,M,N,Y,0,180000,Working,Secondary / secondary special,Married,House / apartment,-13015,-3647,1,0,0,0,,2
5034015,F,N,Y,1,135000,Working,Secondary / secondary special,Married,House / apartment,-16609,-186,1,0,0,0,Laborers,3
5035867,F,N,Y,0,99000,State servant,Secondary / secondary special,Married,House / apartment,-17584,-402,1,0,0,0,Core staff,2
5035868,F,N,Y,0,99000,State servant,Secondary / secondary special,Single / not married,House / apartment,-17584,-402,1,0,0,0,Core staff,2
5036469,M,Y,N,0,112500,State servant,Secondary / secondary special,Single / not married,House / apartment,-20333,-1546,1,0,0,0,Drivers,2
5036590,M,Y,Y,0,292500,Working,Higher education,Married,House / apartment,-21055,-808,1,0,0,0,Drivers,2
5036660,F,Y,Y,0,76500,Pensioner,Secondary / secondary special,Married,House / apartment,-23835,365243,1,0,0,0,,2
5036795,M,Y,Y,0,215100,Commercial associate,Secondary / secondary special,Married,House / apartment,-19175,-1285,1,0,1,0,Laborers,2
5041073,F,N,Y,0,67500,Working,Secondary / secondary special,Single / not married,House / apartment,-18179,-188,1,0,0,0,Laborers,2
5041175,F,N,Y,1,180000,Working,Incomplete higher,Married,Municipal apartment,-10754,-65,1,1,1,0,Core staff,3
5041493,M,Y,Y,0,90000,Working,Secondary / secondary special,Civil marriage,House / apartment,-12821,-155,1,0,0,0,Laborers,2
5041496,M,Y,Y,0,90000,Working,Secondary / secondary special,Civil marriage,House / apartment,-12821,-155,1,0,0,0,Laborers,2
5041920,M,N,N,0,135000,Pensioner,Secondary / secondary special,Married,House / apartment,-22765,365243,1,0,1,0,,2
5042268,M,N,Y,0,270000,Commercial associate,Secondary / secondary special,Married,House / apartment,-12964,-2347,1,0,0,0,Drivers,2
5042269,M,N,Y,0,270000,Commercial associate,Secondary / secondary special,Married,House / apartment,-12964,-2347,1,0,0,0,Drivers,2
5045457,M,Y,N,2,180000,Commercial associate,Secondary / secondary special,Married,House / apartment,-14452,-4249,1,0,0,0,Drivers,1
5045495,F,N,N,1,72000,Working,Higher education,Married,House / apartment,-12522,-382,1,0,0,0,High skill tech staff,3
5045895,F,N,Y,0,225000,Pensioner,Secondary / secondary special,Single / not married,House / apartment,-23286,365243,1,0,0,0,,1
5045902,F,N,Y,0,225000,Pensioner,Secondary / secondary special,Single / not married,House / apartment,-23286,365243,1,0,0,0,,1
5045929,M,N,N,0,247500,Pensioner,Secondary / secondary special,Single / not married,House / apartment,-15037,-2208,1,0,0,0,Laborers,1
5045935,M,N,N,0,247500,State servant,Secondary / secondary special,Single / not married,House / apartment,-15037,-2208,1,0,0,0,Laborers,1
5046258,F,N,Y,0,157500,State servant,Secondary / secondary special,Married,House / apartment,-18008,-2361,1,1,0,0,,2
5046324,F,N,Y,1,157500,Commercial associate,Secondary / secondary special,Single / not married,House / apartment,-15466,-2269,1,0,1,0,Low-skill Laborers,3
5046328,F,N,Y,1,157500,Pensioner,Secondary / secondary special,Single / not married,House / apartment,-15466,-2269,1,0,1,0,Low-skill Laborers,3
5046340,M,N,Y,1,180000,Working,Lower secondary,Married,House / apartment,-10581,-1692,1,1,0,0,,3
5046565,M,N,N,1,337500,Commercial associate,Higher education,Married,House / apartment,-17593,-2370,1,0,0,1,Managers,3
5047662,F,N,Y,1,67500,Commercial associate,Secondary / secondary special,Married,House / apartment,-18880,-4114,1,0,0,0,Accountants,3
5047666,F,N,Y,1,67500,Commercial associate,Secondary / secondary special,Married,House / apartment,-18880,-4114,1,0,0,0,Accountants,3
5047783,F,Y,Y,0,225000,Commercial associate,Higher education,Civil marriage,House / apartment,-11879,-308,1,1,1,0,Sales staff,2
5048300,M,Y,N,1,180000,Commercial associate,Secondary / secondary special,Married,House / apartment,-11091,-1161,1,0,0,0,Laborers,3
5048301,M,Y,N,1,180000,Commercial associate,Secondary / secondary special,Married,House / apartment,-11091,-1161,1,0,0,0,Laborers,3
5048340,F,N,N,0,157500,Working,Higher education,Married,House / apartment,-19657,-1710,1,0,0,0,Sales staff,2
5048365,F,N,N,0,108000,Pensioner,Secondary / secondary special,Widow,House / apartment,-22182,365243,1,0,0,0,,1
5048366,F,N,N,0,108000,Pensioner,Secondary / secondary special,Widow,House / apartment,-22182,365243,1,0,0,0,,1
5048368,F,N,N,0,108000,Pensioner,Secondary / secondary special,Widow,House / apartment,-22182,365243,1,0,0,0,,1
5048369,F,N,N,0,108000,Pensioner,Secondary / secondary special,Widow,House / apartment,-22182,365243,1,0,0,0,,1
5048379,M,N,N,0,108000,Pensioner,Secondary / secondary special,Widow,House / apartment,-22182,365243,1,0,0,0,,1
5050603,M,N,N,0,157500,Working,Secondary / secondary special,Married,House / apartment,-18327,-7288,1,1,0,0,Laborers,2
5050606,M,N,N,0,157500,Working,Secondary / secondary special,Married,House / apartment,-18327,-7288,1,1,0,0,Laborers,2
5050671,M,N,N,0,171000,Commercial associate,Incomplete higher,Single / not married,House / apartment,-11610,-166,1,1,1,0,High skill tech staff,1
5050682,F,N,N,0,157500,Working,Secondary / secondary special,Widow,House / apartment,-17963,-197,1,0,0,0,Cleaning staff,1
5050706,F,Y,N,0,157500,Commercial associate,Secondary / secondary special,Civil marriage,House / apartment,-12309,-1962,1,0,0,0,,2
5050731,F,N,N,0,135000,Commercial associate,Higher education,Separated,House / apartment,-11712,-4822,1,0,1,1,HR staff,1
5051085,M,Y,N,2,315000,Working,Secondary / secondary special,Married,House / apartment,-12037,-197,1,0,0,0,Laborers,4
5051132,F,N,N,0,450000,Commercial associate,Higher education,Single / not married,House / apartment,-10139,-136,1,0,0,0,Core staff,1
5051160,M,Y,N,1,135000,Working,Secondary / secondary special,Married,House / apartment,-9594,-866,1,0,0,0,Laborers,3
5051161,M,Y,N,1,135000,Working,Secondary / secondary special,Married,House / apartment,-9594,-866,1,0,0,0,Laborers,3
5052653,F,N,Y,0,103500,Working,Secondary / secondary special,Married,House / apartment,-10396,-564,1,0,0,1,IT staff,2
5052659,F,N,Y,0,103500,Working,Secondary / secondary special,Married,House / apartment,-10396,-564,1,0,0,1,IT staff,2
5052661,F,N,Y,0,103500,Working,Secondary / secondary special,Married,House / apartment,-10396,-564,1,0,0,1,IT staff,2
5052726,F,N,N,1,180000,Working,Secondary / secondary special,Single / not married,Municipal apartment,-10740,-1298,1,0,0,0,Laborers,2
5052877,M,Y,Y,0,225000,Working,Secondary / secondary special,Married,House / apartment,-17915,-3366,1,0,0,0,Drivers,2
5052879,M,Y,Y,0,225000,Working,Secondary / secondary special,Married,House / apartment,-17915,-3366,1,0,0,0,Drivers,2
5052882,M,Y,Y,0,225000,Working,Secondary / secondary special,Married,House / apartment,-17915,-3366,1,0,0,0,Drivers,2
5052884,M,Y,Y,0,225000,Working,Secondary / secondary special,Married,House / apartment,-17915,-3366,1,0,0,0,Drivers,2
5053148,F,N,Y,1,126000,Working,Secondary / secondary special,Married,House / apartment,-12140,-779,1,0,0,0,Core staff,1
5053247,M,Y,Y,0,126000,Working,Secondary / secondary special,Married,House / apartment,-19286,-3489,1,1,0,0,Security staff,2
5053361,F,N,Y,0,171000,Commercial associate,Secondary / secondary special,Single / not married,House / apartment,-20103,-2697,1,0,0,0,Cleaning staff,2
5053701,F,N,N,0,193500,Working,Secondary / secondary special,Single / not married,Municipal apartment,-17880,-9858,1,0,0,0,Cooking staff,2
5053774,M,N,Y,1,135000,Working,Higher education,Married,House / apartment,-13438,-3679,1,0,0,0,,3
5054063,M,N,N,1,157500,Working,Secondary / secondary special,Married,House / apartment,-16424,-1458,1,0,0,0,Drivers,3
5054068,M,N,N,1,157500,Working,Secondary / secondary special,Married,House / apartment,-16424,-1458,1,0,0,0,Drivers,1
5054386,M,Y,N,0,292500,Pensioner,Higher education,Single / not married,House / apartment,-14050,-3680,1,1,1,0,Laborers,1
5054387,M,Y,N,0,292500,Commercial associate,Higher education,Single / not married,House / apartment,-14050,-3680,1,1,1,0,Laborers,1
5054446,M,N,Y,0,180000,Pensioner,Higher education,Married,House / apartment,-19619,365243,1,0,0,0,,2
5054525,F,N,N,2,180000,Working,Secondary / secondary special,Single / not married,House / apartment,-16611,-8369,1,0,0,0,,4
5054649,M,Y,Y,1,135000,Working,Higher education,Married,House / apartment,-18631,-6359,1,0,0,0,Managers,3
5054650,M,Y,Y,1,135000,Working,Higher education,Single / not married,House / apartment,-18631,-6359,1,0,0,0,Managers,3
5056083,F,N,N,1,180000,Working,Higher education,Married,House / apartment,-11630,-3769,1,0,0,0,Laborers,3
5058332,F,N,N,0,67500,Pensioner,Secondary / secondary special,Married,House / apartment,-20730,365243,1,0,0,0,,2
5058348,F,N,Y,0,99000,Pensioner,Higher education,Separated,House / apartment,-24611,365243,1,0,0,0,,1
5058350,M,N,Y,0,99000,Pensioner,Higher education,Separated,House / apartment,-24611,365243,1,0,0,0,,1
5058352,F,N,Y,0,99000,Pensioner,Higher education,Separated,House / apartment,-24611,365243,1,0,0,0,,1
5058354,F,N,Y,0,99000,Pensioner,Higher education,Separated,House / apartment,-24611,365243,1,0,0,0,,1
5058530,M,N,N,0,391500,Working,Secondary / secondary special,Single / not married,Municipal apartment,-9242,-508,1,0,0,0,Sales staff,1
5058531,M,N,N,0,391500,Working,Secondary / secondary special,Single / not married,Municipal apartment,-9242,-508,1,0,0,0,Sales staff,1
5058532,M,N,N,0,391500,Working,Secondary / secondary special,Single / not married,Municipal apartment,-9242,-508,1,0,0,0,Sales staff,1
5061132,M,N,Y,0,135000,State servant,Higher education,Married,House / apartment,-19113,-2816,1,0,1,0,Core staff,2
5061351,F,N,Y,0,157500,Working,Secondary / secondary special,Single / not married,House / apartment,-18313,-4946,1,0,0,0,Core staff,1
5061691,F,N,Y,1,67500,Commercial associate,Higher education,Married,House / apartment,-9122,-1567,1,0,0,1,Waiters/barmen staff,3
5062136,M,N,N,1,180000,Working,Secondary / secondary special,Single / not married,House / apartment,-12947,-137,1,0,0,0,Laborers,2
5062594,M,Y,Y,1,135000,State servant,Higher education,Married,House / apartment,-8972,-145,1,0,0,1,Core staff,3
5065618,M,N,Y,0,247500,Commercial associate,Secondary / secondary special,Married,House / apartment,-15302,-596,1,1,1,0,Laborers,2
5065624,M,N,Y,0,247500,Commercial associate,Secondary / secondary special,Married,House / apartment,-15302,-596,1,1,1,0,Laborers,2
5066710,F,N,N,0,247500,Pensioner,Secondary / secondary special,Widow,House / apartment,-24511,365243,1,0,0,0,,1
5068389,F,Y,Y,1,270000,Working,Higher education,Separated,House / apartment,-14052,-140,1,0,1,0,Sales staff,2
5068456,F,Y,N,0,135000,Commercial associate,Secondary / secondary special,Married,House / apartment,-13581,-2576,1,0,0,0,,2
5068651,F,Y,Y,0,360000,State servant,Higher education,Separated,House / apartment,-19305,-1905,1,0,0,0,Core staff,1
5068779,F,N,N,0,180000,Working,Secondary / secondary special,Single / not married,With parents,-13396,-3853,1,1,1,0,Private service staff,1
5069012,F,N,Y,0,202500,Working,Secondary / secondary special,Married,House / apartment,-20295,-3700,1,0,0,0,Laborers,2
5069016,F,N,Y,0,202500,Working,Secondary / secondary special,Married,House / apartment,-20295,-3700,1,0,0,0,Laborers,2
5069021,F,N,Y,0,202500,Working,Secondary / secondary special,Married,House / apartment,-20295,-3700,1,0,0,0,Laborers,2
5069218,F,Y,Y,0,256500,Commercial associate,Higher education,Single / not married,House / apartment,-11210,-1724,1,1,0,0,Accountants,2
5069219,F,Y,Y,0,256500,Commercial associate,Higher education,Married,House / apartment,-11210,-1724,1,1,0,0,Accountants,2
5069307,M,N,Y,0,157500,Working,Secondary / secondary special,Married,House / apartment,-15640,-1328,1,0,0,0,Core staff,2
5069377,M,Y,N,2,337500,Working,Higher education,Single / not married,House / apartment,-11810,-1662,1,1,0,0,,4
5078820,F,N,N,2,225000,Commercial associate,Secondary / secondary special,Married,House / apartment,-14476,-4987,1,0,0,0,High skill tech staff,4
5078882,F,N,Y,0,121500,Pensioner,Secondary / secondary special,Widow,House / apartment,-21366,365243,1,0,0,0,,1
5078886,F,N,Y,0,121500,Pensioner,Secondary / secondary special,Widow,House / apartment,-21366,365243,1,0,0,0,,1
5079166,M,Y,N,0,202500,Working,Secondary / secondary special,Married,With parents,-13720,-1394,1,0,0,0,Laborers,2
5079167,M,Y,N,0,202500,Working,Secondary / secondary special,Married,With parents,-13720,-1394,1,0,0,0,Laborers,2
5079168,M,Y,N,0,202500,Working,Secondary / secondary special,Married,With parents,-13720,-1394,1,0,0,0,Laborers,2
5088997,F,N,N,2,171000,Working,Secondary / secondary special,Married,House / apartment,-14622,-1160,1,1,1,0,Core staff,4
5089162,F,Y,N,0,225000,Working,Higher education,Married,House / apartment,-20264,-2531,1,1,1,0,Accountants,2
5089201,M,N,N,0,135000,Commercial associate,Higher education,Married,House / apartment,-13155,-2927,1,1,0,0,Managers,2
5089433,F,Y,N,2,67500,Working,Secondary / secondary special,Married,Municipal apartment,-11352,-1160,1,1,0,0,Sales staff,4
5089907,M,N,N,0,225000,Commercial associate,Secondary / secondary special,Married,House / apartment,-13336,-1436,1,0,0,0,Low-skill Laborers,2
5089953,M,N,Y,1,126000,Commercial associate,Secondary / secondary special,Civil marriage,House / apartment,-12755,-2105,1,0,0,0,,1
5089955,M,N,Y,1,126000,Commercial associate,Secondary / secondary special,Civil marriage,House / apartment,-12755,-2105,1,0,0,0,,3
5089958,M,N,Y,1,126000,Commercial associate,Secondary / secondary special,Civil marriage,House / apartment,-12755,-2105,1,0,0,0,,3
5089959,M,N,Y,1,126000,Commercial associate,Secondary / secondary special,Civil marriage,House / apartment,-12755,-2105,1,0,0,0,,3
5090166,F,N,Y,1,675000,Commercial associate,Secondary / secondary special,Single / not married,House / apartment,-15452,-860,1,0,0,0,Security staff,2
5090214,M,Y,Y,0,135000,Working,Secondary / secondary special,Married,House / apartment,-10712,-217,1,0,0,0,Laborers,2
5090393,F,Y,Y,0,76500,Working,Higher education,Married,House / apartment,-17743,-4205,1,0,0,0,,2
5090409,M,N,N,0,90000,Working,Secondary / secondary special,Widow,Municipal apartment,-20017,-3503,1,1,1,0,Sales staff,1
5090425,F,N,Y,0,238500,State servant,Higher education,Married,House / apartment,-15107,-1921,1,0,1,0,,2
5090433,M,Y,Y,0,427500,Working,Secondary / secondary special,Civil marriage,House / apartment,-19894,-1229,1,0,0,0,Managers,2
5090451,F,N,N,0,139500,Working,Higher education,Single / not married,House / apartment,-11835,-980,1,0,1,0,,1
5090515,M,Y,Y,0,225000,Pensioner,Higher education,Separated,House / apartment,-19572,365243,1,0,1,0,,1
5090606,F,Y,Y,1,135000,Working,Secondary / secondary special,Single / not married,House / apartment,-10898,-401,1,0,0,0,,2
5090681,M,N,Y,1,126000,Commercial associate,Secondary / secondary special,Civil marriage,House / apartment,-12755,-2105,1,0,0,0,,3
5091281,M,N,Y,0,202500,Working,Secondary / secondary special,Married,House / apartment,-13645,-5374,1,0,0,0,Laborers,2
5091380,F,Y,Y,2,216000,Working,Higher education,Married,House / apartment,-12757,-4887,1,0,0,0,Core staff,4
5092087,M,Y,Y,2,247500,Working,Secondary / secondary special,Married,House / apartment,-17320,-535,1,0,0,0,Laborers,4
5092090,F,N,Y,0,67500,Working,Secondary / secondary special,Married,House / apartment,-14690,-504,1,0,0,0,Cooking staff,2
5092245,F,N,N,0,103500,Pensioner,Secondary / secondary special,Married,House / apartment,-22111,365243,1,0,0,0,,2
5092342,F,N,Y,0,225000,Working,Secondary / secondary special,Widow,House / apartment,-19252,-2057,1,0,0,0,Sales staff,1
5092346,F,N,Y,0,225000,Working,Secondary / secondary special,Widow,House / apartment,-19252,-2057,1,0,0,0,Sales staff,1
5092394,M,Y,Y,1,157500,Pensioner,Secondary / secondary special,Married,House / apartment,-11050,-443,1,1,0,0,Drivers,3
5092479,M,N,N,1,85500,State servant,Secondary / secondary special,Married,Municipal apartment,-15014,-6866,1,0,0,0,Core staff,3
5093286,M,N,Y,0,157500,Working,Secondary / secondary special,Married,House / apartment,-17576,-1216,1,0,0,0,Laborers,2
5095906,F,N,N,0,90000,Working,Higher education,Civil marriage,House / apartment,-10561,-2257,1,1,0,0,Core staff,2
5096068,F,Y,N,0,180000,Working,Higher education,Married,House / apartment,-14943,-1650,1,1,0,1,Core staff,2
5096069,F,Y,N,0,180000,Working,Higher education,Married,House / apartment,-14943,-1650,1,1,0,0,Core staff,2
5096070,F,Y,N,0,180000,Working,Higher education,Married,House / apartment,-14943,-1650,1,1,0,1,Core staff,2
5096078,M,N,N,1,207000,State servant,Higher education,Married,Office apartment,-14891,-2623,1,0,0,0,Core staff,3
5096079,M,N,N,1,207000,State servant,Higher education,Married,Office apartment,-14891,-2623,1,0,0,0,Core staff,3
5096093,F,N,N,1,135000,Working,Secondary / secondary special,Married,House / apartment,-10728,-1619,1,1,1,0,Accountants,3
5096095,F,N,N,1,135000,Working,Secondary / secondary special,Married,House / apartment,-10728,-1619,1,1,1,0,Accountants,3
5096096,F,N,N,1,135000,Working,Secondary / secondary special,Married,House / apartment,-10728,-1619,1,1,1,0,Accountants,3
5096209,M,N,N,0,81000,Working,Secondary / secondary special,Civil marriage,House / apartment,-14211,-158,1,1,0,0,Low-skill Laborers,2
5096212,M,N,N,0,81000,Working,Secondary / secondary special,Civil marriage,House / apartment,-14211,-158,1,1,0,0,Low-skill Laborers,2
5096283,M,Y,N,0,135000,Working,Secondary / secondary special,Married,House / apartment,-14209,-97,1,0,0,0,Security staff,2
5096528,F,N,N,0,135000,Working,Secondary / secondary special,Widow,Co-op apartment,-20012,-584,1,0,0,0,Core staff,1
5096664,M,Y,N,0,135000,Pensioner,Secondary / secondary special,Married,House / apartment,-14400,365243,1,0,1,0,,2
5096743,F,N,Y,0,180000,Working,Lower secondary,Widow,House / apartment,-16803,-2227,1,1,1,0,Cleaning staff,1
5097065,F,N,Y,0,121500,Working,Secondary / secondary special,Married,House / apartment,-18971,-8161,1,0,0,0,Managers,2
5097145,M,Y,N,1,405000,Commercial associate,Secondary / secondary special,Married,House / apartment,-14740,-1434,1,0,1,0,Managers,3
5100111,M,Y,N,0,135000,Pensioner,Secondary / secondary special,Married,House / apartment,-10239,365243,1,0,0,0,,2
5100118,F,Y,Y,0,112500,Pensioner,Secondary / secondary special,Married,House / apartment,-20352,-673,1,0,1,0,,2
5100282,M,N,N,0,81000,Pensioner,Secondary / secondary special,Widow,House / apartment,-23902,365243,1,0,1,0,,1
5100430,M,Y,N,0,180000,Working,Secondary / secondary special,Single / not married,House / apartment,-16310,-613,1,0,0,0,Laborers,1
5104869,F,N,Y,0,112500,Working,Higher education,Married,House / apartment,-12114,-4004,1,0,0,0,Accountants,2
5105045,M,N,Y,0,225000,Pensioner,Secondary / secondary special,Widow,House / apartment,-22939,365243,1,0,0,0,,1
5105056,M,Y,N,0,225000,Commercial associate,Higher education,Single / not married,Municipal apartment,-11528,-606,1,0,1,1,High skill tech staff,1
5105325,M,N,Y,0,76500,Pensioner,Secondary / secondary special,Married,House / apartment,-21933,365243,1,0,1,0,,2
5105498,F,N,Y,0,202500,Working,Higher education,Married,House / apartment,-10669,-1495,1,0,0,0,,2
5105536,M,Y,N,0,202500,Working,Secondary / secondary special,Married,House / apartment,-10191,-2218,1,0,0,0,Drivers,2
5105538,M,Y,N,0,202500,Working,Secondary / secondary special,Married,House / apartment,-10191,-2218,1,0,0,0,Drivers,2
5105644,M,Y,Y,0,202500,Working,Higher education,Married,House / apartment,-17585,-3017,1,0,0,0,Drivers,2
5105646,M,Y,Y,0,202500,Working,Higher education,Married,House / apartment,-17585,-3017,1,0,0,0,Drivers,2
5105647,M,Y,Y,0,202500,Working,Higher education,Married,House / apartment,-17585,-3017,1,0,0,0,Drivers,2
5105649,M,Y,Y,0,202500,Working,Higher education,Single / not married,House / apartment,-17585,-3017,1,0,0,0,Drivers,2
5105652,M,Y,Y,0,202500,Working,Higher education,Married,House / apartment,-17585,-3017,1,0,0,0,Drivers,2
5105653,M,Y,Y,0,202500,Working,Higher education,Married,House / apartment,-17585,-3017,1,0,0,0,Drivers,2
5105689,M,N,Y,0,90000,Pensioner,Secondary / secondary special,Civil marriage,House / apartment,-20663,365243,1,0,0,0,,2
5105737,M,N,Y,3,292500,Commercial associate,Secondary / secondary special,Married,House / apartment,-12368,-672,1,0,0,0,Core staff,5
5105738,F,N,N,3,292500,Commercial associate,Secondary / secondary special,Married,House / apartment,-12368,-672,1,0,0,0,Core staff,5
5105739,F,N,Y,3,292500,Pensioner,Secondary / secondary special,Married,House / apartment,-12368,-672,1,0,0,0,Core staff,5
5105788,M,Y,N,0,459000,Commercial associate,Secondary / secondary special,Married,House / apartment,-15980,-119,1,1,1,0,Drivers,2
5105801,F,N,N,0,112500,Commercial associate,Secondary / secondary special,Single / not married,House / apartment,-19399,-5782,1,0,1,0,,2
5106047,F,Y,N,2,81000,Working,Higher education,Married,House / apartment,-12358,-3017,1,1,0,0,Sales staff,4
5106077,F,N,Y,0,135000,Commercial associate,Secondary / secondary special,Married,House / apartment,-19764,-6944,1,0,0,0,Medicine staff,2
5111082,F,Y,Y,0,162000,Pensioner,Higher education,Married,House / apartment,-20858,365243,1,0,1,0,,2
5111144,M,N,N,0,135000,Working,Secondary / secondary special,Civil marriage,With parents,-15104,-1699,1,0,0,0,Laborers,2
5111145,M,N,N,0,135000,Working,Secondary / secondary special,Civil marriage,With parents,-15104,-1699,1,0,0,0,Laborers,2
5113369,F,N,Y,1,180000,Pensioner,Higher education,Married,House / apartment,-18979,365243,1,0,1,0,,3
5113621,M,N,N,0,225000,Working,Secondary / secondary special,Widow,Municipal apartment,-19406,-346,1,0,0,0,Security staff,1
5113622,M,N,N,0,225000,Working,Secondary / secondary special,Widow,Municipal apartment,-19406,-346,1,0,0,0,Security staff,1
5113688,F,N,Y,0,292500,Working,Secondary / secondary special,Married,House / apartment,-12379,-4453,1,0,0,1,Sales staff,2
5113690,F,N,Y,0,292500,Working,Secondary / secondary special,Married,House / apartment,-12379,-4453,1,0,0,1,Sales staff,2
5113920,F,N,N,0,90000,Pensioner,Secondary / secondary special,Single / not married,Municipal apartment,-23478,365243,1,0,0,0,,1
5113944,F,Y,N,0,135000,Pensioner,Secondary / secondary special,Married,House / apartment,-23324,365243,1,0,1,0,,2
5113945,F,Y,N,0,135000,Pensioner,Secondary / secondary special,Married,House / apartment,-23324,365243,1,0,1,0,,2
5114216,M,Y,N,2,225000,Working,Secondary / secondary special,Single / not married,House / apartment,-14136,-2628,1,1,0,0,Managers,4
5114236,F,N,N,0,270000,Working,Secondary / secondary special,Married,House / apartment,-16723,-712,1,1,0,0,Managers,2
5114347,M,Y,N,0,180000,Commercial associate,Secondary / secondary special,Married,Municipal apartment,-9810,-2993,1,1,0,0,,2
5114353,M,Y,N,0,180000,Commercial associate,Secondary / secondary special,Married,Municipal apartment,-9810,-2993,1,1,0,0,,2
5114647,M,N,N,0,247500,Commercial associate,Secondary / secondary special,Married,Rented apartment,-18993,-1747,1,0,0,1,Security staff,2
5115417,F,N,Y,0,157500,Working,Secondary / secondary special,Married,House / apartment,-11490,-3116,1,1,1,0,,2
5115455,F,Y,Y,0,270000,Pensioner,Higher education,Married,House / apartment,-17833,-620,1,0,1,0,Accountants,2
5115610,F,N,Y,0,202500,Working,Secondary / secondary special,Married,House / apartment,-14523,-3420,1,0,0,0,Core staff,2
5115611,F,N,Y,0,202500,Working,Secondary / secondary special,Single / not married,House / apartment,-14523,-3420,1,0,0,0,Core staff,2
5115878,F,N,Y,0,112500,Working,Secondary / secondary special,Married,House / apartment,-21259,-11272,1,0,0,0,,2
5116258,F,N,Y,4,180000,Commercial associate,Secondary / secondary special,Married,House / apartment,-17468,-7413,1,0,0,0,Core staff,6
5116530,F,N,N,0,90000,Pensioner,Secondary / secondary special,Single / not married,House / apartment,-21432,365243,1,0,0,0,,2
5116547,F,N,N,0,135000,Pensioner,Secondary / secondary special,Married,House / apartment,-21312,365243,1,0,0,0,,2
5116548,F,N,N,0,135000,Pensioner,Secondary / secondary special,Single / not married,House / apartment,-21312,365243,1,0,0,0,,2
5116549,F,N,Y,0,135000,Pensioner,Secondary / secondary special,Married,House / apartment,-21312,365243,1,0,0,0,,2
5116550,M,N,Y,0,135000,Pensioner,Secondary / secondary special,Married,House / apartment,-21312,365243,1,0,0,0,,2
5116581,F,N,N,0,157500,Working,Secondary / secondary special,Married,House / apartment,-18232,-277,1,0,0,0,Managers,2
5116763,F,N,Y,0,90000,Pensioner,Incomplete higher,Separated,House / apartment,-24129,365243,1,0,0,0,,1
5116906,M,Y,Y,0,211500,Pensioner,Secondary / secondary special,Married,House / apartment,-15047,-7553,1,0,0,0,Core staff,2
5116907,M,Y,Y,0,211500,Pensioner,Secondary / secondary special,Married,House / apartment,-15047,-7553,1,0,0,0,Core staff,2
5116915,M,Y,Y,0,225000,Working,Secondary / secondary special,Married,House / apartment,-17230,-7888,1,1,0,0,Managers,2
5117130,F,N,Y,0,270000,Working,Higher education,Single / not married,House / apartment,-10390,-796,1,0,0,0,Sales staff,1
5117132,F,N,Y,0,270000,Working,Higher education,Single / not married,House / apartment,-10390,-796,1,0,0,0,Sales staff,1
5117134,M,N,Y,0,270000,Working,Higher education,Single / not married,House / apartment,-10390,-796,1,0,0,0,Sales staff,1
5117135,F,N,Y,0,270000,Working,Higher education,Single / not married,House / apartment,-10390,-796,1,0,0,0,Sales staff,1
5117351,F,N,N,0,135000,Pensioner,Secondary / secondary special,Widow,Municipal apartment,-22827,365243,1,0,0,0,,1
5117501,M,N,Y,0,90000,Commercial associate,Secondary / secondary special,Civil marriage,House / apartment,-16459,-704,1,1,0,0,Low-skill Laborers,2
5117649,M,N,N,1,135000,Working,Secondary / secondary special,Married,House / apartment,-11101,-96,1,1,0,0,Security staff,3
5117962,F,Y,N,0,135000,Working,Incomplete higher,Civil marriage,House / apartment,-10068,-219,1,1,0,0,Sales staff,2
5118046,F,N,N,0,81000,Pensioner,Secondary / secondary special,Widow,House / apartment,-23902,365243,1,0,1,0,,1
5118278,F,N,N,0,112500,Pensioner,Secondary / secondary special,Married,Municipal apartment,-21363,365243,1,0,0,0,,2
5118279,F,N,N,0,112500,Pensioner,Secondary / secondary special,Married,Municipal apartment,-21363,365243,1,0,0,0,,2
5118280,F,N,N,0,112500,Pensioner,Secondary / secondary special,Single / not married,Municipal apartment,-21363,365243,1,0,0,0,,2
5118283,M,N,N,0,112500,Pensioner,Secondary / secondary special,Married,Municipal apartment,-21363,365243,1,0,0,0,,2
5118442,F,Y,N,1,108000,Commercial associate,Higher education,Single / not married,House / apartment,-16138,-431,1,1,0,0,Sales staff,3
5118443,F,Y,N,1,108000,Commercial associate,Higher education,Married,House / apartment,-16138,-431,1,1,0,0,Sales staff,3
5118541,F,N,Y,0,72000,Working,Secondary / secondary special,Married,House / apartment,-18132,-1039,1,0,1,0,Laborers,2
5118643,F,N,N,1,112500,Working,Secondary / secondary special,Married,House / apartment,-10065,-492,1,1,0,0,Cooking staff,3
5118648,F,N,Y,2,270000,Pensioner,Higher education,Single / not married,House / apartment,-10425,-2745,1,0,0,0,Core staff,3
5125667,F,N,N,0,45000,State servant,Secondary / secondary special,Married,House / apartment,-18532,-3666,1,1,1,0,Core staff,2
5125716,F,Y,Y,0,135000,Working,Lower secondary,Married,House / apartment,-16413,-622,1,0,1,0,High skill tech staff,2
5125761,M,N,Y,0,270000,Commercial associate,Secondary / secondary special,Single / not married,Municipal apartment,-18020,-1595,1,0,0,0,Cooking staff,1
5125763,M,Y,N,1,135000,Commercial associate,Secondary / secondary special,Single / not married,House / apartment,-13030,-1626,1,0,1,0,Laborers,3
5125816,F,Y,N,0,450000,Pensioner,Higher education,Married,House / apartment,-19783,-5521,1,1,1,0,Managers,2
5125832,M,N,Y,0,270000,Commercial associate,Incomplete higher,Single / not married,House / apartment,-11625,-195,1,0,0,1,Sales staff,1
5125833,M,N,Y,0,270000,Commercial associate,Incomplete higher,Single / not married,House / apartment,-11625,-195,1,0,0,1,Sales staff,1
5125952,M,N,Y,0,135000,Working,Secondary / secondary special,Married,Rented apartment,-14559,-2599,1,0,0,0,Laborers,2
5126012,F,N,N,0,270000,State servant,Secondary / secondary special,Married,House / apartment,-20103,-1444,1,1,1,0,Waiters/barmen staff,2
5126154,F,N,N,0,135000,Working,Secondary / secondary special,Widow,House / apartment,-15888,-500,1,1,1,0,Laborers,1
5126184,F,N,N,0,94500,Pensioner,Secondary / secondary special,Married,House / apartment,-21225,365243,1,0,1,1,,2
5126209,M,Y,N,0,162000,Pensioner,Higher education,Married,House / apartment,-20053,365243,1,0,0,0,,2
5126277,F,N,N,0,162000,Pensioner,Secondary / secondary special,Married,House / apartment,-21244,365243,1,0,0,0,,2
5126278,F,N,N,0,162000,Pensioner,Secondary / secondary special,Married,House / apartment,-21244,365243,1,0,0,0,,2
5135483,M,N,Y,0,135000,State servant,Higher education,Single / not married,Municipal apartment,-10660,-1935,1,0,0,0,Core staff,1
5135485,F,N,Y,0,135000,State servant,Higher education,Single / not married,Municipal apartment,-10660,-1935,1,0,0,0,Core staff,1
5135487,F,N,Y,0,135000,State servant,Higher education,Single / not married,Municipal apartment,-10660,-1935,1,0,0,0,Core staff,1
5135845,F,N,Y,1,180000,Commercial associate,Secondary / secondary special,Married,House / apartment,-16234,-6075,1,0,1,0,Laborers,3
5135990,F,N,Y,1,585000,Commercial associate,Higher education,Single / not married,House / apartment,-10430,-900,1,0,0,0,Managers,2
5135991,F,N,Y,1,585000,Commercial associate,Higher education,Single / not married,House / apartment,-10430,-900,1,0,0,0,Managers,2
5136014,M,N,N,1,112500,Working,Secondary / secondary special,Civil marriage,House / apartment,-13080,-1327,1,0,0,0,High skill tech staff,3
5136888,M,N,N,1,179271,Working,Higher education,Married,House / apartment,-10961,-1235,1,0,0,0,Managers,3
5139311,M,Y,Y,0,180000,State servant,Higher education,Married,House / apartment,-10091,-643,1,0,0,0,High skill tech staff,2
5139446,F,N,Y,0,112500,Pensioner,Secondary / secondary special,Widow,House / apartment,-21256,365243,1,0,1,0,,1
5142185,M,Y,Y,2,450000,Commercial associate,Higher education,Married,House / apartment,-17841,-4305,1,1,1,0,Managers,4
5142456,F,N,N,0,67500,Commercial associate,Higher education,Separated,House / apartment,-18952,-499,1,0,1,0,Core staff,1
5142463,F,N,Y,0,157500,Working,Secondary / secondary special,Civil marriage,Office apartment,-13404,-3908,1,0,1,0,,2
5142741,M,N,N,1,360000,Working,Higher education,Married,House / apartment,-11112,-469,1,1,1,0,Managers,3
5142964,M,N,N,1,180000,Working,Secondary / secondary special,Married,House / apartment,-10656,-926,1,1,1,0,Laborers,3
5142972,M,N,N,1,180000,Working,Secondary / secondary special,Single / not married,House / apartment,-10656,-926,1,1,1,0,Laborers,3
5142973,M,N,N,1,180000,Working,Secondary / secondary special,Married,House / apartment,-10656,-926,1,1,1,0,Laborers,1
5143342,M,N,N,1,216000,Working,Secondary / secondary special,Married,Municipal apartment,-12946,-2418,1,0,0,1,Laborers,3
5143573,M,Y,N,0,157500,Working,Incomplete higher,Married,With parents,-9124,-960,1,1,0,0,Drivers,2
5143574,M,Y,N,0,157500,Working,Incomplete higher,Married,With parents,-9124,-960,1,1,0,0,Drivers,2
5143576,M,Y,N,0,157500,Working,Incomplete higher,Married,With parents,-9124,-960,1,1,0,0,Drivers,2
5143578,M,Y,N,0,157500,Working,Incomplete higher,Single / not married,With parents,-9124,-960,1,1,0,0,Drivers,2
5143582,M,Y,N,0,157500,Working,Incomplete higher,Married,With parents,-9124,-960,1,1,0,0,Drivers,2
5145690,F,N,Y,0,306000,Pensioner,Higher education,Married,House / apartment,-21590,365243,1,0,0,0,,2
5145760,F,Y,N,0,135000,Working,Higher education,Married,House / apartment,-15468,-4834,1,0,0,1,,2
5145817,F,N,Y,0,90000,Pensioner,Secondary / secondary special,Married,House / apartment,-22011,365243,1,0,0,0,,2
5145846,F,N,Y,1,256500,State servant,Higher education,Married,House / apartment,-17594,-1315,1,0,1,0,Managers,3
5146078,F,N,Y,1,108000,Working,Secondary / secondary special,Single / not married,House / apartment,-12723,-1132,1,1,1,0,Sales staff,1
5146444,F,N,Y,0,135000,Working,Secondary / secondary special,Widow,House / apartment,-14394,-919,1,0,1,0,Managers,1
5148587,M,Y,Y,0,180000,Working,Secondary / secondary special,Married,House / apartment,-11222,-1386,1,0,0,0,Drivers,2
5148602,M,N,Y,0,225000,Pensioner,Secondary / secondary special,Married,House / apartment,-22946,365243,1,0,0,0,,2
5148679,F,N,N,0,121500,Commercial associate,Secondary / secondary special,Married,House / apartment,-18828,-6195,1,0,0,0,,2
5148694,F,N,N,0,180000,Pensioner,Secondary / secondary special,Civil marriage,Municipal apartment,-20600,-198,1,0,0,0,Laborers,2
5148934,M,Y,N,0,108000,Working,Secondary / secondary special,Married,Office apartment,-17209,-1081,1,0,0,0,Security staff,2
5149041,F,N,Y,0,180000,Working,Secondary / secondary special,Civil marriage,House / apartment,-19750,-3608,1,0,0,0,Laborers,2
5149042,F,N,Y,0,180000,Working,Secondary / secondary special,Civil marriage,House / apartment,-19750,-3608,1,0,0,0,Laborers,2
5149055,F,N,Y,0,112500,Commercial associate,Secondary / secondary special,Married,House / apartment,-15837,-2694,1,1,1,0,,2
5149056,F,N,Y,0,112500,Commercial associate,Secondary / secondary special,Married,House / apartment,-15837,-2694,1,1,1,0,,2
5149145,M,Y,Y,0,247500,Working,Secondary / secondary special,Married,House / apartment,-10952,-3577,1,1,0,0,Laborers,2
5149158,M,Y,Y,0,247500,Working,Secondary / secondary special,Married,House / apartment,-10952,-3577,1,1,0,0,Laborers,2
5149190,M,Y,N,1,450000,Working,Higher education,Married,House / apartment,-9847,-502,1,0,1,1,Core staff,3
5149729,M,Y,Y,0,90000,Working,Secondary / secondary special,Married,House / apartment,-19101,-1721,1,0,0,0,,2
5149775,F,Y,Y,0,130500,Working,Secondary / secondary special,Married,House / apartment,-16137,-9391,1,0,1,0,Laborers,2
5149828,M,Y,Y,0,315000,Working,Secondary / secondary special,Married,House / apartment,-17348,-2420,1,0,0,0,Managers,2
5149834,F,N,Y,0,157500,Commercial associate,Higher education,Married,House / apartment,-12387,-1325,1,0,1,1,Medicine staff,2
5149838,F,N,Y,0,157500,Pensioner,Higher education,Married,House / apartment,-12387,-1325,1,0,1,1,Medicine staff,2
5150049,F,N,Y,0,283500,Working,Secondary / secondary special,Married,House / apartment,-17958,-655,1,0,0,0,Sales staff,2
5150337,M,N,Y,0,112500,Working,Secondary / secondary special,Single / not married,Rented apartment,-9188,-1193,1,0,0,0,Laborers,1
5150555,M,Y,N,0,180000,Working,Higher education,Married,With parents,-11664,-2227,1,0,1,0,Core staff,2
5154333,M,Y,Y,1,225000,Working,Secondary / secondary special,Married,House / apartment,-13243,-3077,1,0,0,1,,3
5154338,M,Y,Y,1,225000,Working,Secondary / secondary special,Married,House / apartment,-13243,-3077,1,0,0,1,,3
5154504,M,N,Y,0,112500,Pensioner,Secondary / secondary special,Married,House / apartment,-20061,-11662,1,0,0,0,Laborers,2
5154510,M,N,Y,0,112500,Commercial associate,Secondary / secondary special,Married,House / apartment,-20061,-11662,1,0,0,0,Laborers,2
5154773,M,Y,Y,0,180000,Working,Secondary / secondary special,Married,With parents,-10757,-2835,1,0,0,0,Drivers,2
5154839,F,N,N,0,112500,Working,Secondary / secondary special,Civil marriage,With parents,-10841,-1374,1,0,0,0,Core staff,2
5154842,F,N,N,0,112500,Working,Secondary / secondary special,Civil marriage,With parents,-10841,-1374,1,0,0,0,Core staff,2
5154843,F,N,N,0,112500,Working,Secondary / secondary special,Civil marriage,With parents,-10841,-1374,1,0,0,0,Core staff,2
5154895,F,N,Y,0,450000,Commercial associate,Higher education,Separated,House / apartment,-17171,-398,1,0,0,0,Managers,1
5154899,F,N,Y,0,450000,Commercial associate,Higher education,Separated,House / apartment,-17171,-398,1,0,0,0,Managers,1
5155015,F,N,N,1,90000,Working,Secondary / secondary special,Married,House / apartment,-11867,-2621,1,0,0,0,,3
5155205,M,N,Y,1,157500,Working,Higher education,Married,House / apartment,-10719,-885,1,0,0,0,,3
5155744,F,N,Y,0,225000,Commercial associate,Higher education,Married,House / apartment,-13822,-6054,1,0,1,1,,2
5156038,M,Y,N,1,135000,Commercial associate,Secondary / secondary special,Separated,House / apartment,-11724,-2279,1,0,0,0,,2
5156162,F,N,Y,0,157500,Commercial associate,Higher education,Widow,Co-op apartment,-21764,-918,1,0,0,0,High skill tech staff,1
5156234,F,Y,Y,0,90000,Pensioner,Higher education,Married,House / apartment,-22957,365243,1,0,0,0,,2
5156452,F,N,Y,0,135000,Working,Higher education,Single / not married,House / apartment,-21983,-7036,1,1,1,0,Core staff,1
5156726,M,Y,N,1,103500,Working,Secondary / secondary special,Married,Rented apartment,-11771,-2714,1,0,0,0,Laborers,3
5156808,F,N,Y,0,36000,Pensioner,Lower secondary,Widow,House / apartment,-22853,365243,1,0,0,0,,1
5156811,F,N,Y,0,36000,Pensioner,Lower secondary,Widow,House / apartment,-22853,365243,1,0,0,0,,1
5156839,F,N,Y,2,81000,Working,Secondary / secondary special,Married,House / apartment,-11304,-2561,1,1,1,0,Managers,4
5156841,F,N,Y,2,81000,Working,Secondary / secondary special,Single / not married,House / apartment,-11304,-2561,1,1,1,0,Managers,4
5157082,M,Y,Y,1,99000,Working,Secondary / secondary special,Married,With parents,-9886,-492,1,1,1,0,Low-skill Laborers,3
5157101,M,Y,Y,1,153000,Working,Secondary / secondary special,Married,House / apartment,-9186,-1526,1,0,0,0,,3
5159208,F,Y,N,0,85500,Working,Secondary / secondary special,Single / not married,Municipal apartment,-16223,-282,1,0,0,0,,2
5159374,M,Y,Y,0,135000,Commercial associate,Higher education,Married,House / apartment,-20357,-1802,1,0,0,0,High skill tech staff,2
5162421,F,N,Y,2,225000,State servant,Higher education,Single / not married,With parents,-13297,-577,1,0,0,0,Cleaning staff,4
5162862,M,N,N,0,126000,Commercial associate,Secondary / secondary special,Married,House / apartment,-8558,-183,1,1,1,0,Laborers,2
5162951,M,N,N,1,108000,Working,Secondary / secondary special,Married,House / apartment,-11463,-2009,1,1,0,0,Laborers,3
5163222,F,N,N,2,121500,Working,Secondary / secondary special,Married,House / apartment,-12431,-2617,1,1,0,0,Medicine staff,4
5163223,M,N,N,2,121500,Working,Secondary / secondary special,Married,House / apartment,-12431,-2617,1,1,0,0,Medicine staff,4
5164885,F,N,Y,1,180000,Working,Secondary / secondary special,Civil marriage,House / apartment,-13301,-2148,1,0,0,0,Laborers,3
5164888,M,N,Y,1,180000,Working,Secondary / secondary special,Civil marriage,House / apartment,-13301,-2148,1,0,0,0,Laborers,3
5164921,M,N,N,0,315000,Working,Secondary / secondary special,Single / not married,With parents,-10977,-169,1,0,0,0,Laborers,1
5164922,M,N,N,0,315000,Working,Secondary / secondary special,Single / not married,With parents,-10977,-169,1,0,0,0,Laborers,1
5166202,M,Y,N,0,180000,Working,Secondary / secondary special,Married,House / apartment,-18347,-1819,1,1,1,0,Core staff,2
5166648,M,Y,N,1,157500,Working,Higher education,Married,House / apartment,-13616,-1391,1,0,0,1,Laborers,3
5166693,M,Y,Y,1,157500,Commercial associate,Higher education,Married,House / apartment,-14247,-1972,1,0,0,0,Managers,3
5166696,M,Y,Y,1,157500,Commercial associate,Higher education,Married,House / apartment,-14247,-1972,1,0,0,0,Managers,3
5166795,F,N,Y,1,90000,Working,Higher education,Married,House / apartment,-12113,-2460,1,0,1,0,Core staff,3
5166848,F,N,Y,0,90000,Working,Secondary / secondary special,Civil marriage,House / apartment,-16112,-112,1,0,0,0,Laborers,2
5166948,F,N,Y,0,270000,Pensioner,Secondary / secondary special,Married,House / apartment,-22913,365243,1,0,1,0,,2
5166950,F,N,N,0,112500,Pensioner,Secondary / secondary special,Married,House / apartment,-21526,365243,1,0,0,0,,2
5169069,F,Y,N,0,450000,Working,Incomplete higher,Married,With parents,-11348,-1887,1,0,1,0,Managers,2
5169092,M,Y,Y,0,162000,Working,Higher education,Civil marriage,House / apartment,-22235,-4079,1,0,0,0,Laborers,2
5169147,M,Y,Y,0,139500,Pensioner,Secondary / secondary special,Married,House / apartment,-20397,365243,1,0,0,0,,2
5169168,F,N,Y,2,270000,Commercial associate,Secondary / secondary special,Married,House / apartment,-13039,-5388,1,0,0,0,Core staff,4
5169658,M,N,N,2,112500,Working,Secondary / secondary special,Married,House / apartment,-13734,-2863,1,0,0,0,Cooking staff,4
5169724,M,N,Y,0,180000,State servant,Higher education,Married,House / apartment,-10581,-1948,1,0,0,0,,2
5169926,F,Y,Y,2,202500,Pensioner,Higher education,Married,House / apartment,-21545,365243,1,0,0,1,,4
5169993,M,N,Y,0,112500,Pensioner,Secondary / secondary special,Married,House / apartment,-21610,365243,1,0,0,0,,2
5170113,F,N,N,1,112500,Working,Secondary / secondary special,Married,House / apartment,-10921,-1279,1,1,0,0,Sales staff,3
5170306,M,N,Y,1,148500,Working,Secondary / secondary special,Separated,House / apartment,-13581,-1005,1,0,0,0,Security staff,2
5170308,M,N,Y,1,148500,Working,Secondary / secondary special,Separated,House / apartment,-13581,-1005,1,0,0,0,Security staff,2
5170310,M,N,Y,1,148500,Working,Secondary / secondary special,Separated,House / apartment,-13581,-1005,1,0,0,0,Security staff,2
5170473,F,N,Y,1,171000,State servant,Higher education,Civil marriage,House / apartment,-11082,-3593,1,0,1,0,Medicine staff,3
5170475,F,N,Y,1,171000,State servant,Higher education,Civil marriage,House / apartment,-11082,-3593,1,0,1,0,Medicine staff,3
5170484,M,N,Y,0,90000,Working,Secondary / secondary special,Married,House / apartment,-17544,-1856,1,0,0,0,,2
5170485,F,N,Y,0,90000,Working,Secondary / secondary special,Single / not married,House / apartment,-17544,-1856,1,0,0,0,,2
5174504,M,Y,N,0,112500,Commercial associate,Secondary / secondary special,Widow,House / apartment,-17203,-3437,1,1,0,0,Drivers,1
5174723,M,N,Y,0,92250,Pensioner,Secondary / secondary special,Married,House / apartment,-20275,365243,1,0,0,0,,2
5174908,M,N,Y,0,99000,Commercial associate,Secondary / secondary special,Married,House / apartment,-15160,-242,1,0,0,0,Security staff,2
5177424,M,Y,Y,0,90000,Working,Secondary / secondary special,Single / not married,House / apartment,-8486,-904,1,0,0,0,Drivers,1
5178285,F,Y,N,0,112500,Commercial associate,Incomplete higher,Married,House / apartment,-9853,-2061,1,1,1,0,,2
5180474,M,N,N,0,247500,Working,Secondary / secondary special,Married,House / apartment,-17541,-1198,1,0,0,0,Sales staff,2
5180495,M,N,Y,2,117000,Pensioner,Secondary / secondary special,Married,House / apartment,-21865,365243,1,0,1,0,,4
5180593,F,N,Y,0,225000,Working,Higher education,Civil marriage,House / apartment,-18550,-3659,1,0,1,0,Core staff,2
5180595,M,N,Y,0,144000,Working,Secondary / secondary special,Married,House / apartment,-22262,-1468,1,1,1,0,Cleaning staff,2
5180606,M,Y,N,1,495000,Working,Secondary / secondary special,Married,House / apartment,-12693,-4887,1,0,0,0,Drivers,3
5180741,F,N,Y,0,270000,Commercial associate,Secondary / secondary special,Married,House / apartment,-18721,-2330,1,1,1,0,Medicine staff,2
5180773,M,Y,Y,0,225000,Working,Secondary / secondary special,Married,House / apartment,-12261,-1164,1,0,0,0,Drivers,2
5180818,F,Y,Y,0,180000,Commercial associate,Secondary / secondary special,Separated,House / apartment,-13768,-1069,1,0,0,0,Laborers,1
5180852,F,N,Y,0,157500,Pensioner,Secondary / secondary special,Widow,House / apartment,-23599,365243,1,0,0,0,,1
5180853,F,N,N,0,157500,Pensioner,Secondary / secondary special,Widow,House / apartment,-23599,365243,1,0,0,0,,1
5180854,F,N,N,0,157500,Pensioner,Secondary / secondary special,Widow,House / apartment,-23599,365243,1,0,0,0,,1
5180855,F,N,Y,0,157500,Pensioner,Secondary / secondary special,Widow,House / apartment,-23599,365243,1,0,0,0,,1
5180892,M,Y,Y,2,112500,Working,Secondary / secondary special,Married,House / apartment,-16033,-1527,1,0,1,0,Laborers,4
5182836,F,Y,Y,1,135000,State servant,Secondary / secondary special,Married,House / apartment,-14400,-1551,1,0,0,0,Medicine staff,3
5185436,M,N,Y,0,247500,Commercial associate,Higher education,Married,House / apartment,-18872,-1904,1,0,0,0,Managers,2
5185459,F,N,Y,0,378000,Working,Secondary / secondary special,Married,House / apartment,-11962,-3031,1,1,1,1,,2
5185460,F,N,Y,0,378000,Working,Secondary / secondary special,Married,House / apartment,-11962,-3031,1,1,1,1,,2
5185463,F,N,Y,0,378000,Working,Secondary / secondary special,Married,House / apartment,-11962,-3031,1,1,1,0,,2
5185500,M,Y,Y,0,675000,Commercial associate,Higher education,Married,House / apartment,-16243,-1730,1,0,0,0,Drivers,2
5185579,M,Y,N,1,225000,Working,Secondary / secondary special,Single / not married,With parents,-11785,-4287,1,0,0,0,Drivers,3
5185581,M,Y,N,0,135000,Working,Secondary / secondary special,Single / not married,House / apartment,-13904,-2003,1,0,0,0,,1
5185662,F,N,Y,0,153000,Pensioner,Secondary / secondary special,Married,House / apartment,-22824,365243,1,0,1,0,,2
5185667,F,N,Y,0,153000,Pensioner,Secondary / secondary special,Married,House / apartment,-22824,365243,1,0,1,0,,2
5185698,F,Y,Y,1,157500,Working,Secondary / secondary special,Married,House / apartment,-14612,-6113,1,0,0,0,High skill tech staff,1
5185750,F,Y,Y,0,153000,Commercial associate,Secondary / secondary special,Married,House / apartment,-18984,-2916,1,1,1,0,,2
5185810,F,Y,Y,0,67500,Working,Secondary / secondary special,Single / not married,House / apartment,-16912,-1546,1,0,1,0,Laborers,2
5185811,F,Y,Y,0,67500,Working,Secondary / secondary special,Single / not married,House / apartment,-16912,-1546,1,0,1,0,Laborers,2
5185949,F,N,N,0,108000,Working,Secondary / secondary special,Single / not married,House / apartment,-16968,-3495,1,0,0,0,,2
5189622,M,N,Y,1,135000,Working,Secondary / secondary special,Single / not married,House / apartment,-10271,-1461,1,0,0,0,,2
5189623,F,N,Y,1,135000,Working,Secondary / secondary special,Single / not married,House / apartment,-10271,-1461,1,0,0,0,,2
5189624,F,N,Y,1,135000,Working,Secondary / secondary special,Single / not married,House / apartment,-10271,-1461,1,0,0,0,,2
5189627,M,Y,N,0,270000,Pensioner,Secondary / secondary special,Widow,Municipal apartment,-16839,-5387,1,0,0,0,Laborers,1
5190068,M,Y,Y,0,180000,Commercial associate,Higher education,Married,House / apartment,-17790,-1188,1,1,1,0,Managers,2
5190069,M,Y,Y,0,180000,Commercial associate,Higher education,Married,House / apartment,-17790,-1188,1,1,1,0,Managers,2
5190070,M,Y,Y,0,180000,Commercial associate,Higher education,Married,House / apartment,-17790,-1188,1,1,1,0,Managers,2
5190071,M,Y,Y,0,180000,Commercial associate,Higher education,Married,House / apartment,-17790,-1188,1,1,1,0,Managers,2
5193321,F,N,N,0,130500,Working,Higher education,Separated,House / apartment,-21554,-3346,1,0,0,0,HR staff,1
5193323,F,N,N,0,130500,Working,Higher education,Separated,House / apartment,-21554,-3346,1,0,0,0,HR staff,1
5193659,F,N,N,0,157500,Pensioner,Secondary / secondary special,Married,House / apartment,-22655,365243,1,0,0,0,,2
5193853,M,N,Y,0,90000,Pensioner,Secondary / secondary special,Married,House / apartment,-22433,365243,1,0,0,0,,2
5196820,M,Y,Y,1,270000,Working,Secondary / secondary special,Married,House / apartment,-12049,-719,1,0,0,0,Drivers,3
5196871,F,N,Y,1,270000,Working,Higher education,Single / not married,House / apartment,-17363,-262,1,0,1,1,Managers,3
5197670,M,Y,Y,1,90000,Working,Secondary / secondary special,Married,House / apartment,-13347,-2394,1,0,0,0,Security staff,3
5198187,M,N,Y,0,225000,Commercial associate,Higher education,Single / not married,House / apartment,-11676,-1570,1,1,0,0,Managers,1
5198226,F,N,Y,2,45000,Working,Secondary / secondary special,Married,House / apartment,-14915,-839,1,0,0,0,Laborers,4
5198227,M,N,Y,2,45000,Working,Secondary / secondary special,Married,House / apartment,-14915,-839,1,0,0,0,Laborers,4
5198410,F,N,Y,0,135000,Working,Secondary / secondary special,Single / not married,House / apartment,-24437,-2605,1,0,0,0,,1
5198454,F,N,Y,0,135000,Pensioner,Secondary / secondary special,Married,House / apartment,-22054,365243,1,0,0,0,,2
5202720,F,N,N,0,112500,Commercial associate,Secondary / secondary special,Married,House / apartment,-18184,-7819,1,0,0,0,Cooking staff,2
5202721,F,N,N,0,112500,Pensioner,Secondary / secondary special,Married,House / apartment,-18184,-7819,1,0,0,0,Cooking staff,2
5202769,F,N,Y,0,337500,Pensioner,Incomplete higher,Married,House / apartment,-21316,365243,1,0,1,0,,2
5202830,F,N,Y,0,112500,Pensioner,Secondary / secondary special,Widow,House / apartment,-23565,365243,1,0,1,0,,1
5205206,M,Y,Y,1,270000,Working,Secondary / secondary special,Married,House / apartment,-14869,-868,1,1,1,0,Laborers,3
5205207,M,Y,Y,1,270000,Working,Secondary / secondary special,Single / not married,House / apartment,-14869,-868,1,1,1,0,Laborers,3
5205210,M,Y,Y,1,270000,Working,Secondary / secondary special,Married,House / apartment,-14869,-868,1,1,1,0,Laborers,3
5205323,M,Y,Y,0,148500,Working,Higher education,Single / not married,House / apartment,-15163,-4490,1,0,0,0,Core staff,2
5205553,F,N,Y,0,157500,Pensioner,Secondary / secondary special,Widow,House / apartment,-22778,365243,1,0,1,0,,1
5205554,F,N,Y,0,157500,Pensioner,Secondary / secondary special,Widow,House / apartment,-22778,365243,1,0,1,0,,1
5205555,F,N,Y,0,157500,Pensioner,Secondary / secondary special,Widow,House / apartment,-22778,365243,1,0,1,0,,1
5205556,F,N,Y,0,157500,Pensioner,Secondary / secondary special,Widow,House / apartment,-22778,365243,1,0,1,0,,1
5205557,F,N,Y,0,157500,Pensioner,Secondary / secondary special,Widow,House / apartment,-22778,365243,1,0,1,0,,1
5207668,F,N,N,1,90000,Working,Higher education,Married,House / apartment,-12783,-4108,1,0,0,0,HR staff,3
5207822,M,N,Y,1,135000,Working,Secondary / secondary special,Married,House / apartment,-10333,-881,1,0,0,0,Drivers,1
5207823,M,N,Y,1,135000,Working,Secondary / secondary special,Married,House / apartment,-10333,-881,1,0,0,0,Drivers,3
5207826,M,N,Y,1,135000,Working,Secondary / secondary special,Married,House / apartment,-10333,-881,1,0,0,0,Drivers,3
5207828,M,N,Y,1,135000,Working,Secondary / secondary special,Married,House / apartment,-10333,-881,1,0,0,0,Drivers,3
5207829,M,N,Y,1,135000,Working,Secondary / secondary special,Married,House / apartment,-10333,-881,1,0,0,0,Drivers,3
5208094,F,N,Y,0,225000,State servant,Secondary / secondary special,Married,House / apartment,-17972,-3316,1,0,0,0,,2
5208096,F,N,Y,0,225000,State servant,Secondary / secondary special,Single / not married,House / apartment,-17972,-3316,1,0,0,0,,2
5213249,F,N,N,0,225000,Pensioner,Higher education,Single / not married,Municipal apartment,-21596,365243,1,0,1,0,,1
5213251,F,N,N,0,225000,Pensioner,Higher education,Single / not married,Municipal apartment,-21596,365243,1,0,1,0,,1
5213320,M,Y,N,1,90000,Working,Secondary / secondary special,Civil marriage,House / apartment,-14218,-1600,1,1,1,0,Laborers,3
5213327,M,Y,N,1,90000,Working,Secondary / secondary special,Civil marriage,House / apartment,-14218,-1600,1,1,1,0,Laborers,3
5213416,F,Y,N,0,270000,Commercial associate,Higher education,Married,House / apartment,-12343,-504,1,0,1,0,Managers,2
5213550,F,N,N,0,247500,Working,Higher education,Married,House / apartment,-17775,-4653,1,0,0,0,Accountants,2
5223188,F,Y,N,0,382500,Commercial associate,Higher education,Single / not married,House / apartment,-10578,-1648,1,1,1,0,Sales staff,1
5223526,M,Y,N,0,108000,State servant,Higher education,Single / not married,House / apartment,-12286,-3474,1,0,0,0,Managers,1
5223702,M,N,N,2,225000,Working,Secondary / secondary special,Separated,House / apartment,-14527,-2926,1,1,1,0,Laborers,3
5223768,F,Y,N,0,135000,Working,Secondary / secondary special,Married,With parents,-12151,-1344,1,1,1,0,Sales staff,2
5223781,F,N,N,1,90000,Working,Secondary / secondary special,Married,House / apartment,-11070,-978,1,0,0,0,Sales staff,3
5223782,F,N,N,1,90000,Working,Secondary / secondary special,Married,House / apartment,-11070,-978,1,0,0,0,Sales staff,3
5224135,F,N,Y,0,117000,Pensioner,Secondary / secondary special,Married,House / apartment,-21461,365243,1,0,0,0,,2
5224385,F,N,N,2,135000,Working,Secondary / secondary special,Separated,House / apartment,-13104,-125,1,0,0,0,Laborers,1
5224497,F,N,Y,1,121500,Working,Secondary / secondary special,Married,House / apartment,-16118,-217,1,0,0,0,Cooking staff,3
5224553,M,Y,Y,1,270000,Working,Secondary / secondary special,Married,House / apartment,-10953,-1129,1,0,0,0,Laborers,3
5224567,F,Y,N,1,175500,Commercial associate,Higher education,Married,With parents,-15915,-2498,1,0,0,0,,3
5224662,F,N,Y,0,90000,Working,Secondary / secondary special,Single / not married,House / apartment,-19254,-186,1,1,0,0,Sales staff,1
5224712,M,Y,Y,1,202500,Working,Higher education,Single / not married,House / apartment,-14304,-763,1,0,0,0,,2
5228825,M,Y,Y,0,180000,Working,Secondary / secondary special,Married,House / apartment,-13052,-1009,1,0,0,0,High skill tech staff,2
5228928,F,N,Y,0,157500,Pensioner,Secondary / secondary special,Widow,House / apartment,-23444,365243,1,0,0,0,,1
5229087,F,N,N,0,85500,Commercial associate,Higher education,Single / not married,House / apartment,-10760,-674,1,0,0,0,,1
5235620,M,Y,Y,2,202500,Commercial associate,Higher education,Married,House / apartment,-14277,-1557,1,0,0,0,Sales staff,4
5235635,F,N,Y,0,157500,Working,Secondary / secondary special,Married,House / apartment,-15857,-3567,1,1,1,0,Sales staff,2
5235836,M,N,Y,0,67500,Working,Secondary / secondary special,Single / not married,House / apartment,-17020,-127,1,0,1,0,Security staff,1
5235864,F,N,Y,0,90000,Working,Secondary / secondary special,Separated,House / apartment,-17249,-371,1,1,0,0,Sales staff,1
5235866,F,N,Y,0,90000,Working,Secondary / secondary special,Separated,House / apartment,-17249,-371,1,1,0,0,Sales staff,1
5235986,M,N,Y,0,180000,Pensioner,Higher education,Separated,House / apartment,-20376,-4420,1,0,0,1,Core staff,1
5235990,F,N,Y,0,180000,State servant,Higher education,Separated,House / apartment,-20376,-4420,1,0,0,1,Core staff,1
5235992,F,N,Y,0,180000,Pensioner,Higher education,Separated,House / apartment,-20376,-4420,1,0,0,1,Core staff,1
5235994,F,N,Y,0,180000,State servant,Higher education,Separated,House / apartment,-20376,-4420,1,0,0,1,Core staff,1
5235995,F,N,Y,0,180000,State servant,Higher education,Separated,House / apartment,-20376,-4420,1,0,0,1,Core staff,1
5236028,M,Y,Y,0,256500,Working,Higher education,Single / not married,House / apartment,-9785,-1345,1,0,0,1,High skill tech staff,1
5236031,M,Y,Y,0,256500,Working,Higher education,Single / not married,House / apartment,-9785,-1345,1,0,0,1,High skill tech staff,1
5236074,F,N,N,2,135000,Working,Secondary / secondary special,Separated,House / apartment,-13841,-522,1,0,0,1,Sales staff,3
5236198,F,Y,Y,0,130500,Working,Higher education,Married,House / apartment,-19880,-218,1,0,0,1,Core staff,2
5236234,F,Y,Y,0,252000,Working,Secondary / secondary special,Single / not married,House / apartment,-19630,-3263,1,0,0,0,Sales staff,1
5236239,M,Y,Y,0,252000,Working,Secondary / secondary special,Single / not married,House / apartment,-19630,-3263,1,0,0,0,Sales staff,1
5236723,F,N,N,0,139500,Working,Higher education,Single / not married,House / apartment,-11835,-980,1,0,1,0,,1
5236775,M,N,N,0,360000,Pensioner,Higher education,Married,House / apartment,-20804,365243,1,0,1,0,,2
5236782,F,N,N,0,360000,Pensioner,Higher education,Married,House / apartment,-20804,365243,1,0,1,0,,2
5237122,M,Y,N,0,65250,Pensioner,Secondary / secondary special,Single / not married,House / apartment,-22060,365243,1,0,0,0,,2
5237451,F,N,N,0,128700,Pensioner,Secondary / secondary special,Single / not married,House / apartment,-22861,365243,1,0,0,1,,1
5237537,M,Y,N,0,270000,Working,Secondary / secondary special,Married,With parents,-11842,-158,1,0,0,0,Laborers,2
5237578,M,Y,Y,2,243000,Working,Secondary / secondary special,Married,House / apartment,-11926,-1833,1,0,1,0,Drivers,4
5237599,M,Y,N,0,202500,Working,Secondary / secondary special,Single / not married,House / apartment,-12404,-827,1,0,1,0,Laborers,1
5237756,F,Y,Y,0,405000,Commercial associate,Higher education,Married,House / apartment,-11641,-1315,1,0,0,0,,2
5237757,F,Y,Y,0,405000,Commercial associate,Higher education,Married,House / apartment,-11641,-1315,1,0,0,1,,2
5241604,F,N,Y,0,157500,State servant,Secondary / secondary special,Single / not married,House / apartment,-16570,-2972,1,0,0,0,Waiters/barmen staff,1
5241714,M,Y,Y,0,270000,Pensioner,Higher education,Married,House / apartment,-24105,365243,1,0,0,0,,2
5241715,M,Y,Y,0,270000,Pensioner,Higher education,Married,House / apartment,-24105,365243,1,0,0,0,,2
5242059,M,Y,Y,1,135000,Working,Secondary / secondary special,Single / not married,House / apartment,-17481,-90,1,0,0,0,Laborers,2
5242061,M,Y,Y,1,135000,Working,Secondary / secondary special,Single / not married,House / apartment,-17481,-90,1,0,0,0,Laborers,2
5242210,F,N,Y,0,81000,Pensioner,Secondary / secondary special,Married,House / apartment,-23066,365243,1,0,0,0,,2
5242211,F,N,Y,0,81000,Pensioner,Secondary / secondary special,Married,House / apartment,-23066,365243,1,0,0,0,,2
5242544,F,N,Y,0,270000,Commercial associate,Incomplete higher,Civil marriage,House / apartment,-16168,-2953,1,1,1,0,,2
5252937,M,N,Y,0,225000,Commercial associate,Incomplete higher,Married,House / apartment,-17888,-249,1,0,0,0,Sales staff,2
5252938,M,N,N,0,225000,Commercial associate,Incomplete higher,Married,House / apartment,-17888,-249,1,0,0,0,Sales staff,2
5254492,M,Y,N,0,157500,Working,Secondary / secondary special,Single / not married,House / apartment,-10347,-678,1,0,1,0,,1
5254493,M,Y,N,0,157500,Working,Secondary / secondary special,Single / not married,House / apartment,-10347,-678,1,0,1,0,,1
5258227,M,N,Y,0,135000,Working,Higher education,Single / not married,With parents,-10327,-185,1,1,0,0,Sales staff,1
5258228,F,N,Y,0,135000,Working,Higher education,Single / not married,With parents,-10327,-185,1,1,0,0,Sales staff,1
5258324,M,Y,Y,2,144000,Commercial associate,Secondary / secondary special,Married,House / apartment,-13789,-3572,1,0,0,0,Laborers,4
5258435,F,N,Y,0,171000,Commercial associate,Higher education,Married,House / apartment,-14817,-4515,1,0,0,0,Sales staff,2
5258583,F,N,N,0,126000,Pensioner,Higher education,Widow,House / apartment,-23628,365243,1,0,0,0,,1
5258781,F,Y,N,0,225000,Working,Secondary / secondary special,Married,House / apartment,-15633,-2111,1,0,0,0,Drivers,2
5258859,M,N,Y,3,193500,Working,Secondary / secondary special,Civil marriage,House / apartment,-11324,-735,1,0,0,1,Laborers,5
5259955,M,Y,Y,0,315000,Pensioner,Secondary / secondary special,Single / not married,House / apartment,-17855,-1595,1,0,0,0,Laborers,1
5260402,M,N,N,0,36000,Pensioner,Secondary / secondary special,Married,House / apartment,-20633,365243,1,0,1,0,,2
5260403,F,N,N,0,36000,Pensioner,Secondary / secondary special,Married,House / apartment,-20633,365243,1,0,1,0,,2
5267978,F,N,Y,0,450000,Commercial associate,Higher education,Separated,House / apartment,-19444,-732,1,1,1,0,Managers,1
5268219,M,N,N,0,157500,Commercial associate,Incomplete higher,Single / not married,Municipal apartment,-13715,-1867,1,0,0,0,Security staff,1
5268229,M,Y,N,0,112500,Working,Secondary / secondary special,Married,House / apartment,-16127,-1686,1,0,1,0,Managers,2
5268355,F,Y,Y,0,112500,Working,Higher education,Married,House / apartment,-12550,-2081,1,0,0,0,Secretaries,2
5268358,F,Y,Y,0,112500,Working,Higher education,Married,House / apartment,-12550,-2081,1,0,0,0,Secretaries,2
5268545,F,Y,Y,0,90000,Working,Secondary / secondary special,Married,House / apartment,-20014,-406,1,0,0,0,High skill tech staff,2
5268547,F,Y,Y,0,90000,Working,Secondary / secondary special,Married,House / apartment,-20014,-406,1,0,0,0,High skill tech staff,2
5268549,F,Y,Y,0,90000,Working,Secondary / secondary special,Married,House / apartment,-20014,-406,1,0,0,0,High skill tech staff,2
5268551,F,Y,N,0,90000,Working,Secondary / secondary special,Married,House / apartment,-20014,-406,1,0,0,0,High skill tech staff,2
5268580,F,N,N,0,135000,Pensioner,Secondary / secondary special,Married,House / apartment,-21164,365243,1,0,0,0,,2
5268898,F,Y,Y,0,292500,Commercial associate,Higher education,Married,House / apartment,-17932,-3121,1,0,0,0,Laborers,2
5269133,M,Y,N,1,180000,Working,Secondary / secondary special,Single / not married,House / apartment,-15160,-4096,1,1,0,0,,2
5269216,M,Y,N,0,157500,Working,Secondary / secondary special,Separated,House / apartment,-13913,-3607,1,0,1,0,Drivers,1
5270617,M,N,N,0,360000,Pensioner,Higher education,Single / not married,House / apartment,-21907,-4782,1,1,0,0,Managers,2
5270684,F,N,N,0,193500,Commercial associate,Secondary / secondary special,Widow,House / apartment,-12919,-399,1,1,0,0,Laborers,1
5270700,F,N,N,0,49500,Pensioner,Lower secondary,Married,House / apartment,-21521,365243,1,0,1,0,,2
5270826,M,Y,N,0,1350000,Working,Secondary / secondary special,Married,House / apartment,-14047,-1038,1,0,0,0,Managers,2
5271250,F,N,Y,1,225000,State servant,Higher education,Married,House / apartment,-12884,-5392,1,0,0,0,High skill tech staff,3
5271290,M,Y,Y,0,225000,Commercial associate,Secondary / secondary special,Married,House / apartment,-19463,-825,1,0,0,0,Drivers,2
5271648,M,Y,N,0,315000,Pensioner,Higher education,Married,House / apartment,-17471,-359,1,0,0,0,,2
5278613,M,Y,Y,1,405000,Commercial associate,Secondary / secondary special,Single / not married,House / apartment,-14740,-1434,1,0,1,0,Managers,3
5278615,M,Y,N,1,405000,Commercial associate,Secondary / secondary special,Single / not married,House / apartment,-14740,-1434,1,0,1,0,Managers,3
5278876,F,N,Y,0,121500,Working,Secondary / secondary special,Married,House / apartment,-18971,-8161,1,0,0,0,Managers,2
5279135,M,Y,N,0,76500,State servant,Secondary / secondary special,Married,House / apartment,-9928,-1526,1,1,0,1,High skill tech staff,2
5279305,M,Y,Y,1,202500,Working,Secondary / secondary special,Civil marriage,House / apartment,-10359,-3062,1,0,0,0,Cooking staff,3
5279319,M,Y,Y,0,225000,Commercial associate,Secondary / secondary special,Separated,House / apartment,-15268,-3153,1,1,0,0,Managers,1
5279376,F,N,Y,0,90000,Working,Secondary / secondary special,Civil marriage,House / apartment,-17571,-474,1,0,0,0,Cooking staff,2
5279383,F,N,Y,0,90000,Working,Secondary / secondary special,Civil marriage,House / apartment,-17571,-474,1,0,0,0,Cooking staff,2
5279507,M,N,Y,0,157500,Working,Secondary / secondary special,Civil marriage,House / apartment,-17618,-1647,1,1,1,1,Drivers,2
5282555,F,N,Y,0,225000,Commercial associate,Secondary / secondary special,Civil marriage,House / apartment,-16589,-3895,1,0,1,0,Laborers,2
5282586,F,N,N,0,225000,Commercial associate,Higher education,Civil marriage,House / apartment,-15439,-2281,1,0,0,0,Sales staff,2
5282591,F,N,N,0,225000,Commercial associate,Higher education,Civil marriage,House / apartment,-15439,-2281,1,0,0,0,Sales staff,2
5282675,F,Y,Y,2,202500,Working,Secondary / secondary special,Married,House / apartment,-12803,-2097,1,0,1,0,Core staff,4
5284577,F,Y,Y,1,135000,Working,Higher education,Civil marriage,House / apartment,-11621,-1408,1,0,1,0,Core staff,1
5289812,M,N,Y,2,247500,Commercial associate,Secondary / secondary special,Married,House / apartment,-14199,-648,1,1,1,0,,4
5289923,F,N,Y,0,180000,Pensioner,Higher education,Married,House / apartment,-24283,365243,1,0,0,0,,2
5289931,M,Y,Y,0,112500,Working,Secondary / secondary special,Married,House / apartment,-20880,-436,1,0,1,0,Drivers,2
5290033,F,Y,Y,1,81000,Working,Secondary / secondary special,Married,House / apartment,-13222,-1624,1,0,0,0,,3
5290039,F,Y,Y,1,81000,Working,Secondary / secondary special,Married,House / apartment,-13222,-1624,1,0,0,0,,3
5290041,M,Y,Y,1,81000,Working,Secondary / secondary special,Single / not married,House / apartment,-13222,-1624,1,0,0,0,,3
5290146,M,Y,N,2,225000,Working,Secondary / secondary special,Married,House / apartment,-16140,-2902,1,0,0,0,Laborers,4
5290151,F,N,Y,0,112500,Working,Secondary / secondary special,Married,House / apartment,-12755,-2720,1,0,0,0,Sales staff,2
5290213,M,Y,Y,0,135000,Working,Secondary / secondary special,Married,House / apartment,-17091,-679,1,0,0,0,Drivers,2
5290214,M,Y,Y,0,135000,Working,Secondary / secondary special,Married,House / apartment,-17091,-679,1,0,0,0,Drivers,2
5290271,M,N,Y,0,112500,Pensioner,Secondary / secondary special,Married,House / apartment,-22228,365243,1,0,0,0,,2
5290634,F,N,N,0,76500,Working,Secondary / secondary special,Married,House / apartment,-17055,-3136,1,1,0,0,Laborers,2
5290743,M,Y,Y,1,180000,Working,Incomplete higher,Married,House / apartment,-12574,-2647,1,0,0,0,Core staff,3
5290809,M,Y,N,0,180000,Commercial associate,Secondary / secondary special,Single / not married,House / apartment,-15292,-148,1,0,0,0,Managers,2
5290876,F,N,N,0,49500,Pensioner,Secondary / secondary special,Single / not married,Municipal apartment,-21721,365243,1,0,1,0,,2
5290884,F,N,N,0,112500,Working,Higher education,Married,House / apartment,-13728,-5867,1,1,0,0,Laborers,2
5291012,F,N,Y,0,103500,Pensioner,Secondary / secondary special,Married,House / apartment,-21089,365243,1,0,1,0,,2
5295460,M,N,Y,1,180000,Commercial associate,Higher education,Civil marriage,House / apartment,-17905,-444,1,0,0,0,Security staff,3
5295461,M,N,Y,1,180000,Pensioner,Higher education,Civil marriage,House / apartment,-17905,-444,1,0,0,0,Security staff,3
5295464,M,N,Y,1,180000,Commercial associate,Higher education,Civil marriage,House / apartment,-17905,-444,1,0,0,0,Security staff,3
5295538,F,Y,Y,0,45000,Pensioner,Secondary / secondary special,Married,House / apartment,-20662,365243,1,0,0,0,,2
5295558,F,Y,Y,0,270000,Pensioner,Higher education,Married,House / apartment,-23357,365243,1,0,1,0,,2
5295560,F,Y,Y,0,270000,Pensioner,Higher education,Single / not married,House / apartment,-23357,365243,1,0,1,0,,2
5295869,F,Y,N,0,135000,Commercial associate,Secondary / secondary special,Married,House / apartment,-11829,-1724,1,0,0,0,Laborers,2
5295887,F,N,Y,0,157500,Pensioner,Secondary / secondary special,Married,House / apartment,-22019,365243,1,0,0,0,,2
5296442,F,N,N,1,157500,Working,Secondary / secondary special,Single / not married,House / apartment,-11722,-1390,1,1,0,0,Sales staff,2
5296487,M,N,N,0,90000,Pensioner,Secondary / secondary special,Married,House / apartment,-18067,-5559,1,1,1,0,Laborers,2
5296492,F,N,N,0,31500,Pensioner,Secondary / secondary special,Married,House / apartment,-21475,365243,1,0,0,0,,2
5296517,F,N,N,0,157500,Working,Secondary / secondary special,Married,House / apartment,-17004,-3490,1,1,0,0,Medicine staff,2
5297024,M,N,N,0,157500,Working,Secondary / secondary special,Married,House / apartment,-18327,-7288,1,1,0,0,Laborers,2
5297070,M,Y,N,1,270000,Commercial associate,Incomplete higher,Separated,House / apartment,-12473,-1444,1,0,1,0,Drivers,2
5297071,M,Y,N,1,270000,Commercial associate,Incomplete higher,Separated,House / apartment,-12473,-1444,1,0,1,0,Drivers,2
5297107,M,Y,N,2,675000,Working,Secondary / secondary special,Married,Rented apartment,-11966,-804,1,0,0,0,Managers,4
5297120,F,N,Y,0,126000,Commercial associate,Higher education,Married,House / apartment,-17459,-2784,1,1,1,0,Core staff,2
5297128,F,N,Y,0,126000,Commercial associate,Higher education,Married,House / apartment,-17459,-2784,1,1,1,0,Core staff,2
5297263,F,N,N,1,81000,Pensioner,Secondary / secondary special,Widow,House / apartment,-20704,365243,1,0,1,0,,2
5297328,F,N,N,1,117000,Working,Higher education,Married,House / apartment,-11484,-2191,1,1,0,0,Core staff,1
5297331,F,N,N,1,117000,Working,Higher education,Married,House / apartment,-11484,-2191,1,1,0,0,Core staff,3
5297463,F,Y,N,3,112500,Working,Secondary / secondary special,Separated,Municipal apartment,-13212,-3471,1,0,0,0,Laborers,4
5297575,M,Y,N,1,216000,Working,Higher education,Married,House / apartment,-13532,-4079,1,0,1,0,Accountants,3
5297617,F,Y,N,0,270000,Working,Higher education,Single / not married,House / apartment,-14470,-1887,1,0,0,1,Managers,2
5297621,F,Y,N,0,270000,Working,Higher education,Married,House / apartment,-14470,-1887,1,0,0,1,Managers,2
5297815,M,Y,N,0,202500,Commercial associate,Secondary / secondary special,Married,House / apartment,-11898,-153,1,0,0,0,Laborers,2
5298191,F,N,Y,0,90000,Working,Secondary / secondary special,Widow,House / apartment,-19944,-1632,1,0,0,0,Laborers,1
5298193,F,N,Y,0,90000,Working,Secondary / secondary special,Widow,House / apartment,-19944,-1632,1,0,0,0,Laborers,1
5298376,F,N,Y,2,40500,Working,Secondary / secondary special,Married,House / apartment,-12360,-1022,1,0,0,0,,4
5298377,F,N,Y,2,40500,Working,Secondary / secondary special,Married,House / apartment,-12360,-1022,1,0,0,0,,4
5298378,F,N,Y,2,40500,Working,Secondary / secondary special,Married,House / apartment,-12360,-1022,1,0,0,0,,4
5298489,F,Y,Y,0,171000,State servant,Secondary / secondary special,Married,House / apartment,-21233,-5223,1,0,1,0,High skill tech staff,2
5307087,M,Y,Y,2,540000,Working,Secondary / secondary special,Married,House / apartment,-13718,-2490,1,0,1,0,Managers,1
5307359,F,Y,Y,0,247500,Working,Higher education,Married,With parents,-10589,-1843,1,0,0,0,Sales staff,2
5307374,F,N,Y,1,180000,Pensioner,Secondary / secondary special,Single / not married,House / apartment,-10185,-1935,1,0,0,0,Core staff,3
5307378,M,Y,N,0,81000,Working,Secondary / secondary special,Single / not married,House / apartment,-13632,-2698,1,0,0,0,Drivers,1
5307437,M,N,N,0,180000,Working,Secondary / secondary special,Married,House / apartment,-13872,-2270,1,0,1,0,,2
5307465,M,N,N,0,126000,Pensioner,Higher education,Single / not married,House / apartment,-19223,365243,1,0,0,0,,2
5313503,F,N,Y,0,202500,Pensioner,Higher education,Separated,House / apartment,-22599,365243,1,0,0,0,,1
5313525,M,Y,Y,2,247500,Pensioner,Secondary / secondary special,Married,House / apartment,-12597,-410,1,0,0,0,Laborers,4
5313528,M,Y,Y,2,247500,Commercial associate,Secondary / secondary special,Married,House / apartment,-12597,-410,1,0,0,0,Laborers,1
5313845,F,Y,Y,1,139500,Pensioner,Higher education,Married,House / apartment,-20908,365243,1,0,0,1,,3
5314030,M,Y,Y,2,270000,Commercial associate,Secondary / secondary special,Married,House / apartment,-14017,-1321,1,0,0,0,Managers,1
5314056,F,N,Y,0,157500,Working,Secondary / secondary special,Married,House / apartment,-15039,-8445,1,1,0,0,Laborers,2
5314062,M,N,N,1,360000,Working,Higher education,Widow,Municipal apartment,-14181,-1564,1,1,0,1,Managers,2
5314127,F,N,Y,0,162000,Pensioner,Secondary / secondary special,Married,House / apartment,-20876,365243,1,0,0,0,,2
5314253,M,N,Y,2,225000,Commercial associate,Secondary / secondary special,Married,House / apartment,-15116,-682,1,0,0,0,Drivers,4
5314316,M,Y,N,0,336825,State servant,Higher education,Single / not married,House / apartment,-10143,-986,1,0,1,0,Core staff,1
5314543,F,N,N,2,216000,Working,Secondary / secondary special,Single / not married,House / apartment,-11341,-2263,1,1,0,0,Laborers,3
5314733,M,N,Y,0,126000,Working,Higher education,Married,House / apartment,-20592,-6799,1,1,1,0,,2
5315108,F,Y,Y,2,112500,Working,Secondary / secondary special,Married,House / apartment,-14644,-6800,1,1,1,0,Medicine staff,4
5317541,F,N,Y,3,157500,Working,Higher education,Married,House / apartment,-15802,-4382,1,0,0,1,High skill tech staff,5
5317542,F,N,Y,3,157500,Working,Higher education,Married,House / apartment,-15802,-4382,1,0,0,1,High skill tech staff,5
5317613,F,Y,Y,1,180000,Working,Higher education,Civil marriage,House / apartment,-10984,-1460,1,0,0,0,Managers,3
5320130,F,N,N,0,157500,Pensioner,Secondary / secondary special,Married,House / apartment,-22655,365243,1,0,0,0,,2
5322531,M,Y,N,0,130500,Working,Secondary / secondary special,Married,House / apartment,-16256,-1046,1,0,1,0,Laborers,2
5332032,F,N,Y,0,157500,Working,Secondary / secondary special,Married,House / apartment,-17211,-414,1,0,0,0,Laborers,2
5335911,F,Y,Y,0,270000,Working,Higher education,Married,House / apartment,-15917,-3050,1,1,1,0,Managers,2
5335924,F,N,N,0,202500,Pensioner,Secondary / secondary special,Widow,House / apartment,-20079,-3353,1,0,0,0,,1
5335979,F,N,N,0,112500,Commercial associate,Secondary / secondary special,Single / not married,House / apartment,-8765,-1831,1,0,0,0,Waiters/barmen staff,1
5336043,F,N,Y,2,135000,Working,Secondary / secondary special,Civil marriage,House / apartment,-14345,-2623,1,1,0,0,Medicine staff,4
5336138,F,N,Y,0,180000,Working,Secondary / secondary special,Married,House / apartment,-20877,-2300,1,0,0,0,Managers,2
5336140,F,N,Y,0,180000,Working,Secondary / secondary special,Married,House / apartment,-20877,-2300,1,0,0,0,Managers,2
5336141,F,N,Y,0,180000,Working,Secondary / secondary special,Married,House / apartment,-20877,-2300,1,0,0,0,Managers,2
5336142,F,N,Y,0,180000,Working,Secondary / secondary special,Married,House / apartment,-20877,-2300,1,0,0,0,Managers,2
5336143,M,N,Y,0,180000,Working,Secondary / secondary special,Married,House / apartment,-20877,-2300,1,0,0,0,Managers,2
5336174,F,Y,Y,0,247500,Working,Higher education,Married,With parents,-10589,-1843,1,0,0,0,Sales staff,2
5336256,F,N,N,2,99000,Working,Secondary / secondary special,Married,Office apartment,-11837,-231,1,0,0,0,Accountants,1
5336258,F,N,N,2,99000,Working,Secondary / secondary special,Married,Office apartment,-11837,-231,1,0,0,0,Accountants,4
5336307,M,N,Y,0,135000,Working,Secondary / secondary special,Separated,House / apartment,-17738,-2788,1,0,0,0,Secretaries,1
5336464,F,N,N,0,135000,Pensioner,Secondary / secondary special,Separated,House / apartment,-20588,365243,1,0,1,0,,1
5336467,F,N,N,0,135000,Pensioner,Secondary / secondary special,Separated,House / apartment,-20588,365243,1,0,1,0,,1
5336469,F,N,N,0,135000,Pensioner,Secondary / secondary special,Separated,House / apartment,-20588,365243,1,0,1,0,,1
5336627,F,N,N,0,180000,State servant,Higher education,Married,House / apartment,-15748,-475,1,1,0,0,Accountants,2
5336629,F,N,N,0,180000,State servant,Higher education,Married,House / apartment,-15748,-475,1,1,0,0,Accountants,2
5336720,F,N,N,0,225000,Working,Secondary / secondary special,Single / not married,House / apartment,-18521,-6411,1,1,1,0,Medicine staff,1
5336722,F,N,N,0,225000,Working,Secondary / secondary special,Single / not married,House / apartment,-18521,-6411,1,1,1,0,Medicine staff,1
5336782,F,Y,N,0,202500,Working,Higher education,Single / not married,House / apartment,-15746,-840,1,0,1,0,Managers,1
5336849,F,N,N,0,180000,Commercial associate,Secondary / secondary special,Married,House / apartment,-18246,-3458,1,0,0,0,Accountants,2
5336892,F,N,N,0,247500,Working,Secondary / secondary special,Separated,House / apartment,-17720,-2301,1,1,1,0,Sales staff,1
5336929,M,Y,N,0,225000,Working,Secondary / secondary special,Single / not married,House / apartment,-17832,-2148,1,0,1,0,Drivers,1
5336952,F,N,N,0,180000,Commercial associate,Higher education,Civil marriage,With parents,-15329,-202,1,1,1,0,,2
5337056,M,Y,N,0,81000,Working,Secondary / secondary special,Single / not married,House / apartment,-13632,-2698,1,0,0,0,Drivers,1
5342720,F,N,Y,0,130500,Pensioner,Secondary / secondary special,Widow,House / apartment,-23111,365243,1,0,0,0,,1
5342724,F,N,Y,0,130500,Pensioner,Secondary / secondary special,Widow,House / apartment,-23111,365243,1,0,0,0,,1
5342726,F,N,Y,0,130500,Pensioner,Secondary / secondary special,Widow,House / apartment,-23111,365243,1,0,0,0,,1
5343856,F,N,Y,0,135000,Working,Secondary / secondary special,Civil marriage,House / apartment,-17028,-214,1,0,0,0,Sales staff,2
5344083,F,Y,N,0,360000,Working,Secondary / secondary special,Single / not married,House / apartment,-22188,-5875,1,0,0,0,Managers,2
5344135,F,N,N,0,292500,Working,Secondary / secondary special,Single / not married,House / apartment,-20507,-5844,1,0,0,0,Sales staff,1
5344141,M,Y,N,0,130500,Working,Secondary / secondary special,Married,House / apartment,-20690,-12692,1,0,1,0,Security staff,2
5344663,M,Y,Y,0,157500,Working,Secondary / secondary special,Single / not married,House / apartment,-12147,-817,1,0,0,0,Drivers,2
5344855,M,Y,Y,1,180000,Working,Secondary / secondary special,Married,House / apartment,-9707,-2736,1,1,1,1,Laborers,3
5345191,M,Y,Y,1,270000,State servant,Higher education,Married,House / apartment,-15986,-427,1,1,1,0,,3
5345400,M,Y,Y,0,202500,Working,Secondary / secondary special,Single / not married,House / apartment,-10071,-1220,1,1,1,0,,1
5345403,M,Y,Y,0,202500,Working,Secondary / secondary special,Single / not married,House / apartment,-10071,-1220,1,1,1,0,,1
5345405,M,Y,N,0,202500,Working,Secondary / secondary special,Single / not married,House / apartment,-10071,-1220,1,1,1,0,,1
5345407,M,Y,Y,0,202500,Working,Secondary / secondary special,Single / not married,House / apartment,-10071,-1220,1,1,1,0,,1
5345802,M,N,Y,2,202500,Working,Secondary / secondary special,Married,House / apartment,-12170,-1950,1,0,0,0,Managers,4
5346024,M,N,Y,0,157500,Working,Higher education,Married,House / apartment,-19466,-4414,1,0,0,0,Accountants,2
5346149,M,N,Y,2,112500,Commercial associate,Secondary / secondary special,Married,House / apartment,-10632,-1127,1,0,0,0,Laborers,4
5346150,M,N,N,2,112500,Commercial associate,Secondary / secondary special,Married,House / apartment,-10632,-1127,1,0,0,0,Laborers,4
5346151,M,N,Y,2,112500,Commercial associate,Secondary / secondary special,Married,House / apartment,-10632,-1127,1,0,0,0,Laborers,4
5346152,M,N,N,2,112500,Commercial associate,Secondary / secondary special,Married,House / apartment,-10632,-1127,1,0,0,0,Laborers,4
5346198,M,N,Y,0,72000,Commercial associate,Secondary / secondary special,Married,House / apartment,-21843,-1400,1,0,0,0,Core staff,2
5346206,M,Y,N,0,157500,Working,Secondary / secondary special,Married,House / apartment,-9908,-1219,1,0,0,0,Cooking staff,2
5350140,F,Y,N,0,360000,Commercial associate,Secondary / secondary special,Married,House / apartment,-9857,-1548,1,0,1,0,,2
5350204,F,N,N,3,157500,Commercial associate,Secondary / secondary special,Married,House / apartment,-12271,-3162,1,1,0,0,Laborers,5
5350205,F,N,N,3,157500,Commercial associate,Secondary / secondary special,Married,House / apartment,-12271,-3162,1,1,0,0,Laborers,5
5350211,F,Y,N,1,180000,State servant,Higher education,Married,House / apartment,-14030,-2217,1,0,0,0,Core staff,3
5352482,F,N,Y,0,202500,Working,Secondary / secondary special,Civil marriage,House / apartment,-18711,-5167,1,0,0,0,Sales staff,2
5353472,F,N,N,0,112500,State servant,Higher education,Separated,House / apartment,-18707,-9374,1,1,0,0,Core staff,1
5353475,F,N,N,0,112500,State servant,Higher education,Separated,House / apartment,-18707,-9374,1,1,0,0,Core staff,1
5353491,F,Y,N,1,360000,Commercial associate,Higher education,Single / not married,House / apartment,-13713,-2465,1,1,1,0,Managers,2
5353503,F,Y,N,1,360000,Commercial associate,Higher education,Single / not married,House / apartment,-13713,-2465,1,1,1,0,Managers,2
5353630,M,Y,Y,2,225000,Working,Secondary / secondary special,Married,House / apartment,-16118,-5203,1,0,0,1,Laborers,1
5353658,M,Y,Y,0,81000,Working,Secondary / secondary special,Civil marriage,House / apartment,-10160,-547,1,0,0,0,Laborers,2
5353990,F,Y,N,0,360000,Working,Secondary / secondary special,Married,House / apartment,-22188,-5875,1,0,0,0,Managers,2
5353991,F,Y,N,0,360000,Working,Secondary / secondary special,Single / not married,House / apartment,-22188,-5875,1,0,0,0,Managers,2
5353996,F,Y,N,0,360000,Working,Secondary / secondary special,Married,House / apartment,-22188,-5875,1,0,0,0,Managers,2
5353999,F,Y,N,0,360000,Working,Secondary / secondary special,Married,House / apartment,-22188,-5875,1,0,0,0,Managers,2
5354003,M,Y,N,0,360000,Working,Secondary / secondary special,Married,House / apartment,-22188,-5875,1,0,0,0,Managers,2
5354005,F,Y,N,0,360000,Working,Secondary / secondary special,Married,House / apartment,-22188,-5875,1,0,0,0,Managers,2
5354123,M,Y,Y,1,202500,Working,Secondary / secondary special,Civil marriage,House / apartment,-14563,-1065,1,0,0,0,Laborers,3
5354438,F,N,Y,0,103500,Pensioner,Secondary / secondary special,Widow,House / apartment,-20540,365243,1,0,0,0,,1
5354622,M,N,Y,1,292500,Working,Higher education,Married,House / apartment,-20294,-834,1,0,0,0,Managers,3
5354713,M,Y,Y,0,225000,Working,Secondary / secondary special,Married,House / apartment,-21207,-712,1,1,1,0,,2
5354714,M,Y,Y,0,225000,Working,Secondary / secondary special,Married,House / apartment,-21207,-712,1,1,1,0,,2
5354715,M,Y,Y,0,225000,Working,Secondary / secondary special,Married,House / apartment,-21207,-712,1,1,1,0,,2
5354716,M,Y,Y,0,225000,Working,Secondary / secondary special,Married,House / apartment,-21207,-712,1,1,1,0,,2
5354815,F,N,N,2,112500,Working,Secondary / secondary special,Married,House / apartment,-14215,-408,1,0,1,0,Laborers,4
5354817,F,N,N,2,112500,Working,Secondary / secondary special,Single / not married,House / apartment,-14215,-408,1,0,1,0,Laborers,4
5354864,F,N,Y,0,225000,Commercial associate,Higher education,Single / not married,House / apartment,-10022,-530,1,1,1,0,,1
5355097,F,N,Y,2,135000,Working,Secondary / secondary special,Separated,House / apartment,-13754,-5945,1,1,1,0,Drivers,3
5355107,F,N,Y,0,103500,Working,Secondary / secondary special,Married,House / apartment,-19286,-11942,1,0,0,0,Medicine staff,2
5355203,F,N,N,1,171000,Commercial associate,Higher education,Separated,House / apartment,-14894,-862,1,1,0,1,Core staff,2
5355411,F,N,Y,0,180000,Commercial associate,Higher education,Separated,House / apartment,-16310,-564,1,0,0,0,High skill tech staff,1
5355413,F,N,Y,0,180000,Commercial associate,Higher education,Separated,House / apartment,-16310,-564,1,0,0,0,High skill tech staff,1
5355414,F,N,Y,0,180000,Commercial associate,Higher education,Separated,House / apartment,-16310,-564,1,0,0,0,High skill tech staff,1
5355416,F,N,Y,0,180000,Commercial associate,Higher education,Separated,House / apartment,-16310,-564,1,0,0,0,High skill tech staff,1
5355426,F,N,Y,0,90000,Commercial associate,Secondary / secondary special,Married,House / apartment,-18717,-7017,1,0,1,0,Laborers,2
5355696,F,N,Y,0,135000,Pensioner,Secondary / secondary special,Widow,House / apartment,-22519,365243,1,0,0,0,,1
5355743,F,N,Y,1,112500,Working,Secondary / secondary special,Married,House / apartment,-11900,-2237,1,0,0,0,Sales staff,3
5355766,F,N,Y,1,103500,Working,Secondary / secondary special,Married,House / apartment,-16388,-4825,1,0,1,0,Managers,3
5358993,F,Y,N,3,135000,Working,Secondary / secondary special,Married,Co-op apartment,-12734,-208,1,0,0,0,High skill tech staff,5
5359086,M,N,Y,0,157500,Commercial associate,Secondary / secondary special,Single / not married,House / apartment,-13657,-2003,1,0,1,0,Security staff,1
5359087,M,N,Y,0,157500,Commercial associate,Secondary / secondary special,Single / not married,House / apartment,-13657,-2003,1,0,1,0,Security staff,1
5359089,M,N,Y,0,157500,Commercial associate,Secondary / secondary special,Single / not married,House / apartment,-13657,-2003,1,0,1,0,Security staff,1
5361483,M,N,Y,1,243000,Working,Secondary / secondary special,Married,House / apartment,-18362,-3141,1,0,0,0,High skill tech staff,3
5361683,F,N,Y,0,135000,Working,Secondary / secondary special,Separated,House / apartment,-17553,-1588,1,0,0,0,Core staff,1
5361988,F,Y,Y,0,180000,Working,Higher education,Married,House / apartment,-15140,-461,1,1,1,0,Sales staff,2
5364825,M,Y,Y,0,180000,Commercial associate,Higher education,Married,House / apartment,-17790,-1188,1,1,1,0,Managers,2
5364896,F,N,Y,0,292500,Working,Higher education,Single / not married,House / apartment,-18831,-1096,1,0,0,1,Laborers,1
5364912,F,Y,N,0,99000,Pensioner,Lower secondary,Married,House / apartment,-21391,365243,1,0,0,0,,2
5365038,M,N,N,0,81000,Working,Secondary / secondary special,Married,House / apartment,-19838,-1066,1,0,0,0,Laborers,2
5365110,M,Y,Y,1,243000,State servant,Incomplete higher,Married,Rented apartment,-12687,-4840,1,0,0,0,High skill tech staff,3
5365151,F,Y,N,0,270000,Working,Higher education,Married,House / apartment,-14470,-1887,1,0,0,1,Managers,2
5365275,M,Y,Y,1,225000,Working,Secondary / secondary special,Separated,House / apartment,-16066,-232,1,0,0,0,Laborers,2
5365318,F,N,Y,0,90000,Pensioner,Secondary / secondary special,Widow,House / apartment,-22078,365243,1,0,0,0,,1
5365334,M,N,N,1,202500,Commercial associate,Secondary / secondary special,Married,House / apartment,-10892,-1084,1,0,0,0,Managers,3
5365336,M,N,N,1,202500,Commercial associate,Secondary / secondary special,Married,House / apartment,-10892,-1084,1,0,0,0,Managers,3
5365338,M,N,N,1,202500,Commercial associate,Secondary / secondary special,Married,House / apartment,-10892,-1084,1,0,0,0,Managers,3
5365356,F,N,Y,0,112500,Working,Secondary / secondary special,Civil marriage,House / apartment,-17084,-2606,1,1,1,1,,2
5365381,F,Y,Y,0,180000,Working,Higher education,Married,House / apartment,-18857,-506,1,0,0,0,Sales staff,2
5365447,F,Y,Y,0,112500,Working,Secondary / secondary special,Separated,House / apartment,-13350,-1752,1,0,0,0,Sales staff,1
5365549,F,Y,Y,1,112500,Working,Higher education,Married,House / apartment,-10263,-1540,1,0,0,0,Accountants,3
5367715,M,Y,Y,0,225000,Pensioner,Secondary / secondary special,Married,House / apartment,-21678,365243,1,0,0,0,,2
5369148,F,Y,N,0,270000,Commercial associate,Secondary / secondary special,Single / not married,Rented apartment,-13584,-2635,1,0,0,0,Laborers,1
5369149,F,Y,Y,0,270000,Commercial associate,Secondary / secondary special,Single / not married,Rented apartment,-13584,-2635,1,0,0,0,Laborers,1
5369213,M,N,Y,0,225000,Pensioner,Secondary / secondary special,Married,House / apartment,-21723,365243,1,0,0,0,,2
5369215,F,N,Y,0,225000,Pensioner,Secondary / secondary special,Married,House / apartment,-21723,365243,1,0,0,0,,2
5369263,F,Y,N,1,121500,Working,Secondary / secondary special,Married,House / apartment,-18539,-535,1,0,1,0,Laborers,3
5369524,F,N,Y,0,135000,Working,Secondary / secondary special,Single / not married,House / apartment,-17588,-1478,1,0,0,0,Sales staff,2
5371791,F,N,N,1,72000,Pensioner,Incomplete higher,Widow,House / apartment,-20701,365243,1,0,0,0,,2
5371792,F,N,N,1,72000,Pensioner,Incomplete higher,Widow,House / apartment,-20701,365243,1,0,0,0,,2
5371891,M,N,N,0,180000,Working,Secondary / secondary special,Married,House / apartment,-13872,-2270,1,0,1,0,,2
5371966,M,N,N,0,270000,Working,Higher education,Single / not married,House / apartment,-15038,-2820,1,1,1,0,Laborers,1
5372077,F,N,N,0,112500,Working,Higher education,Married,House / apartment,-10127,-809,1,0,1,0,Managers,2
5372120,F,N,N,0,157500,Working,Secondary / secondary special,Single / not married,House / apartment,-15089,-2362,1,1,0,0,High skill tech staff,2
5372126,M,Y,N,0,180000,Working,Secondary / secondary special,Single / not married,House / apartment,-8679,-1936,1,0,1,0,Core staff,1
5372143,M,N,N,2,202500,Working,Secondary / secondary special,Married,House / apartment,-12844,-5711,1,0,1,0,,4
5372335,F,Y,N,0,90000,Working,Higher education,Separated,House / apartment,-14038,-597,1,0,0,0,,1
5372337,F,Y,N,0,90000,Working,Higher education,Separated,House / apartment,-14038,-597,1,0,0,0,,1
5372346,F,N,N,0,126000,Commercial associate,Secondary / secondary special,Married,House / apartment,-21840,-1328,1,0,0,0,Laborers,2
5372348,F,N,N,0,126000,Pensioner,Secondary / secondary special,Married,House / apartment,-21840,-1328,1,0,0,0,Laborers,2
5372349,F,N,N,0,126000,Commercial associate,Secondary / secondary special,Married,House / apartment,-21840,-1328,1,0,0,0,Laborers,2
5372463,M,Y,N,9,270000,Working,Secondary / secondary special,Civil marriage,House / apartment,-14718,-5011,1,1,0,0,Drivers,11
5372823,F,N,Y,0,157500,Pensioner,Secondary / secondary special,Civil marriage,House / apartment,-21429,365243,1,0,0,0,,2
5372825,F,N,Y,0,157500,Pensioner,Secondary / secondary special,Civil marriage,House / apartment,-21429,365243,1,0,0,0,,2
5372827,F,N,Y,0,157500,Pensioner,Secondary / secondary special,Civil marriage,House / apartment,-21429,365243,1,0,0,0,,2
5372830,M,N,Y,0,157500,Pensioner,Secondary / secondary special,Civil marriage,House / apartment,-21429,365243,1,0,0,0,,2
5376979,M,Y,Y,1,328500,Working,Secondary / secondary special,Single / not married,Rented apartment,-10442,-2644,1,0,0,0,Laborers,3
5377022,F,N,Y,0,90000,Pensioner,Secondary / secondary special,Separated,House / apartment,-20470,365243,1,0,1,0,,1
5377186,F,Y,N,1,144000,Working,Secondary / secondary special,Married,House / apartment,-19646,-4166,1,0,0,1,Accountants,3
5377267,F,N,N,0,207000,Pensioner,Secondary / secondary special,Married,House / apartment,-21411,365243,1,0,0,0,,2
5377271,F,N,N,0,207000,Pensioner,Secondary / secondary special,Married,House / apartment,-21411,365243,1,0,0,0,,2
5383275,F,N,Y,0,76500,Pensioner,Higher education,Married,House / apartment,-23706,365243,1,0,0,0,,2
5384411,M,N,Y,0,112500,Commercial associate,Secondary / secondary special,Single / not married,House / apartment,-10147,-1736,1,0,0,0,Core staff,1
5384449,M,Y,N,1,675000,Commercial associate,Higher education,Married,House / apartment,-10695,-398,1,0,0,0,,3
5384452,M,Y,Y,1,675000,Pensioner,Higher education,Married,House / apartment,-10695,-398,1,0,0,0,,3
5384457,M,Y,Y,1,675000,Pensioner,Higher education,Married,House / apartment,-10695,-398,1,0,0,0,,3
5384931,M,N,Y,1,81000,Commercial associate,Higher education,Married,House / apartment,-10047,-3016,1,0,0,0,Sales staff,3
5385008,F,N,Y,0,157500,Pensioner,Secondary / secondary special,Widow,House / apartment,-20435,365243,1,0,0,0,,1
5385162,M,N,Y,1,270000,State servant,Secondary / secondary special,Married,House / apartment,-13567,-6912,1,0,0,0,,3
5385171,F,N,Y,0,292500,Pensioner,Higher education,Single / not married,House / apartment,-12291,-2682,1,1,0,0,Sales staff,1
5389115,F,N,Y,0,81000,Working,Secondary / secondary special,Separated,House / apartment,-15007,-1677,1,1,1,0,Laborers,1
5398685,F,N,Y,1,99000,Working,Higher education,Married,House / apartment,-16567,-8845,1,0,0,0,Core staff,3
5398686,F,N,Y,1,99000,Working,Higher education,Married,House / apartment,-16567,-8845,1,0,0,0,Core staff,3
5398798,M,N,N,0,166500,Working,Secondary / secondary special,Single / not married,House / apartment,-10169,-1235,1,1,1,0,Security staff,1
5399023,F,Y,N,0,67500,State servant,Secondary / secondary special,Married,Rented apartment,-12628,-2127,1,0,0,0,Core staff,2
5400508,F,Y,Y,1,90000,Working,Secondary / secondary special,Married,House / apartment,-14781,-2926,1,0,0,0,,3
5400509,F,Y,Y,1,90000,Working,Secondary / secondary special,Married,House / apartment,-14781,-2926,1,0,0,0,,3
5400793,M,N,Y,0,135000,Pensioner,Secondary / secondary special,Single / not married,Rented apartment,-10971,-1284,1,0,0,0,Managers,1
5401056,M,Y,N,1,382500,Commercial associate,Higher education,Married,With parents,-11364,-3717,1,1,1,0,Managers,3
5401057,M,Y,N,1,382500,Commercial associate,Higher education,Married,With parents,-11364,-3717,1,1,1,0,Managers,3
5401058,M,Y,N,1,382500,Commercial associate,Higher education,Married,With parents,-11364,-3717,1,1,1,0,Managers,3
5401059,M,Y,N,1,382500,Commercial associate,Higher education,Married,With parents,-11364,-3717,1,1,1,0,Managers,3
5401119,M,N,Y,0,90000,Pensioner,Secondary / secondary special,Married,House / apartment,-24201,365243,1,0,0,0,,2
5401204,M,N,Y,1,135000,Working,Secondary / secondary special,Civil marriage,House / apartment,-14489,-857,1,0,1,0,Laborers,3
5401205,F,N,Y,1,135000,Working,Secondary / secondary special,Civil marriage,House / apartment,-14489,-857,1,0,1,0,Laborers,3
5401312,M,Y,Y,0,324000,State servant,Higher education,Married,House / apartment,-15802,-7858,1,1,1,0,Managers,2
5401426,F,Y,Y,0,112500,Working,Secondary / secondary special,Married,House / apartment,-19048,-2044,1,0,0,0,Drivers,2
5401646,M,N,Y,0,157500,State servant,Higher education,Single / not married,House / apartment,-10706,-461,1,0,0,0,High skill tech staff,1
5401648,M,N,Y,0,157500,State servant,Higher education,Single / not married,House / apartment,-10706,-461,1,0,0,0,High skill tech staff,1
5403014,F,N,Y,0,112500,Commercial associate,Secondary / secondary special,Separated,House / apartment,-10979,-1282,1,0,1,0,Laborers,1
5403352,F,N,Y,0,189000,Pensioner,Secondary / secondary special,Married,House / apartment,-23925,365243,1,0,0,0,,2
5403354,F,N,Y,0,189000,Pensioner,Secondary / secondary special,Married,House / apartment,-23925,365243,1,0,0,0,,2
5403357,F,N,Y,0,189000,Pensioner,Secondary / secondary special,Married,House / apartment,-23925,365243,1,0,0,0,,2
5403551,F,N,Y,0,166500,Pensioner,Secondary / secondary special,Single / not married,House / apartment,-21525,365243,1,0,0,0,,1
5403647,F,N,Y,0,292500,Working,Secondary / secondary special,Single / not married,House / apartment,-18198,-398,1,0,0,0,Sales staff,2
5403770,F,N,N,0,157500,Working,Secondary / secondary special,Civil marriage,House / apartment,-20590,-2416,1,0,0,0,,2
5403772,F,N,Y,0,157500,Working,Secondary / secondary special,Civil marriage,House / apartment,-20590,-2416,1,0,0,0,,2
5404985,F,Y,N,0,90000,Working,Higher education,Separated,House / apartment,-14038,-597,1,0,0,0,,1
5405037,F,Y,Y,0,157500,Pensioner,Secondary / secondary special,Single / not married,House / apartment,-22471,365243,1,0,1,0,,2
5405291,F,N,Y,0,112500,Working,Secondary / secondary special,Married,House / apartment,-13452,-3586,1,1,1,0,Core staff,2
5405313,M,Y,Y,0,76500,Working,Secondary / secondary special,Civil marriage,House / apartment,-17592,-726,1,0,0,0,Drivers,2
5405348,M,Y,Y,0,144000,Working,Secondary / secondary special,Married,House / apartment,-22401,-13145,1,0,0,0,,2
5405602,F,Y,Y,0,90000,Working,Incomplete higher,Civil marriage,House / apartment,-12603,-335,1,0,0,0,High skill tech staff,2
5405728,M,Y,Y,1,157500,Working,Secondary / secondary special,Single / not married,House / apartment,-18915,-7610,1,0,1,0,Drivers,3
5408200,F,Y,N,2,157500,Pensioner,Secondary / secondary special,Separated,House / apartment,-13034,-6358,1,0,1,0,High skill tech staff,3
5408315,F,Y,N,1,225000,Working,Secondary / secondary special,Civil marriage,House / apartment,-10898,-2309,1,0,0,0,Laborers,3
5408318,F,Y,N,1,225000,Working,Secondary / secondary special,Civil marriage,House / apartment,-10898,-2309,1,0,0,0,Laborers,3
5408321,M,Y,N,1,225000,Working,Secondary / secondary special,Civil marriage,House / apartment,-10898,-2309,1,0,0,0,Laborers,3
5408322,M,Y,N,1,225000,Working,Secondary / secondary special,Civil marriage,House / apartment,-10898,-2309,1,0,0,0,Laborers,3
5408391,F,N,N,0,153000,Pensioner,Higher education,Married,House / apartment,-19875,365243,1,0,1,0,,2
5408706,F,N,N,0,58500,Pensioner,Secondary / secondary special,Married,House / apartment,-21539,365243,1,0,1,0,,2
5408872,M,Y,N,0,157500,Commercial associate,Incomplete higher,Married,House / apartment,-14404,-2309,1,0,0,0,Managers,2
5408880,F,N,N,0,90000,Working,Secondary / secondary special,Civil marriage,House / apartment,-17255,-1701,1,1,0,0,Waiters/barmen staff,2
5408921,M,N,N,0,202500,Working,Higher education,Married,House / apartment,-20752,-1579,1,0,0,0,Managers,2
5409204,F,Y,N,0,216000,Working,Secondary / secondary special,Married,House / apartment,-15163,-1306,1,1,0,0,Core staff,2
5409291,M,Y,N,1,225000,Working,Higher education,Married,House / apartment,-11912,-26,1,1,0,0,Secretaries,3
5409396,F,N,Y,0,211500,State servant,Secondary / secondary special,Married,House / apartment,-18378,-1610,1,0,0,0,Sales staff,2
5415205,F,N,N,1,112500,Working,Secondary / secondary special,Married,House / apartment,-15011,-707,1,0,0,0,Waiters/barmen staff,3
5415534,M,N,Y,0,180000,Working,Secondary / secondary special,Married,Municipal apartment,-10185,-3264,1,0,0,1,Sales staff,2
5415623,F,N,Y,1,247500,Commercial associate,Higher education,Single / not married,House / apartment,-11534,-2472,1,0,0,0,Core staff,3
5415899,M,Y,Y,4,225000,Working,Secondary / secondary special,Married,House / apartment,-13011,-3749,1,0,1,0,Laborers,6
5415924,M,N,N,1,112500,Working,Secondary / secondary special,Separated,With parents,-12629,-1072,1,0,0,0,Laborers,2
5416151,M,N,N,0,256500,Commercial associate,Higher education,Separated,House / apartment,-11481,-158,1,0,0,0,Sales staff,1
5416262,M,Y,Y,0,130500,State servant,Higher education,Civil marriage,House / apartment,-10795,-342,1,1,0,1,Medicine staff,2
5416675,F,N,Y,0,270000,Working,Higher education,Single / not married,House / apartment,-18450,-4402,1,0,1,0,Laborers,1
5416806,M,Y,Y,1,292500,State servant,Secondary / secondary special,Married,House / apartment,-14149,-6901,1,0,0,0,Core staff,3
5416808,M,Y,Y,1,292500,State servant,Secondary / secondary special,Married,House / apartment,-14149,-6901,1,0,0,0,Core staff,3
5416811,M,Y,Y,1,292500,State servant,Secondary / secondary special,Married,House / apartment,-14149,-6901,1,0,0,0,Core staff,3
5416951,M,Y,Y,2,202500,Working,Higher education,Married,House / apartment,-13966,-3277,1,1,0,0,,4
5416955,M,Y,Y,2,202500,Working,Higher education,Married,House / apartment,-13966,-3277,1,1,0,0,,1
5416957,M,Y,Y,2,202500,Working,Higher education,Married,House / apartment,-13966,-3277,1,1,0,0,,4
5417055,M,Y,Y,0,292500,Working,Secondary / secondary special,Single / not married,House / apartment,-10088,-942,1,0,0,0,Sales staff,1
5417057,M,Y,Y,0,292500,Working,Secondary / secondary special,Single / not married,House / apartment,-10088,-942,1,0,0,0,Sales staff,1
5417335,M,Y,Y,2,112500,Commercial associate,Incomplete higher,Married,House / apartment,-8861,-546,1,0,0,0,Security staff,1
5417444,F,N,Y,0,180000,Working,Secondary / secondary special,Widow,House / apartment,-16393,-3680,1,1,1,0,,1
5417451,M,Y,N,0,135000,Pensioner,Secondary / secondary special,Single / not married,House / apartment,-22277,365243,1,0,0,1,,2
5417457,F,Y,N,0,135000,Pensioner,Secondary / secondary special,Single / not married,House / apartment,-22277,365243,1,0,0,1,,2
5417492,F,N,Y,1,180000,Working,Secondary / secondary special,Married,House / apartment,-17008,-1216,1,0,1,0,Cooking staff,3
5417494,F,N,Y,1,180000,Working,Secondary / secondary special,Single / not married,House / apartment,-17008,-1216,1,0,1,0,Cooking staff,3
5417495,F,N,Y,1,180000,Working,Secondary / secondary special,Married,House / apartment,-17008,-1216,1,0,1,0,Cooking staff,3
5417496,F,N,Y,1,180000,Working,Secondary / secondary special,Married,House / apartment,-17008,-1216,1,0,1,0,Cooking staff,3
5417514,F,N,Y,1,225000,Pensioner,Higher education,Widow,House / apartment,-16747,-1734,1,1,0,0,Sales staff,2
5424220,M,Y,Y,0,171000,Commercial associate,Secondary / secondary special,Single / not married,Municipal apartment,-10416,-3074,1,1,0,1,Managers,1
5424475,M,N,Y,0,225000,Working,Higher education,Widow,House / apartment,-10587,-882,1,1,1,1,High skill tech staff,1
5424738,M,N,Y,2,180000,Working,Higher education,Married,House / apartment,-17996,-2495,1,0,0,0,Laborers,4
5424755,F,Y,Y,0,85500,Pensioner,Secondary / secondary special,Married,House / apartment,-20430,365243,1,0,0,0,,2
5427214,M,Y,N,0,180000,Working,Secondary / secondary special,Married,House / apartment,-11006,-1911,1,0,1,0,Drivers,2
5427522,M,N,Y,0,90000,Pensioner,Secondary / secondary special,Married,House / apartment,-22433,365243,1,0,0,0,,2
5427523,M,N,Y,0,90000,Pensioner,Secondary / secondary special,Married,House / apartment,-22433,365243,1,0,0,0,,2
5427708,F,N,Y,0,108000,Working,Incomplete higher,Widow,House / apartment,-14504,-457,1,0,0,0,,1
5428843,F,N,N,0,171000,Pensioner,Secondary / secondary special,Married,House / apartment,-23578,365243,1,0,0,0,,2
5429029,M,N,N,0,225000,Commercial associate,Secondary / secondary special,Married,Municipal apartment,-11773,-1328,1,0,0,0,Drivers,2
5429031,M,N,N,0,225000,Commercial associate,Secondary / secondary special,Married,Municipal apartment,-11773,-1328,1,0,0,0,Drivers,2
5429032,M,N,N,0,225000,Pensioner,Secondary / secondary special,Married,Municipal apartment,-11773,-1328,1,0,0,0,Drivers,2
5429080,F,N,Y,0,157500,Pensioner,Secondary / secondary special,Single / not married,House / apartment,-22744,365243,1,0,0,0,,2
5429083,F,N,Y,0,157500,Pensioner,Secondary / secondary special,Married,House / apartment,-22744,365243,1,0,0,0,,2
5429084,F,N,Y,0,157500,Pensioner,Secondary / secondary special,Married,House / apartment,-22744,365243,1,0,0,0,,2
5429257,F,N,Y,0,135000,Working,Secondary / secondary special,Civil marriage,House / apartment,-19575,-1486,1,0,0,0,Sales staff,2
5429259,F,N,Y,0,135000,Working,Secondary / secondary special,Civil marriage,House / apartment,-19575,-1486,1,0,0,0,Sales staff,2
5429260,M,Y,Y,2,315000,Working,Higher education,Married,House / apartment,-15352,-1699,1,0,0,0,Managers,4
5429264,M,Y,Y,0,67500,Working,Secondary / secondary special,Married,House / apartment,-9643,-1850,1,0,0,0,Security staff,2
5429290,F,N,Y,2,112500,Working,Secondary / secondary special,Separated,House / apartment,-13274,-178,1,0,0,0,Laborers,1
5436244,F,N,N,1,144000,Working,Secondary / secondary special,Single / not married,House / apartment,-11684,-2800,1,1,1,0,Laborers,3
5436255,F,N,Y,1,144000,Working,Secondary / secondary special,Married,House / apartment,-11684,-2800,1,1,1,0,Laborers,3
5436480,F,N,N,0,157500,Working,Higher education,Married,House / apartment,-18604,-728,1,0,1,0,Drivers,2
5436525,M,N,Y,0,67500,Pensioner,Secondary / secondary special,Civil marriage,House / apartment,-23995,365243,1,0,1,0,,2
5436765,M,Y,N,0,157500,Commercial associate,Secondary / secondary special,Civil marriage,House / apartment,-13700,-2159,1,0,0,0,Drivers,2
5438204,M,N,N,2,157500,Pensioner,Secondary / secondary special,Married,House / apartment,-15183,-231,1,0,0,0,Drivers,4
5438270,M,N,N,2,225000,Commercial associate,Higher education,Married,House / apartment,-12053,-724,1,0,0,0,,4
5438439,F,N,N,0,99000,Commercial associate,Secondary / secondary special,Married,House / apartment,-14838,-2064,1,0,0,0,Sales staff,2
5438440,F,N,N,0,99000,Commercial associate,Secondary / secondary special,Married,House / apartment,-14838,-2064,1,0,0,0,Sales staff,2
5438636,F,N,N,1,117000,Working,Higher education,Married,House / apartment,-12207,-4195,1,1,1,0,Core staff,3
5438666,F,N,N,0,94500,Pensioner,Secondary / secondary special,Married,House / apartment,-22485,365243,1,0,0,0,,2
5438743,F,Y,N,0,94500,State servant,Higher education,Civil marriage,Office apartment,-10764,-481,1,0,0,0,Core staff,2
5438812,M,N,N,0,202500,Working,Higher education,Married,House / apartment,-15393,-907,1,0,0,1,Core staff,2
5438830,M,Y,N,0,112500,Working,Secondary / secondary special,Single / not married,House / apartment,-10838,-1304,1,0,0,0,Drivers,1
5438969,M,Y,N,0,112500,Pensioner,Secondary / secondary special,Single / not married,House / apartment,-20333,-1546,1,0,0,0,Drivers,2
5438970,M,Y,N,0,112500,State servant,Secondary / secondary special,Married,House / apartment,-20333,-1546,1,0,0,0,Drivers,2
5439263,M,Y,N,0,85500,Working,Secondary / secondary special,Single / not married,House / apartment,-19523,-1850,1,1,1,0,Security staff,2
5439357,F,Y,N,1,180000,Working,Secondary / secondary special,Married,House / apartment,-11183,-2276,1,1,1,0,Core staff,3
5439581,M,Y,N,0,90000,Working,Incomplete higher,Married,House / apartment,-10874,-1911,1,1,0,0,,2
5439582,F,Y,N,0,90000,Working,Incomplete higher,Single / not married,House / apartment,-10874,-1911,1,1,0,0,,2
5439583,F,Y,N,0,90000,Working,Incomplete higher,Married,House / apartment,-10874,-1911,1,1,0,0,,2
5439691,M,Y,N,0,202500,Working,Higher education,Married,House / apartment,-14306,-1273,1,0,1,0,Sales staff,2
5439772,M,Y,N,0,405000,Commercial associate,Higher education,Married,House / apartment,-13980,-3981,1,0,0,0,Realty agents,2
5439773,F,Y,N,0,405000,Commercial associate,Higher education,Married,House / apartment,-13980,-3981,1,0,0,0,Realty agents,2
5439774,F,Y,N,0,405000,Commercial associate,Higher education,Married,House / apartment,-13980,-3981,1,0,0,0,Realty agents,2
5439786,M,Y,N,0,135000,Working,Secondary / secondary special,Single / not married,House / apartment,-10471,-1638,1,0,0,0,Drivers,2
5440039,F,N,Y,0,180000,Pensioner,Lower secondary,Widow,House / apartment,-21244,365243,1,0,0,0,,1
5440090,F,N,Y,2,130500,Working,Secondary / secondary special,Widow,House / apartment,-15279,-3007,1,0,1,0,Low-skill Laborers,3
5440817,M,Y,Y,2,315000,Working,Higher education,Married,House / apartment,-14568,-1647,1,0,0,0,Managers,4
5440855,F,Y,N,1,112500,Working,Higher education,Married,House / apartment,-11757,-2073,1,0,0,0,Secretaries,1
5440903,F,N,Y,1,135000,Commercial associate,Secondary / secondary special,Married,House / apartment,-12987,-1313,1,0,0,0,Core staff,3
5440934,M,Y,N,1,202500,Commercial associate,Secondary / secondary special,Married,House / apartment,-16780,-794,1,0,0,0,Laborers,3
5441030,M,Y,N,0,157500,Working,Secondary / secondary special,Separated,House / apartment,-17676,-368,1,1,1,0,Drivers,1
5445252,F,Y,Y,1,175500,Working,Secondary / secondary special,Civil marriage,House / apartment,-14990,-3412,1,0,0,0,Laborers,3
5451764,F,N,Y,0,202500,Commercial associate,Secondary / secondary special,Married,House / apartment,-18013,-10505,1,0,0,0,Medicine staff,2
5451806,F,N,Y,0,67500,Pensioner,Secondary / secondary special,Married,House / apartment,-21036,365243,1,0,0,0,,2
5451807,F,N,Y,0,67500,Pensioner,Secondary / secondary special,Married,House / apartment,-21036,365243,1,0,0,0,,2
5451808,F,N,Y,0,67500,Pensioner,Secondary / secondary special,Married,House / apartment,-21036,365243,1,0,0,0,,2
5451826,F,Y,N,0,360000,Commercial associate,Higher education,Single / not married,House / apartment,-17254,-337,1,0,0,0,Accountants,1
5451856,F,N,Y,0,157500,Commercial associate,Higher education,Married,House / apartment,-9753,-2073,1,0,0,0,Cleaning staff,2
5451938,F,Y,Y,1,135000,Working,Secondary / secondary special,Single / not married,House / apartment,-10409,-1951,1,1,0,0,Core staff,2
5451940,M,Y,Y,1,135000,Working,Secondary / secondary special,Single / not married,House / apartment,-10409,-1951,1,1,0,0,Core staff,2
5451957,M,Y,Y,1,360000,Commercial associate,Higher education,Single / not married,Rented apartment,-10692,-2408,1,0,1,0,Managers,2
5451964,F,N,Y,1,157500,Working,Higher education,Married,House / apartment,-14386,-5969,1,1,0,0,Medicine staff,3
5451992,F,N,Y,0,292500,Pensioner,Secondary / secondary special,Married,House / apartment,-20725,365243,1,0,0,0,,2
5451993,F,N,Y,0,292500,Pensioner,Secondary / secondary special,Married,House / apartment,-20725,365243,1,0,0,0,,2
5451994,F,N,Y,0,292500,Pensioner,Secondary / secondary special,Married,House / apartment,-20725,365243,1,0,0,0,,2
5451995,F,N,Y,0,292500,Pensioner,Secondary / secondary special,Single / not married,House / apartment,-20725,365243,1,0,0,0,,2
5451996,F,N,Y,0,292500,Pensioner,Secondary / secondary special,Married,House / apartment,-20725,365243,1,0,0,0,,2
5452005,M,N,Y,0,94500,State servant,Secondary / secondary special,Single / not married,House / apartment,-17463,-2498,1,0,0,0,Managers,1
5452007,F,N,Y,0,94500,Pensioner,Secondary / secondary special,Single / not married,House / apartment,-17463,-2498,1,0,0,0,Managers,1
5452105,M,N,Y,0,135000,Pensioner,Secondary / secondary special,Married,House / apartment,-20984,365243,1,0,1,0,,2
5452109,M,N,Y,0,135000,Pensioner,Secondary / secondary special,Married,House / apartment,-20984,365243,1,0,1,0,,2
5452110,M,N,Y,0,135000,Pensioner,Secondary / secondary special,Married,House / apartment,-20984,365243,1,0,1,0,,2
5452160,M,Y,Y,0,751500,Working,Higher education,Civil marriage,House / apartment,-14811,-3320,1,0,1,0,Core staff,2
5452227,F,Y,Y,0,157500,Working,Secondary / secondary special,Civil marriage,House / apartment,-14686,-2377,1,1,1,0,Laborers,2
5452228,F,Y,Y,0,157500,Working,Secondary / secondary special,Civil marriage,House / apartment,-14686,-2377,1,1,1,0,Laborers,2
5452229,F,Y,Y,0,157500,Working,Secondary / secondary special,Civil marriage,House / apartment,-14686,-2377,1,1,1,0,Laborers,2
5452231,M,Y,Y,0,157500,Working,Secondary / secondary special,Civil marriage,House / apartment,-14686,-2377,1,1,1,0,Laborers,2
5452492,F,N,N,0,67500,Working,Secondary / secondary special,Married,House / apartment,-18864,-194,1,0,0,0,Core staff,2
5452665,F,N,Y,0,180000,Working,Incomplete higher,Single / not married,House / apartment,-13686,-4912,1,1,1,0,High skill tech staff,1
5452671,F,Y,Y,2,324000,Working,Secondary / secondary special,Separated,House / apartment,-14058,-1563,1,1,0,0,Managers,3
5452673,F,Y,Y,2,324000,Working,Secondary / secondary special,Separated,House / apartment,-14058,-1563,1,1,0,0,Managers,1
5453537,F,Y,N,2,360000,Commercial associate,Higher education,Married,House / apartment,-15393,-2778,1,1,0,0,,4
5453540,F,Y,N,2,360000,Commercial associate,Higher education,Married,House / apartment,-15393,-2778,1,1,0,0,,4
5453561,M,Y,N,0,225000,Working,Incomplete higher,Married,House / apartment,-13364,-5089,1,1,1,0,Managers,2
5453975,F,N,N,0,135000,Pensioner,Secondary / secondary special,Married,House / apartment,-13106,-1802,1,1,0,0,,2
5454085,M,Y,N,2,270000,Working,Secondary / secondary special,Married,House / apartment,-13766,-3994,1,0,0,0,Managers,4
5454154,F,Y,N,0,247500,Commercial associate,Higher education,Married,House / apartment,-14561,-5150,1,1,0,0,,2
5454157,F,Y,N,0,247500,Commercial associate,Higher education,Married,House / apartment,-14561,-5150,1,1,0,0,,2
5454163,F,Y,N,0,247500,Commercial associate,Higher education,Married,House / apartment,-14561,-5150,1,1,0,0,,2
5454237,M,N,N,0,112500,Working,Secondary / secondary special,Single / not married,House / apartment,-11560,-706,1,1,0,0,Cooking staff,2
5454374,F,Y,N,0,157500,Commercial associate,Higher education,Married,House / apartment,-14573,-3569,1,1,0,0,Laborers,2
5454458,F,Y,N,0,198000,Working,Secondary / secondary special,Married,House / apartment,-20849,-1833,1,0,1,0,Core staff,2
5454459,F,Y,N,0,198000,Working,Secondary / secondary special,Married,House / apartment,-20849,-1833,1,0,1,0,Core staff,2
5454472,F,N,N,2,121500,Working,Higher education,Married,House / apartment,-11970,-2167,1,0,0,1,,4
5454526,F,N,N,0,135000,Pensioner,Higher education,Married,House / apartment,-18180,-3508,1,1,1,0,High skill tech staff,2
5454538,M,Y,N,0,121500,Commercial associate,Secondary / secondary special,Single / not married,House / apartment,-10717,-647,1,0,1,0,Drivers,2
5454721,M,Y,N,0,99000,Working,Secondary / secondary special,Married,House / apartment,-18357,-1529,1,0,0,0,Laborers,2
5454808,M,N,N,0,157500,Working,Secondary / secondary special,Single / not married,House / apartment,-11774,-5030,1,0,0,0,,1
5462870,M,N,Y,0,135000,Commercial associate,Higher education,Married,House / apartment,-17179,-291,1,0,0,0,High skill tech staff,2
5462872,F,N,N,0,135000,Commercial associate,Higher education,Married,House / apartment,-17179,-291,1,0,0,0,High skill tech staff,2
5462875,F,N,Y,0,135000,Commercial associate,Higher education,Married,House / apartment,-17179,-291,1,0,0,0,High skill tech staff,2
5462924,F,N,Y,3,90000,Working,Secondary / secondary special,Married,House / apartment,-14174,-2940,1,0,0,0,,5
5464794,M,Y,N,0,180000,Working,Secondary / secondary special,Single / not married,House / apartment,-16310,-613,1,0,0,0,Laborers,1
5464937,M,Y,Y,0,337500,Working,Higher education,Married,House / apartment,-14496,-4142,1,0,0,1,Sales staff,2
5464938,M,Y,N,0,337500,Working,Higher education,Married,House / apartment,-14496,-4142,1,0,0,1,Sales staff,2
5464947,F,N,Y,0,135000,Working,Higher education,Married,House / apartment,-17980,-6333,1,0,1,0,Managers,2
5464986,F,N,Y,0,180000,Pensioner,Secondary / secondary special,Married,House / apartment,-9361,-336,1,0,0,0,Secretaries,2
5464987,F,N,Y,0,180000,Commercial associate,Secondary / secondary special,Married,House / apartment,-9361,-336,1,0,0,0,Secretaries,2
5464988,M,N,Y,0,180000,Commercial associate,Secondary / secondary special,Married,House / apartment,-9361,-336,1,0,0,0,Secretaries,2
5465027,M,Y,Y,1,180000,Working,Secondary / secondary special,Separated,House / apartment,-11395,-458,1,0,0,0,Core staff,2
5465029,M,Y,Y,1,180000,Working,Secondary / secondary special,Separated,House / apartment,-11395,-458,1,0,0,0,Core staff,2
5465030,M,Y,Y,1,180000,Working,Secondary / secondary special,Separated,House / apartment,-11395,-458,1,0,0,0,Core staff,2
5465032,M,Y,N,1,180000,Working,Secondary / secondary special,Separated,House / apartment,-11395,-458,1,0,0,0,Core staff,2
5465077,F,N,Y,2,315000,Commercial associate,Secondary / secondary special,Married,House / apartment,-14734,-2528,1,0,0,0,Sales staff,4
5465281,M,N,Y,1,90000,Working,Secondary / secondary special,Married,House / apartment,-10024,-670,1,0,0,0,,3
5465660,M,N,Y,0,168750,Commercial associate,Secondary / secondary special,Married,House / apartment,-20734,-7331,1,0,0,0,Accountants,2
5465690,F,N,N,2,126000,State servant,Higher education,Married,House / apartment,-12344,-726,1,1,1,0,Core staff,4
5465827,F,N,Y,0,67500,Working,Secondary / secondary special,Married,House / apartment,-13527,-1702,1,0,0,0,Laborers,2
5466668,F,N,N,0,112500,Commercial associate,Secondary / secondary special,Separated,Municipal apartment,-16417,-1615,1,0,1,0,Laborers,1
5466816,F,N,Y,0,180000,Working,Lower secondary,Single / not married,House / apartment,-20013,-397,1,1,1,0,Laborers,1
5466853,M,Y,Y,2,112500,Commercial associate,Secondary / secondary special,Married,House / apartment,-10592,-2376,1,0,0,0,Laborers,4
5466858,M,Y,Y,2,112500,Commercial associate,Secondary / secondary special,Married,House / apartment,-10592,-2376,1,0,0,0,Laborers,4
5470817,M,Y,Y,0,270000,Working,Secondary / secondary special,Married,House / apartment,-15487,-3093,1,0,1,0,Laborers,2
5471104,M,N,N,1,270000,Working,Secondary / secondary special,Married,House / apartment,-13625,-1725,1,1,0,0,,3
5471112,F,N,N,1,270000,Working,Secondary / secondary special,Married,House / apartment,-13625,-1725,1,1,0,0,,1
5471403,F,N,N,2,180000,Working,Secondary / secondary special,Married,House / apartment,-11490,-384,1,0,0,0,Sales staff,1
5474301,M,N,Y,0,135000,Working,Secondary / secondary special,Single / not married,House / apartment,-18344,-4046,1,0,0,0,Sales staff,1
5474374,M,Y,Y,1,112500,Commercial associate,Secondary / secondary special,Married,House / apartment,-12285,-2433,1,0,0,0,Laborers,3
5474380,M,Y,N,1,112500,Commercial associate,Secondary / secondary special,Married,House / apartment,-12285,-2433,1,0,0,0,Laborers,3
5474381,M,Y,Y,1,112500,Commercial associate,Secondary / secondary special,Married,House / apartment,-12285,-2433,1,0,0,0,Laborers,3
5474385,M,Y,Y,1,112500,Commercial associate,Secondary / secondary special,Married,House / apartment,-12285,-2433,1,0,0,0,Laborers,3
5474646,F,N,Y,0,63000,Pensioner,Secondary / secondary special,Married,House / apartment,-21523,365243,1,0,1,0,,2
5474649,F,N,Y,0,63000,Pensioner,Secondary / secondary special,Single / not married,House / apartment,-21523,365243,1,0,1,0,,2
5474973,F,N,Y,0,135000,Working,Higher education,Married,House / apartment,-12049,-3406,1,0,1,0,Core staff,2
5474975,F,N,Y,0,135000,Working,Higher education,Married,House / apartment,-12049,-3406,1,0,1,0,Core staff,2
5474977,M,N,N,0,135000,Working,Higher education,Married,House / apartment,-12049,-3406,1,0,1,0,Core staff,2
5474978,F,N,Y,0,135000,Working,Higher education,Single / not married,House / apartment,-12049,-3406,1,0,1,0,Core staff,2
5476189,F,Y,Y,0,90000,Working,Secondary / secondary special,Married,House / apartment,-16858,-3124,1,0,0,0,Private service staff,2
5476377,F,N,Y,0,180000,Pensioner,Secondary / secondary special,Separated,Municipal apartment,-21008,365243,1,0,0,0,,1
5476523,M,Y,N,0,157500,Working,Secondary / secondary special,Married,House / apartment,-13194,-2005,1,0,0,0,Drivers,2
5476616,M,N,N,0,166500,Working,Secondary / secondary special,Single / not married,House / apartment,-15841,-118,1,0,0,0,Laborers,1
5487683,F,Y,N,0,112500,State servant,Secondary / secondary special,Married,House / apartment,-18721,-8247,1,1,0,0,,2
5487715,M,N,N,0,130500,Working,Secondary / secondary special,Married,House / apartment,-10208,-1704,1,1,1,0,Laborers,2
5487716,M,N,N,0,130500,Working,Secondary / secondary special,Married,House / apartment,-10208,-1704,1,1,1,0,Laborers,2
5490274,M,Y,Y,0,405000,Commercial associate,Higher education,Separated,House / apartment,-17209,-526,1,0,0,0,Core staff,1
5490275,M,Y,Y,0,405000,Commercial associate,Higher education,Separated,House / apartment,-17209,-526,1,0,0,0,Core staff,1
5490280,M,Y,N,0,405000,Commercial associate,Higher education,Separated,House / apartment,-17209,-526,1,0,0,0,Core staff,1
5499303,F,Y,Y,0,112500,Working,Secondary / secondary special,Married,House / apartment,-10645,-2859,1,0,0,0,Private service staff,2
5499304,M,Y,Y,0,112500,Working,Secondary / secondary special,Married,House / apartment,-10645,-2859,1,0,0,0,Private service staff,2
5499345,M,N,Y,0,292500,Pensioner,Secondary / secondary special,Widow,House / apartment,-24006,365243,1,0,0,0,,1
5499602,M,N,Y,0,225000,Pensioner,Secondary / secondary special,Single / not married,House / apartment,-20256,365243,1,0,0,0,,2
5499617,F,N,Y,0,90000,Working,Secondary / secondary special,Single / not married,House / apartment,-22587,-2371,1,0,0,0,Security staff,2
5499735,M,N,Y,0,279000,Working,Secondary / secondary special,Married,House / apartment,-15740,-576,1,0,0,0,Drivers,2
5499743,F,N,Y,2,225000,Working,Secondary / secondary special,Married,House / apartment,-13629,-514,1,0,0,0,,1
5499772,F,N,Y,0,112500,Working,Secondary / secondary special,Married,House / apartment,-21872,-3133,1,0,0,0,Cleaning staff,2
5499784,F,N,Y,0,112500,Working,Secondary / secondary special,Single / not married,House / apartment,-21872,-3133,1,0,0,0,Cleaning staff,2
5499882,M,Y,Y,0,225000,Working,Higher education,Married,House / apartment,-24589,-6785,1,0,1,0,Core staff,2
5499884,M,Y,Y,0,225000,Working,Higher education,Married,House / apartment,-24589,-6785,1,0,1,0,Core staff,2
5499965,M,N,Y,0,292500,Working,Secondary / secondary special,Married,House / apartment,-11465,-4532,1,0,0,0,Laborers,2
5500102,F,N,Y,0,157500,Working,Secondary / secondary special,Married,House / apartment,-19898,-1488,1,0,0,0,Cooking staff,2
5500230,F,Y,Y,1,180000,Commercial associate,Higher education,Married,House / apartment,-11189,-1873,1,0,0,0,Managers,3
5500730,F,N,Y,0,180000,Commercial associate,Secondary / secondary special,Married,House / apartment,-16366,-5221,1,1,0,0,Managers,2
5500899,M,Y,N,1,202500,Working,Higher education,Married,House / apartment,-10018,-1556,1,0,0,0,Security staff,3
5500908,F,N,N,0,90000,Pensioner,Secondary / secondary special,Married,House / apartment,-20873,365243,1,0,0,0,,2
5500911,F,N,N,0,90000,Pensioner,Secondary / secondary special,Married,House / apartment,-20873,365243,1,0,0,0,,2
5500912,F,N,N,0,90000,Pensioner,Secondary / secondary special,Married,House / apartment,-20873,365243,1,0,0,0,,2
5500913,F,N,N,0,90000,Pensioner,Secondary / secondary special,Married,House / apartment,-20873,365243,1,0,0,0,,2
5500938,F,N,Y,0,54000,Working,Secondary / secondary special,Married,House / apartment,-16859,-978,1,0,0,0,Medicine staff,2
5501242,M,Y,Y,1,135000,Working,Secondary / secondary special,Civil marriage,House / apartment,-16952,-881,1,0,1,0,Drivers,3
5501400,M,Y,Y,0,202500,Working,Higher education,Single / not married,House / apartment,-10882,-516,1,0,0,1,,1
5502049,M,N,N,0,85500,Pensioner,Incomplete higher,Married,House / apartment,-22708,365243,1,0,1,0,,2
5502148,F,Y,N,0,315000,State servant,Higher education,Married,House / apartment,-15193,-251,1,0,1,0,,2
5502165,F,Y,N,0,441000,Working,Incomplete higher,Married,House / apartment,-12596,-2136,1,1,1,0,,2
5502274,M,Y,N,1,270000,Working,Secondary / secondary special,Married,With parents,-10079,-3294,1,1,1,0,Drivers,1
5502277,M,Y,N,1,270000,Working,Secondary / secondary special,Married,With parents,-10079,-3294,1,1,1,0,Drivers,3
5503529,F,N,N,3,157500,Pensioner,Secondary / secondary special,Married,House / apartment,-12271,-3162,1,1,0,0,Laborers,5
5503556,M,N,N,0,225000,Commercial associate,Secondary / secondary special,Married,Municipal apartment,-11773,-1328,1,0,0,0,Drivers,2
5508944,F,N,Y,0,171000,Pensioner,Higher education,Married,House / apartment,-22952,365243,1,0,0,0,,2
5509336,F,N,Y,0,81000,Commercial associate,Secondary / secondary special,Married,House / apartment,-21295,-1093,1,0,0,0,Laborers,2
5509338,F,N,N,0,81000,Commercial associate,Secondary / secondary special,Married,House / apartment,-21295,-1093,1,0,0,0,Laborers,2
5509340,F,N,Y,0,81000,Pensioner,Secondary / secondary special,Married,House / apartment,-21295,-1093,1,0,0,0,Laborers,2
5509341,F,N,Y,0,81000,Pensioner,Secondary / secondary special,Married,House / apartment,-21295,-1093,1,0,0,0,Laborers,2
5509347,F,N,Y,0,81000,Pensioner,Secondary / secondary special,Married,House / apartment,-21295,-1093,1,0,0,0,Laborers,2
5509348,F,N,N,0,81000,Commercial associate,Secondary / secondary special,Married,House / apartment,-21295,-1093,1,0,0,0,Laborers,2
5509412,F,N,Y,0,85500,Pensioner,Secondary / secondary special,Widow,House / apartment,-23677,365243,1,0,1,0,,1
5510016,M,N,N,0,54000,Working,Secondary / secondary special,Married,House / apartment,-18430,-2524,1,0,0,0,Cooking staff,2
5510092,F,N,Y,0,67500,Working,Higher education,Single / not married,With parents,-11471,-90,1,1,0,0,Core staff,1
5512847,F,N,Y,0,225000,Pensioner,Secondary / secondary special,Single / not married,House / apartment,-21416,365243,1,0,0,0,,1
5512889,F,N,Y,0,112500,Working,Secondary / secondary special,Single / not married,House / apartment,-16651,-2219,1,0,0,0,Laborers,1
5512890,F,N,Y,0,112500,Working,Secondary / secondary special,Single / not married,House / apartment,-16651,-2219,1,0,0,0,Laborers,1
5512933,M,Y,Y,2,315000,Working,Higher education,Single / not married,House / apartment,-14568,-1647,1,0,0,0,Managers,1
5513060,F,N,Y,0,157500,Pensioner,Secondary / secondary special,Married,House / apartment,-19213,365243,1,0,0,0,,2
5513120,F,Y,Y,1,135000,Working,Secondary / secondary special,Married,House / apartment,-13770,-4369,1,0,0,0,Sales staff,3
5513218,M,Y,N,2,112500,Commercial associate,Secondary / secondary special,Married,House / apartment,-13952,-181,1,0,0,0,Security staff,4
5513248,F,N,Y,0,67500,Pensioner,Secondary / secondary special,Married,House / apartment,-23441,365243,1,0,0,0,,2
5513297,M,N,Y,0,67500,Working,Secondary / secondary special,Single / not married,House / apartment,-15968,-764,1,0,0,0,Low-skill Laborers,1
5513325,M,Y,N,0,751500,Working,Higher education,Civil marriage,House / apartment,-14811,-3320,1,0,1,0,Core staff,2
5513472,F,N,N,0,117000,Working,Secondary / secondary special,Married,House / apartment,-20754,-2330,1,0,0,0,,2
5513478,F,N,Y,0,270000,State servant,Higher education,Single / not married,With parents,-13081,-1426,1,0,0,0,Managers,2
5513484,F,N,Y,0,157500,Pensioner,Secondary / secondary special,Married,House / apartment,-23671,365243,1,0,0,0,,2
5513576,M,Y,N,2,112500,Working,Higher education,Married,House / apartment,-16044,-6693,1,1,1,0,High skill tech staff,4
5518624,F,N,Y,2,157500,Working,Secondary / secondary special,Civil marriage,House / apartment,-10268,-1855,1,0,0,0,Laborers,4
5518700,F,N,Y,1,112500,State servant,Higher education,Married,House / apartment,-10012,-1947,1,0,0,0,,3
5518736,F,N,Y,0,112500,State servant,Secondary / secondary special,Married,House / apartment,-17477,-3255,1,0,1,0,Medicine staff,2
5521999,M,Y,Y,0,148500,Working,Higher education,Married,House / apartment,-16198,-4230,1,0,0,0,,2
5522002,M,Y,Y,0,148500,Working,Higher education,Married,House / apartment,-16198,-4230,1,0,0,0,,2
5522440,F,N,Y,0,90000,Pensioner,Secondary / secondary special,Married,House / apartment,-24743,365243,1,0,1,0,,2
5522521,F,Y,Y,3,225000,State servant,Higher education,Married,House / apartment,-11298,-3864,1,0,1,0,,5
5522577,F,N,Y,0,67500,Working,Secondary / secondary special,Married,House / apartment,-18100,-182,1,1,1,0,Cooking staff,2
5522579,F,N,Y,0,67500,Working,Secondary / secondary special,Married,House / apartment,-18100,-182,1,1,1,0,Cooking staff,2
5526166,M,N,Y,0,247500,Working,Secondary / secondary special,Single / not married,House / apartment,-21616,-4620,1,1,0,0,Sales staff,2
5526263,M,N,Y,0,180000,Working,Incomplete higher,Married,House / apartment,-17146,-5680,1,0,1,0,Laborers,2
5526642,F,N,Y,0,135000,Pensioner,Secondary / secondary special,Married,House / apartment,-22054,365243,1,0,0,0,,2
5529094,M,Y,Y,2,225000,Commercial associate,Secondary / secondary special,Married,House / apartment,-15008,-2977,1,0,0,0,Laborers,4
5529095,M,Y,Y,2,225000,Commercial associate,Secondary / secondary special,Married,House / apartment,-15008,-2977,1,0,0,0,Laborers,4
5529097,M,Y,Y,2,225000,Commercial associate,Secondary / secondary special,Married,House / apartment,-15008,-2977,1,0,0,0,Laborers,4
5529125,F,N,Y,0,337500,Working,Secondary / secondary special,Married,House / apartment,-17612,-208,1,0,1,0,Sales staff,2
5529126,F,N,N,0,337500,Working,Secondary / secondary special,Married,House / apartment,-17612,-208,1,0,1,0,Sales staff,2
5529127,F,N,Y,0,337500,Working,Secondary / secondary special,Single / not married,House / apartment,-17612,-208,1,0,1,0,Sales staff,2
5529130,M,N,Y,0,337500,Working,Secondary / secondary special,Married,House / apartment,-17612,-208,1,0,1,0,Sales staff,2
5529187,F,N,Y,2,144000,Commercial associate,Higher education,Married,House / apartment,-13510,-1546,1,0,0,0,Sales staff,4
5529333,F,N,N,0,157500,Commercial associate,Secondary / secondary special,Separated,Municipal apartment,-18540,-1090,1,0,0,0,Laborers,1
5529334,F,N,N,0,157500,Commercial associate,Secondary / secondary special,Separated,Municipal apartment,-18540,-1090,1,0,0,0,Laborers,1
5529397,M,Y,Y,0,202500,Working,Secondary / secondary special,Married,House / apartment,-17667,-116,1,1,1,0,,2
5529399,M,Y,Y,0,202500,Working,Secondary / secondary special,Married,House / apartment,-17667,-116,1,1,1,0,,2
5529401,M,Y,Y,0,202500,Working,Secondary / secondary special,Married,House / apartment,-17667,-116,1,1,1,0,,2
5529488,F,N,Y,0,157500,Working,Secondary / secondary special,Married,House / apartment,-21381,-2685,1,0,0,0,,2
5536141,F,N,Y,0,225000,Commercial associate,Higher education,Civil marriage,House / apartment,-9256,-1329,1,0,0,0,Core staff,2
5537560,M,N,N,1,112500,Commercial associate,Secondary / secondary special,Married,House / apartment,-14370,-1422,1,0,0,0,Sales staff,1
5538846,M,Y,N,0,36000,Pensioner,Secondary / secondary special,Married,House / apartment,-20719,365243,1,0,1,0,,2
5539453,F,N,Y,0,157500,Commercial associate,Secondary / secondary special,Civil marriage,House / apartment,-19049,-128,1,0,1,1,Laborers,2
5539454,F,N,Y,0,157500,Commercial associate,Secondary / secondary special,Civil marriage,House / apartment,-19049,-128,1,0,1,1,Laborers,2
5541747,F,Y,Y,0,157500,Commercial associate,Higher education,Single / not married,House / apartment,-9610,-118,1,1,0,0,Core staff,1
5541792,F,N,Y,0,126000,Working,Secondary / secondary special,Married,House / apartment,-9665,-271,1,1,1,1,Sales staff,2
5542743,M,N,Y,0,112500,Working,Secondary / secondary special,Single / not married,House / apartment,-17541,-5545,1,0,0,0,,2
5543025,F,N,Y,1,157500,Working,Secondary / secondary special,Married,House / apartment,-12787,-919,1,0,0,1,,3
5546756,M,N,Y,0,117000,Working,Higher education,Married,With parents,-11695,-581,1,0,0,1,Managers,2
5548214,F,Y,N,1,225000,Commercial associate,Secondary / secondary special,Married,House / apartment,-17611,-6918,1,0,0,0,Accountants,3
5548334,M,Y,Y,0,90000,Working,Secondary / secondary special,Married,House / apartment,-19657,-9352,1,0,0,0,,2
5548335,F,Y,Y,0,90000,Working,Secondary / secondary special,Married,House / apartment,-19657,-9352,1,0,0,0,,2
5548477,M,N,Y,1,675000,Commercial associate,Secondary / secondary special,Single / not married,House / apartment,-15452,-860,1,0,0,0,Security staff,2
5548480,F,N,N,1,675000,Commercial associate,Secondary / secondary special,Single / not married,House / apartment,-15452,-860,1,0,0,0,Security staff,2
5549047,F,N,Y,1,67500,Working,Secondary / secondary special,Married,House / apartment,-16011,-8195,1,0,0,0,Medicine staff,3
5552057,F,N,Y,0,112500,Pensioner,Secondary / secondary special,Married,House / apartment,-21045,365243,1,0,1,0,,2
5552174,F,N,Y,2,360000,Working,Higher education,Single / not married,House / apartment,-16038,-925,1,0,0,0,Managers,3
5552183,F,N,Y,2,360000,Working,Higher education,Single / not married,House / apartment,-16038,-925,1,0,0,0,Managers,3
5552375,F,Y,Y,0,180000,State servant,Higher education,Married,House / apartment,-14653,-2294,1,0,0,0,High skill tech staff,2
5552604,F,N,Y,0,270000,Working,Secondary / secondary special,Single / not married,House / apartment,-16725,-3350,1,1,1,0,Managers,2
5552605,F,N,N,0,270000,Working,Secondary / secondary special,Single / not married,House / apartment,-16725,-3350,1,1,1,0,Managers,2
5552706,M,N,Y,0,135000,Pensioner,Secondary / secondary special,Widow,House / apartment,-24638,365243,1,0,0,0,,1
5552724,M,Y,Y,1,135000,Working,Secondary / secondary special,Civil marriage,House / apartment,-14787,-2773,1,0,0,0,Cooking staff,3
5552737,M,Y,N,2,450000,Working,Higher education,Married,House / apartment,-17724,-1220,1,0,0,0,Core staff,1
5554737,F,N,N,0,225000,Working,Secondary / secondary special,Single / not married,House / apartment,-13960,-4229,1,0,1,0,Core staff,1
5554800,M,Y,Y,1,225000,Working,Secondary / secondary special,Married,House / apartment,-14783,-3072,1,1,0,0,Drivers,3
5559053,F,N,Y,2,121500,Working,Higher education,Married,House / apartment,-12629,-3877,1,0,0,0,,4
5559054,F,N,N,2,121500,Working,Higher education,Married,House / apartment,-12629,-3877,1,0,0,0,,4
5559068,F,N,Y,0,157500,Pensioner,Secondary / secondary special,Married,House / apartment,-15482,-467,1,1,0,0,,2
5559185,F,N,N,0,112500,Pensioner,Secondary / secondary special,Single / not married,House / apartment,-23140,365243,1,0,0,0,,1
5559195,M,Y,Y,0,292500,Commercial associate,Secondary / secondary special,Married,House / apartment,-23634,-5485,1,0,0,0,Core staff,2
5559291,M,Y,Y,1,270000,Working,Secondary / secondary special,Married,House / apartment,-10115,-401,1,0,0,1,Drivers,3
5559341,F,N,N,0,90000,Pensioner,Secondary / secondary special,Married,House / apartment,-20351,365243,1,0,0,0,,2
5564566,F,N,Y,0,202500,Pensioner,Secondary / secondary special,Married,House / apartment,-20615,365243,1,0,0,0,,2
5565355,F,N,N,2,247500,Working,Incomplete higher,Single / not married,House / apartment,-11085,-2494,1,0,1,0,High skill tech staff,3
5565422,F,N,Y,2,90000,Working,Incomplete higher,Separated,House / apartment,-14445,-4169,1,0,0,0,High skill tech staff,3
5565423,F,N,Y,2,90000,Working,Incomplete higher,Separated,House / apartment,-14445,-4169,1,0,0,0,High skill tech staff,3
5565526,M,N,N,0,202500,Pensioner,Higher education,Married,House / apartment,-21116,365243,1,0,0,1,,2
5565527,M,N,Y,0,202500,Pensioner,Higher education,Single / not married,House / apartment,-21116,365243,1,0,0,1,,2
5565528,M,N,Y,0,202500,Pensioner,Higher education,Married,House / apartment,-21116,365243,1,0,0,1,,2
5566215,M,Y,Y,0,135000,Working,Secondary / secondary special,Civil marriage,House / apartment,-14692,-414,1,1,0,0,Cleaning staff,2
5566322,M,Y,Y,2,180000,Working,Higher education,Single / not married,House / apartment,-12474,-1571,1,0,1,0,Managers,3
5568591,M,Y,Y,2,202500,Commercial associate,Secondary / secondary special,Married,House / apartment,-11769,-1498,1,0,1,0,Core staff,4
5568808,M,Y,Y,0,108000,Commercial associate,Higher education,Civil marriage,House / apartment,-23066,-920,1,0,0,0,Core staff,2
5575983,F,Y,Y,0,247500,Working,Secondary / secondary special,Civil marriage,House / apartment,-10073,-1904,1,0,0,0,Sales staff,2
5575985,F,Y,Y,0,247500,Working,Secondary / secondary special,Civil marriage,House / apartment,-10073,-1904,1,0,0,0,Sales staff,2
5576023,F,N,Y,0,162000,Working,Secondary / secondary special,Married,House / apartment,-16561,-1723,1,0,0,1,Sales staff,2
5576118,F,N,Y,0,112500,Pensioner,Secondary / secondary special,Civil marriage,Municipal apartment,-13027,-2088,1,0,1,0,Sales staff,2
5576315,F,N,N,1,405000,Commercial associate,Secondary / secondary special,Single / not married,House / apartment,-11994,-170,1,1,1,0,Sales staff,2
5576318,F,N,N,1,405000,Commercial associate,Secondary / secondary special,Single / not married,House / apartment,-11994,-170,1,1,1,0,Sales staff,2
5576582,M,Y,N,2,675000,Working,Secondary / secondary special,Married,Rented apartment,-14056,-2337,1,0,1,1,Laborers,4
5576594,M,N,Y,1,180000,Working,Secondary / secondary special,Married,House / apartment,-15142,-2488,1,0,0,0,Laborers,3
5576610,F,N,Y,0,202500,Working,Secondary / secondary special,Married,House / apartment,-16299,-655,1,0,0,0,Managers,2
5576612,M,N,Y,0,247500,Commercial associate,Secondary / secondary special,Married,House / apartment,-15302,-596,1,1,1,0,Laborers,2
5578337,M,N,N,0,225000,State servant,Secondary / secondary special,Civil marriage,House / apartment,-17005,-2462,1,0,0,0,,2
5578491,M,Y,Y,0,202500,Working,Secondary / secondary special,Married,House / apartment,-15444,-5018,1,0,0,0,Laborers,2
5579302,M,Y,N,0,157500,Working,Secondary / secondary special,Married,With parents,-10189,-2071,1,0,0,1,Managers,2
5579320,F,N,Y,1,112500,Commercial associate,Secondary / secondary special,Civil marriage,House / apartment,-15574,-2071,1,0,0,0,Laborers,3
5579494,F,N,Y,0,94500,Working,Secondary / secondary special,Single / not married,House / apartment,-16822,-273,1,0,1,0,Cooking staff,1
5580620,F,N,Y,0,99000,Pensioner,Secondary / secondary special,Married,House / apartment,-21043,365243,1,0,0,0,,2
5581534,F,Y,Y,0,67500,Working,Secondary / secondary special,Married,House / apartment,-11866,-4384,1,0,1,0,,2
5584669,M,Y,Y,0,148500,Working,Higher education,Married,House / apartment,-16198,-4230,1,0,0,0,,2
5584695,M,N,Y,1,135000,Working,Secondary / secondary special,Married,House / apartment,-10333,-881,1,0,0,0,Drivers,3
5584981,F,Y,Y,0,112500,Pensioner,Secondary / secondary special,Married,House / apartment,-21646,365243,1,0,0,0,,2
5585224,M,Y,Y,1,450000,Pensioner,Higher education,Married,House / apartment,-10979,-2282,1,0,0,0,,3
5585230,F,N,Y,0,112500,Pensioner,Secondary / secondary special,Single / not married,House / apartment,-21444,365243,1,0,0,0,,1
5585231,F,N,N,0,112500,Pensioner,Secondary / secondary special,Single / not married,House / apartment,-21444,365243,1,0,0,0,,1
5585548,F,N,N,0,180000,Working,Secondary / secondary special,Single / not married,House / apartment,-13745,-1095,1,1,1,0,Medicine staff,1
5585811,M,Y,N,0,135000,Working,Secondary / secondary special,Single / not married,House / apartment,-16282,-5296,1,1,0,0,Drivers,2
5598844,M,Y,Y,1,202500,Working,Secondary / secondary special,Civil marriage,House / apartment,-13824,-1522,1,0,0,0,Security staff,3
5598845,M,Y,Y,1,202500,Working,Secondary / secondary special,Civil marriage,House / apartment,-13824,-1522,1,0,0,0,Security staff,3
5598900,M,N,Y,2,180000,Working,Secondary / secondary special,Married,House / apartment,-15221,-518,1,0,0,0,Laborers,4
5598901,M,N,Y,2,180000,Working,Secondary / secondary special,Married,House / apartment,-15221,-518,1,0,0,0,Laborers,4
5598902,M,N,Y,2,180000,Working,Secondary / secondary special,Married,House / apartment,-15221,-518,1,0,0,0,Laborers,4
5598903,M,N,Y,2,180000,Working,Secondary / secondary special,Married,House / apartment,-15221,-518,1,0,0,0,Laborers,4
5598904,M,N,Y,2,180000,Working,Secondary / secondary special,Married,House / apartment,-15221,-518,1,0,0,0,Laborers,4
5598905,M,N,Y,2,180000,Working,Secondary / secondary special,Married,House / apartment,-15221,-518,1,0,0,0,Laborers,4
5598906,M,N,N,2,180000,Working,Secondary / secondary special,Married,House / apartment,-15221,-518,1,0,0,0,Laborers,4
5598907,M,N,Y,2,180000,Working,Secondary / secondary special,Married,House / apartment,-15221,-518,1,0,0,0,Laborers,4
5598908,M,N,Y,2,180000,Working,Secondary / secondary special,Married,House / apartment,-15221,-518,1,0,0,0,Laborers,4
5598910,M,N,Y,2,180000,Working,Secondary / secondary special,Married,House / apartment,-15221,-518,1,0,0,0,Laborers,4
5598914,M,N,Y,2,180000,Working,Secondary / secondary special,Married,House / apartment,-15221,-518,1,0,0,0,Laborers,4
5598935,F,N,Y,0,148500,State servant,Secondary / secondary special,Widow,House / apartment,-20917,-3805,1,0,1,0,Core staff,1
5598936,M,N,Y,0,148500,State servant,Secondary / secondary special,Widow,House / apartment,-20917,-3805,1,0,1,0,Core staff,1
5602443,F,N,Y,0,135000,Working,Secondary / secondary special,Married,House / apartment,-19059,-4781,1,0,0,0,Laborers,2
5602512,F,N,N,0,67500,Working,Secondary / secondary special,Separated,Rented apartment,-15342,-190,1,0,0,0,Laborers,1
5602538,M,N,Y,0,90000,Working,Secondary / secondary special,Married,House / apartment,-16045,-1160,1,1,1,0,Sales staff,2
5602586,F,Y,Y,0,135000,Working,Higher education,Married,House / apartment,-10933,-1708,1,1,1,0,Sales staff,2
5602932,M,Y,Y,3,450000,Commercial associate,Secondary / secondary special,Married,House / apartment,-15821,-1076,1,0,0,0,Managers,5
5602981,M,Y,N,0,180000,Commercial associate,Secondary / secondary special,Single / not married,House / apartment,-16927,-1767,1,0,1,0,,1
5602993,M,N,N,2,144000,Working,Higher education,Married,House / apartment,-11676,-2377,1,0,0,0,Laborers,1
5603107,F,N,N,0,112500,Working,Higher education,Married,House / apartment,-17417,-2894,1,0,0,0,Core staff,2
5603135,F,Y,Y,1,247500,Working,Higher education,Civil marriage,House / apartment,-16241,-1245,1,0,0,0,High skill tech staff,3
5609505,M,Y,Y,0,270000,Working,Secondary / secondary special,Civil marriage,House / apartment,-14753,-1254,1,0,1,0,Core staff,2
5609938,M,N,N,0,202500,Pensioner,Incomplete higher,Married,House / apartment,-21262,365243,1,0,0,0,,2
5609997,M,Y,Y,2,225000,Commercial associate,Secondary / secondary special,Single / not married,House / apartment,-15432,-2500,1,0,1,0,Drivers,4
5610172,F,N,N,0,126000,Pensioner,Secondary / secondary special,Married,House / apartment,-19363,-702,1,0,0,0,,2
5610174,M,Y,N,0,157500,Working,Secondary / secondary special,Civil marriage,With parents,-10441,-2863,1,0,0,0,Core staff,2
5610199,F,N,Y,0,472500,Commercial associate,Higher education,Married,House / apartment,-15854,-247,1,1,1,0,Core staff,2
5617816,M,Y,Y,0,148500,Working,Secondary / secondary special,Single / not married,House / apartment,-14945,-427,1,0,0,0,Laborers,2
5617817,M,Y,Y,0,148500,Working,Secondary / secondary special,Married,House / apartment,-14945,-427,1,0,0,0,Laborers,2
5617887,M,Y,N,1,157500,Working,Secondary / secondary special,Married,House / apartment,-18915,-7610,1,0,1,0,Drivers,3
5617889,M,Y,N,1,157500,Working,Secondary / secondary special,Married,House / apartment,-18915,-7610,1,0,1,0,Drivers,3
5617893,M,Y,Y,1,157500,Working,Secondary / secondary special,Single / not married,House / apartment,-18915,-7610,1,0,1,0,Drivers,3
5617914,F,N,N,0,135000,Working,Secondary / secondary special,Civil marriage,House / apartment,-14300,-839,1,1,1,0,Managers,2
5617988,F,Y,Y,2,135000,Working,Higher education,Single / not married,House / apartment,-11203,-1266,1,0,0,0,,4
5617989,M,Y,Y,2,135000,Working,Higher education,Married,House / apartment,-11203,-1266,1,0,0,0,,4
5618024,M,Y,Y,0,202500,Pensioner,Secondary / secondary special,Single / not married,House / apartment,-11771,-231,1,0,0,0,Laborers,1
5618147,F,N,Y,0,108000,Pensioner,Secondary / secondary special,Widow,House / apartment,-23167,365243,1,0,1,0,,1
5618148,F,N,Y,0,108000,Pensioner,Secondary / secondary special,Widow,House / apartment,-23167,365243,1,0,1,0,,1
5618231,F,Y,Y,0,202500,Pensioner,Lower secondary,Widow,House / apartment,-23028,365243,1,0,0,0,,1
5618233,F,Y,Y,0,202500,Pensioner,Lower secondary,Widow,House / apartment,-23028,365243,1,0,0,0,,1
5618501,F,N,Y,0,81000,Pensioner,Higher education,Single / not married,House / apartment,-14742,-611,1,0,0,0,Core staff,1
5618879,F,N,Y,0,202500,Commercial associate,Secondary / secondary special,Married,House / apartment,-14243,-423,1,0,0,0,Core staff,2
5619378,F,N,Y,1,202500,Working,Secondary / secondary special,Married,House / apartment,-16569,-2554,1,0,0,0,,3
5619381,F,N,Y,1,202500,Working,Secondary / secondary special,Married,House / apartment,-16569,-2554,1,0,0,0,,3
5619586,M,N,Y,1,270000,Working,Secondary / secondary special,Married,House / apartment,-15670,-1884,1,0,0,1,,3
5619587,M,N,Y,1,270000,Working,Secondary / secondary special,Married,House / apartment,-15670,-1884,1,0,0,1,,3
5619599,F,Y,Y,0,135000,Working,Secondary / secondary special,Single / not married,House / apartment,-18189,-635,1,0,1,0,,1
5625357,F,N,Y,0,135000,Working,Secondary / secondary special,Married,House / apartment,-16217,-3543,1,1,1,0,Core staff,2
5625587,M,Y,Y,0,90000,State servant,Higher education,Married,House / apartment,-14671,-530,1,0,1,0,Medicine staff,2
5625646,F,N,Y,0,225000,Commercial associate,Secondary / secondary special,Widow,House / apartment,-23656,-11883,1,0,1,0,,1
5625685,M,N,Y,0,157500,Working,Incomplete higher,Married,House / apartment,-10167,-2051,1,0,1,1,Laborers,2
5625689,M,N,Y,0,157500,Working,Incomplete higher,Married,House / apartment,-10167,-2051,1,0,1,1,Laborers,2
5626099,F,N,N,0,108000,Pensioner,Secondary / secondary special,Separated,House / apartment,-21823,365243,1,0,0,0,,1
5626264,M,Y,Y,2,405000,Commercial associate,Higher education,Married,House / apartment,-16304,-3544,1,0,0,1,Managers,4
5626551,M,Y,Y,0,207000,Commercial associate,Secondary / secondary special,Married,House / apartment,-16942,-2600,1,0,0,0,Medicine staff,2
5626552,F,Y,Y,0,207000,Commercial associate,Secondary / secondary special,Married,House / apartment,-16942,-2600,1,0,0,0,Medicine staff,2
5626554,F,Y,Y,0,207000,Commercial associate,Secondary / secondary special,Married,House / apartment,-16942,-2600,1,0,0,0,Medicine staff,2
5626743,M,N,Y,0,112500,Pensioner,Secondary / secondary special,Married,House / apartment,-18726,365243,1,0,1,0,,2
5626939,F,N,Y,0,171000,Working,Secondary / secondary special,Single / not married,House / apartment,-18164,-865,1,0,0,0,Sales staff,1
5627389,M,Y,N,0,495000,Working,Higher education,Married,House / apartment,-11052,-2074,1,0,0,0,,2
5627760,M,Y,Y,0,585000,Working,Higher education,Married,House / apartment,-9633,-582,1,0,0,1,Managers,2
5628104,M,Y,N,0,225000,Working,Higher education,Married,House / apartment,-11678,-795,1,0,1,0,,2
5628108,M,Y,N,0,225000,Working,Higher education,Married,House / apartment,-11678,-795,1,0,1,0,,2
5628371,F,N,N,0,54000,Working,Secondary / secondary special,Married,House / apartment,-11743,-1953,1,1,0,0,Cooking staff,2
5628474,M,Y,N,0,427500,Commercial associate,Higher education,Married,House / apartment,-13504,-2806,1,1,1,0,Sales staff,2
5628487,F,N,N,0,180000,Working,Secondary / secondary special,Separated,House / apartment,-14121,-1679,1,1,1,0,Sales staff,1
5628905,F,N,Y,0,135000,Pensioner,Lower secondary,Married,House / apartment,-23175,365243,1,0,0,0,,2
5628909,M,N,Y,0,135000,Pensioner,Lower secondary,Married,House / apartment,-23175,365243,1,0,0,0,,2
5628911,F,N,Y,0,135000,Pensioner,Lower secondary,Married,House / apartment,-23175,365243,1,0,0,0,,2
5629146,F,N,Y,0,162000,Working,Secondary / secondary special,Civil marriage,House / apartment,-19232,-1345,1,0,0,0,,2
5631791,M,Y,Y,1,114916.5,Commercial associate,Secondary / secondary special,Married,House / apartment,-18598,-1397,1,1,1,0,Laborers,3
5631794,M,Y,Y,1,114916.5,Commercial associate,Secondary / secondary special,Married,House / apartment,-18598,-1397,1,1,1,0,Laborers,3
5632025,M,N,Y,2,315000,Working,Higher education,Married,House / apartment,-15780,-1397,1,0,0,0,,4
5632201,F,Y,Y,0,103500,Working,Secondary / secondary special,Widow,House / apartment,-16553,-4715,1,0,1,0,Laborers,1
5632208,F,Y,Y,0,103500,Working,Secondary / secondary special,Widow,House / apartment,-16553,-4715,1,0,1,0,Laborers,1
5632211,M,Y,Y,0,103500,Working,Secondary / secondary special,Widow,House / apartment,-16553,-4715,1,0,1,0,Laborers,1
5632498,M,Y,Y,0,315000,Working,Secondary / secondary special,Married,House / apartment,-16974,-821,1,0,0,0,Laborers,2
5632683,M,Y,Y,0,135000,Working,Secondary / secondary special,Married,House / apartment,-15481,-2556,1,0,0,0,Laborers,2
5632761,F,Y,Y,2,450000,Pensioner,Incomplete higher,Married,House / apartment,-12333,-5538,1,0,1,0,High skill tech staff,4
5632762,F,Y,Y,2,450000,Pensioner,Incomplete higher,Married,House / apartment,-12333,-5538,1,0,1,0,High skill tech staff,4
5632956,F,N,N,0,90000,Pensioner,Secondary / secondary special,Married,House / apartment,-20738,365243,1,0,0,0,,2
5633116,M,Y,N,1,270000,Commercial associate,Incomplete higher,Separated,House / apartment,-12473,-1444,1,0,1,0,Drivers,2
5633117,M,Y,N,1,270000,Commercial associate,Incomplete higher,Separated,House / apartment,-12473,-1444,1,0,1,0,Drivers,2
5633119,M,Y,N,1,270000,Commercial associate,Incomplete higher,Separated,House / apartment,-12473,-1444,1,0,1,0,Drivers,2
5633123,M,Y,N,1,270000,Commercial associate,Incomplete higher,Separated,House / apartment,-12473,-1444,1,0,1,0,Drivers,2
5633124,M,Y,N,1,270000,Commercial associate,Incomplete higher,Separated,House / apartment,-12473,-1444,1,0,1,0,Drivers,2
5633202,M,Y,N,0,450000,Commercial associate,Higher education,Single / not married,House / apartment,-10568,-2418,1,0,1,0,Accountants,1
5633800,F,N,Y,0,126000,Commercial associate,Higher education,Married,House / apartment,-17459,-2784,1,1,1,0,Core staff,2
5633808,F,N,Y,0,126000,Commercial associate,Higher education,Married,House / apartment,-17459,-2784,1,1,1,0,Core staff,2
5633901,F,N,Y,0,135000,Commercial associate,Higher education,Married,House / apartment,-19257,-592,1,0,0,0,Accountants,2
5636748,F,N,N,0,180000,Working,Secondary / secondary special,Married,Rented apartment,-15514,-2616,1,0,0,0,Sales staff,2
5636844,M,N,Y,0,270000,Commercial associate,Secondary / secondary special,Married,House / apartment,-14735,-5081,1,1,1,1,Sales staff,2
5636917,M,N,Y,0,51750,Commercial associate,Higher education,Single / not married,House / apartment,-9351,-182,1,0,0,0,Laborers,2
5637159,F,N,N,0,247500,State servant,Higher education,Married,House / apartment,-13969,-1520,1,0,0,0,Core staff,2
5641257,M,N,Y,0,90000,Pensioner,Secondary / secondary special,Single / not married,House / apartment,-12444,365243,1,0,1,0,,1
5641619,F,N,Y,0,157500,Commercial associate,Secondary / secondary special,Married,House / apartment,-18867,-3499,1,0,1,0,,2
5641755,F,N,Y,0,157500,Working,Secondary / secondary special,Single / not married,House / apartment,-20920,-727,1,0,0,0,Core staff,2
5641967,F,N,N,3,112500,Working,Secondary / secondary special,Married,With parents,-13803,-332,1,1,1,0,Laborers,5
5642025,F,Y,Y,0,90000,Working,Secondary / secondary special,Single / not married,House / apartment,-18409,-3680,1,0,0,0,,1
5642034,F,Y,Y,0,90000,Working,Secondary / secondary special,Single / not married,House / apartment,-18409,-3680,1,0,0,0,,1
5642035,F,Y,Y,0,90000,Working,Secondary / secondary special,Single / not married,House / apartment,-18409,-3680,1,0,0,0,,1
5642036,F,Y,N,0,90000,Working,Secondary / secondary special,Single / not married,House / apartment,-18409,-3680,1,0,0,0,,1
5642264,F,N,Y,0,90000,Pensioner,Secondary / secondary special,Married,House / apartment,-22260,365243,1,0,0,0,,2
5651590,M,Y,N,1,203400,Commercial associate,Higher education,Married,House / apartment,-10277,-788,1,0,0,0,Managers,3
5651593,M,Y,N,1,203400,Commercial associate,Higher education,Married,House / apartment,-10277,-788,1,0,0,0,Managers,3
5653774,M,N,Y,2,117000,Pensioner,Secondary / secondary special,Married,House / apartment,-21865,365243,1,0,1,0,,4
5667829,F,N,Y,0,112500,Working,Lower secondary,Single / not married,With parents,-17643,-4151,1,1,0,0,,2
5667849,M,N,Y,0,405000,State servant,Higher education,Married,House / apartment,-11985,-1563,1,0,0,0,Core staff,2
5667928,M,Y,Y,0,157500,Working,Higher education,Married,House / apartment,-16939,-3208,1,0,0,1,Laborers,2
5668621,M,Y,N,1,360000,Commercial associate,Secondary / secondary special,Married,House / apartment,-17315,-6744,1,0,0,0,,3
5668623,M,Y,Y,1,360000,Commercial associate,Secondary / secondary special,Married,House / apartment,-17315,-6744,1,0,0,0,,3
5668627,M,Y,Y,1,360000,Pensioner,Secondary / secondary special,Single / not married,House / apartment,-17315,-6744,1,0,0,0,,3
5668927,M,N,N,0,225000,Working,Secondary / secondary special,Married,With parents,-11682,-108,1,0,0,0,Drivers,2
5669090,F,N,N,1,243000,Commercial associate,Secondary / secondary special,Married,House / apartment,-15667,-808,1,0,0,0,Sales staff,3
5669092,F,N,N,1,243000,Commercial associate,Secondary / secondary special,Single / not married,House / apartment,-15667,-808,1,0,0,0,Sales staff,3
5669458,F,N,Y,1,99000,Working,Secondary / secondary special,Separated,House / apartment,-12355,-2410,1,1,1,0,Core staff,2
5669518,M,Y,N,0,135000,Working,Secondary / secondary special,Married,House / apartment,-11363,-3719,1,1,0,0,Laborers,2
5669612,M,Y,Y,0,225000,Working,Secondary / secondary special,Married,House / apartment,-21207,-712,1,1,1,0,,2
5669859,F,N,N,0,90000,Pensioner,Secondary / secondary special,Married,House / apartment,-20398,365243,1,0,0,0,,2
5670820,F,N,Y,0,135000,Working,Higher education,Married,House / apartment,-13976,-3498,1,0,0,0,Sales staff,2
5670829,F,N,Y,0,135000,Working,Higher education,Married,House / apartment,-13976,-3498,1,0,0,0,Sales staff,2
5671252,F,N,Y,0,220500,Pensioner,Secondary / secondary special,Separated,House / apartment,-21225,365243,1,0,1,0,,1
5671254,F,N,Y,0,220500,Pensioner,Secondary / secondary special,Separated,House / apartment,-21225,365243,1,0,1,0,,1
5671456,M,N,Y,0,292500,Pensioner,Secondary / secondary special,Married,House / apartment,-16489,365243,1,0,0,0,,2
5671458,F,N,Y,0,292500,Pensioner,Secondary / secondary special,Married,House / apartment,-16489,365243,1,0,0,0,,2
5671459,F,N,N,0,292500,Pensioner,Secondary / secondary special,Married,House / apartment,-16489,365243,1,0,0,0,,2
5671494,F,Y,Y,0,112500,Pensioner,Secondary / secondary special,Married,House / apartment,-23593,365243,1,0,0,0,,2
5671570,F,N,Y,0,90000,Working,Higher education,Single / not married,House / apartment,-10864,-3039,1,0,0,0,Sales staff,1
5677490,M,N,N,0,180000,Pensioner,Secondary / secondary special,Married,House / apartment,-20803,365243,1,0,0,0,,2
5677499,M,Y,N,0,247500,Working,Higher education,Married,House / apartment,-19902,-488,1,0,1,1,Laborers,2
5677519,F,Y,Y,1,135000,Commercial associate,Incomplete higher,Separated,House / apartment,-12515,-884,1,0,0,0,Sales staff,2
5677633,M,Y,Y,0,180000,Working,Secondary / secondary special,Married,House / apartment,-18549,-2041,1,0,0,0,Drivers,2
5678004,M,Y,Y,0,135000,Commercial associate,Secondary / secondary special,Civil marriage,House / apartment,-15241,-184,1,0,0,0,Core staff,2
5678007,M,Y,Y,0,135000,Commercial associate,Secondary / secondary special,Civil marriage,House / apartment,-15241,-184,1,0,0,0,Core staff,2
5678505,M,Y,Y,1,157500,Working,Secondary / secondary special,Married,House / apartment,-12797,-5755,1,0,0,0,Laborers,3
5678506,M,Y,Y,1,157500,Working,Secondary / secondary special,Single / not married,House / apartment,-12797,-5755,1,0,0,0,Laborers,3
5678507,M,Y,Y,1,157500,Working,Secondary / secondary special,Married,House / apartment,-12797,-5755,1,0,0,0,Laborers,1
5678559,F,N,Y,1,135000,Working,Secondary / secondary special,Single / not married,House / apartment,-16608,-3137,1,0,0,0,,2
5678678,F,Y,Y,0,135000,Working,Secondary / secondary special,Married,House / apartment,-19569,-2894,1,0,0,0,,2
5679089,F,N,Y,1,351000,State servant,Secondary / secondary special,Separated,House / apartment,-9281,-2314,1,0,0,0,Core staff,2
5679090,F,N,Y,1,351000,State servant,Secondary / secondary special,Separated,House / apartment,-9281,-2314,1,0,0,0,Core staff,2
5679551,F,N,Y,0,144000,Pensioner,Higher education,Married,House / apartment,-15493,365243,1,0,0,0,,2
5679552,F,N,Y,0,144000,Pensioner,Higher education,Single / not married,House / apartment,-15493,365243,1,0,0,0,,2
5679603,F,Y,N,1,315000,Working,Secondary / secondary special,Single / not married,House / apartment,-16325,-8854,1,0,0,0,Core staff,2
5679889,F,N,Y,0,135000,Commercial associate,Secondary / secondary special,Married,House / apartment,-18025,-4075,1,0,0,0,,2
5679996,F,N,Y,0,135000,Pensioner,Lower secondary,Single / not married,House / apartment,-23570,365243,1,0,1,0,,2
5680012,F,N,Y,0,225000,Commercial associate,Secondary / secondary special,Single / not married,House / apartment,-21701,-3497,1,0,0,0,Security staff,1
5680014,F,N,Y,0,225000,Commercial associate,Secondary / secondary special,Single / not married,House / apartment,-21701,-3497,1,0,0,0,Security staff,1
5680016,F,N,Y,0,225000,Commercial associate,Secondary / secondary special,Single / not married,House / apartment,-21701,-3497,1,0,0,0,Security staff,1
5680018,F,N,Y,0,225000,Commercial associate,Secondary / secondary special,Single / not married,House / apartment,-21701,-3497,1,0,0,0,Security staff,1
5680020,F,N,Y,0,225000,Commercial associate,Secondary / secondary special,Single / not married,House / apartment,-21701,-3497,1,0,0,0,Security staff,1
5680304,F,Y,N,0,360000,Working,Secondary / secondary special,Single / not married,House / apartment,-18620,-422,1,0,0,0,Laborers,1
5680499,M,Y,Y,0,270000,Commercial associate,Secondary / secondary special,Married,House / apartment,-10917,-1580,1,0,0,1,Drivers,2
5680502,M,Y,Y,0,270000,Commercial associate,Secondary / secondary special,Married,House / apartment,-10917,-1580,1,0,0,1,Drivers,2
5680506,M,Y,Y,0,270000,Commercial associate,Secondary / secondary special,Married,House / apartment,-10917,-1580,1,0,0,1,Drivers,2
5680533,F,Y,N,0,99000,State servant,Higher education,Married,House / apartment,-15969,-9311,1,0,0,0,Sales staff,2
5680654,M,Y,Y,0,810000,Commercial associate,Higher education,Married,House / apartment,-14743,-1794,1,1,0,0,Managers,2
5682286,F,N,Y,0,90000,Working,Higher education,Single / not married,House / apartment,-11405,-2621,1,0,0,0,Core staff,1
5684162,M,N,N,0,153000,Commercial associate,Incomplete higher,Single / not married,With parents,-9609,-734,1,0,1,0,,1
5684234,M,N,Y,1,135000,Working,Secondary / secondary special,Married,House / apartment,-14084,-4052,1,0,0,0,Laborers,3
5685774,F,N,Y,0,112500,Working,Secondary / secondary special,Married,House / apartment,-17900,-6356,1,1,1,0,,2
5685780,F,N,N,0,157500,Commercial associate,Secondary / secondary special,Civil marriage,House / apartment,-14573,-250,1,1,0,0,,2
5689950,M,Y,Y,0,202500,State servant,Incomplete higher,Married,House / apartment,-14251,-5476,1,1,1,0,Core staff,2
5689951,M,Y,Y,0,162000,Working,Higher education,Married,House / apartment,-12752,-393,1,0,0,0,Managers,2
5690132,F,N,N,0,180000,Working,Secondary / secondary special,Separated,House / apartment,-21269,-181,1,0,1,0,,1
5690193,F,N,Y,0,135000,Working,Secondary / secondary special,Civil marriage,House / apartment,-12616,-454,1,0,0,0,Sales staff,2
5690195,F,N,Y,0,135000,Working,Secondary / secondary special,Civil marriage,House / apartment,-12616,-454,1,0,0,0,Sales staff,2
5690376,M,Y,Y,0,292500,State servant,Secondary / secondary special,Married,House / apartment,-18221,-713,1,0,1,0,Drivers,2
5690628,F,N,Y,1,135000,Working,Secondary / secondary special,Married,House / apartment,-11409,-3227,1,0,0,0,High skill tech staff,3
5690669,M,N,Y,0,270000,Commercial associate,Secondary / secondary special,Single / not married,House / apartment,-14306,-3561,1,0,1,0,Laborers,1
5690702,F,N,Y,0,94500,Pensioner,Secondary / secondary special,Married,House / apartment,-22845,365243,1,0,0,0,,2
5690832,M,Y,Y,2,90000,Working,Secondary / secondary special,Married,House / apartment,-10819,-1451,1,1,0,0,Laborers,4
5690833,M,Y,Y,2,90000,Working,Secondary / secondary special,Married,House / apartment,-10819,-1451,1,1,0,0,Laborers,4
5692226,M,N,N,0,157500,Working,Secondary / secondary special,Single / not married,With parents,-10616,-840,1,1,1,0,Sales staff,1
5692230,M,N,N,0,157500,Working,Secondary / secondary special,Single / not married,With parents,-10616,-840,1,1,1,0,Sales staff,1
5692231,M,N,N,0,157500,Working,Secondary / secondary special,Single / not married,With parents,-10616,-840,1,1,1,0,Sales staff,1
5692580,F,N,Y,1,234000,Working,Secondary / secondary special,Married,House / apartment,-18776,-778,1,0,0,0,Security staff,3
5692581,F,N,Y,1,234000,Working,Secondary / secondary special,Married,House / apartment,-18776,-778,1,0,0,0,Security staff,3
5699735,F,N,Y,0,225000,Working,Higher education,Civil marriage,House / apartment,-18550,-3659,1,0,1,0,Core staff,2
5699737,F,N,Y,0,225000,Working,Higher education,Civil marriage,House / apartment,-18550,-3659,1,0,1,0,Core staff,2
5699738,F,N,Y,0,225000,Working,Higher education,Civil marriage,House / apartment,-18550,-3659,1,0,1,0,Core staff,2
5699822,F,Y,Y,0,135000,State servant,Secondary / secondary special,Married,House / apartment,-19092,-5273,1,0,0,0,Cleaning staff,2
5699959,F,N,Y,0,157500,Commercial associate,Secondary / secondary special,Civil marriage,House / apartment,-15256,-463,1,0,0,0,,2
5699961,F,N,Y,0,157500,Commercial associate,Secondary / secondary special,Civil marriage,House / apartment,-15256,-463,1,0,0,0,,2
5699963,F,N,Y,0,157500,Commercial associate,Secondary / secondary special,Civil marriage,House / apartment,-15256,-463,1,0,0,0,,2
5700323,F,N,N,0,112500,State servant,Higher education,Married,House / apartment,-18022,-2537,1,0,0,0,Managers,2
5700326,F,N,N,0,112500,Pensioner,Higher education,Married,House / apartment,-18022,-2537,1,0,0,0,Managers,2
5700327,F,N,N,0,112500,Pensioner,Higher education,Married,House / apartment,-18022,-2537,1,0,0,0,Managers,2
5701732,F,N,Y,0,306000,Working,Secondary / secondary special,Civil marriage,House / apartment,-18668,-4155,1,1,0,1,Sales staff,2
5701737,M,N,Y,0,90000,Working,Secondary / secondary special,Civil marriage,House / apartment,-8231,-867,1,0,0,0,Laborers,2
5701833,F,N,Y,0,180000,Pensioner,Secondary / secondary special,Civil marriage,House / apartment,-22245,365243,1,0,0,0,,2
5702370,M,N,N,1,135000,Working,Secondary / secondary special,Married,House / apartment,-18019,-3051,1,0,1,0,Laborers,3
5702433,M,N,Y,0,157500,Commercial associate,Secondary / secondary special,Single / not married,House / apartment,-14055,-1986,1,0,0,0,Cooking staff,1
5702460,F,N,Y,0,157500,Commercial associate,Secondary / secondary special,Single / not married,House / apartment,-14055,-1986,1,0,0,0,Cooking staff,1
5702539,M,Y,N,0,225000,Working,Secondary / secondary special,Single / not married,With parents,-8546,-1012,1,0,1,0,Drivers,1
5702604,F,N,N,0,292500,State servant,Secondary / secondary special,Married,House / apartment,-22117,-1986,1,0,0,0,,2
5702618,F,Y,Y,0,157500,Pensioner,Secondary / secondary special,Widow,House / apartment,-21608,365243,1,0,0,0,,1
5702620,F,Y,Y,0,157500,Pensioner,Secondary / secondary special,Widow,House / apartment,-21608,365243,1,0,0,0,,1
5702833,M,N,N,1,382500,Working,Secondary / secondary special,Married,House / apartment,-10569,-1714,1,0,0,0,,3
5702834,M,N,N,1,382500,Working,Secondary / secondary special,Married,House / apartment,-10569,-1714,1,0,0,0,,3
5702956,M,Y,N,0,495000,Working,Higher education,Married,House / apartment,-11481,-495,1,0,1,0,Core staff,2
5703024,F,N,N,2,180000,Working,Higher education,Married,House / apartment,-13611,-2901,1,1,1,0,Core staff,4
5703074,F,N,N,0,90000,Working,Secondary / secondary special,Married,House / apartment,-17825,-8410,1,1,1,0,Laborers,2
5703315,F,N,Y,0,135000,Pensioner,Secondary / secondary special,Married,House / apartment,-23331,365243,1,0,0,0,,2
5703364,F,N,Y,0,337500,Working,Higher education,Married,House / apartment,-13031,-6278,1,1,0,0,Managers,2
5703445,F,Y,Y,2,315000,Commercial associate,Secondary / secondary special,Married,House / apartment,-12767,-2901,1,0,1,0,,1
5703450,F,Y,Y,2,315000,Commercial associate,Secondary / secondary special,Married,House / apartment,-12767,-2901,1,0,1,0,,4
5703532,M,Y,Y,0,157500,Working,Secondary / secondary special,Married,House / apartment,-15291,-3874,1,1,1,0,Drivers,2
5706427,M,Y,Y,0,225000,Working,Secondary / secondary special,Single / not married,House / apartment,-14749,-2227,1,0,1,0,,1
5706453,F,N,Y,0,157500,Commercial associate,Secondary / secondary special,Married,House / apartment,-19156,-521,1,0,1,0,,2
5706461,F,N,Y,0,225000,Working,Secondary / secondary special,Civil marriage,House / apartment,-13480,-5300,1,1,1,0,Medicine staff,2
5706662,F,N,Y,0,180000,Commercial associate,Secondary / secondary special,Widow,House / apartment,-19886,-4844,1,0,1,0,High skill tech staff,1
5706931,M,Y,Y,1,252000,Working,Secondary / secondary special,Civil marriage,House / apartment,-13448,-1771,1,0,0,1,Laborers,3
5706938,M,Y,Y,1,252000,Working,Secondary / secondary special,Civil marriage,House / apartment,-13448,-1771,1,0,0,1,Laborers,3
5707144,F,N,N,0,56250,Pensioner,Secondary / secondary special,Widow,House / apartment,-20814,365243,1,0,0,0,,1
5707241,F,N,N,1,112500,Working,Higher education,Civil marriage,House / apartment,-14761,-706,1,1,0,0,,3
5707303,F,N,Y,0,472500,Pensioner,Secondary / secondary special,Widow,House / apartment,-22295,365243,1,0,0,0,,1
5707304,F,N,Y,0,472500,Pensioner,Secondary / secondary special,Widow,House / apartment,-22295,365243,1,0,0,0,,1
5707388,M,Y,Y,0,135000,Working,Secondary / secondary special,Married,House / apartment,-21845,-2684,1,0,0,0,Security staff,2
5707389,M,Y,Y,0,135000,Working,Secondary / secondary special,Married,House / apartment,-21845,-2684,1,0,0,0,Security staff,2
5708589,F,N,N,0,157500,Pensioner,Higher education,Single / not married,House / apartment,-21498,365243,1,0,1,1,,1
5708916,M,N,Y,1,135000,Working,Secondary / secondary special,Civil marriage,House / apartment,-11214,-564,1,0,0,0,,3
5708957,M,N,Y,1,225000,Commercial associate,Secondary / secondary special,Married,House / apartment,-11606,-2939,1,0,1,1,Drivers,3
5709896,F,N,N,0,180000,Working,Secondary / secondary special,Separated,House / apartment,-18909,-4216,1,0,0,0,Core staff,1
5710503,F,N,N,0,247500,Working,Secondary / secondary special,Married,House / apartment,-17541,-1198,1,0,0,0,Sales staff,2
5710504,F,N,N,0,247500,Working,Secondary / secondary special,Married,House / apartment,-17541,-1198,1,0,0,0,Sales staff,2
5710663,F,N,Y,0,76500,Commercial associate,Higher education,Married,House / apartment,-14681,-2446,1,1,1,0,Sales staff,2
5710945,F,N,Y,0,90000,Working,Secondary / secondary special,Married,House / apartment,-19119,-1867,1,0,0,0,Laborers,2
5710947,F,N,Y,0,90000,Working,Secondary / secondary special,Married,House / apartment,-19119,-1867,1,0,0,0,Laborers,2
5710949,F,N,Y,0,90000,Working,Secondary / secondary special,Single / not married,House / apartment,-19119,-1867,1,0,0,0,Laborers,2
5710953,F,N,Y,0,90000,Working,Secondary / secondary special,Married,House / apartment,-19119,-1867,1,0,0,0,Laborers,2
5712676,M,Y,Y,0,211500,State servant,Secondary / secondary special,Married,House / apartment,-15047,-7553,1,0,0,0,Core staff,2
5712687,F,N,Y,0,171000,Pensioner,Secondary / secondary special,Married,House / apartment,-24681,365243,1,0,1,0,,2
5712740,M,Y,Y,0,157500,Working,Secondary / secondary special,Married,House / apartment,-21005,-3140,1,0,0,0,,2
5712799,M,Y,Y,0,202500,Commercial associate,Secondary / secondary special,Married,House / apartment,-15244,-2286,1,0,0,1,Managers,2
5712936,M,Y,Y,1,315000,Commercial associate,Higher education,Single / not married,House / apartment,-14604,-1465,1,0,0,0,Managers,2
5712937,M,Y,Y,1,315000,Commercial associate,Higher education,Single / not married,House / apartment,-14604,-1465,1,0,0,1,Managers,2
5713026,F,N,Y,0,225000,Working,Secondary / secondary special,Single / not married,House / apartment,-15100,-4478,1,0,1,0,Managers,1
5713247,F,N,Y,1,315000,Working,Secondary / secondary special,Married,House / apartment,-12204,-583,1,0,1,0,Laborers,3
5713249,F,N,Y,1,315000,Working,Secondary / secondary special,Married,House / apartment,-12204,-583,1,0,1,0,Laborers,1
5713916,F,N,Y,2,90000,Working,Secondary / secondary special,Married,Co-op apartment,-12477,-2690,1,0,0,0,Core staff,4
5713979,M,Y,Y,0,126000,Working,Secondary / secondary special,Married,House / apartment,-13965,-2081,1,1,0,0,Laborers,2
5714108,F,N,Y,0,180000,Pensioner,Secondary / secondary special,Single / not married,House / apartment,-18926,365243,1,0,0,0,,2
5715472,F,N,Y,1,121500,Commercial associate,Higher education,Married,House / apartment,-11245,-890,1,0,0,0,Laborers,3
5715797,M,N,Y,0,72000,Working,Secondary / secondary special,Civil marriage,With parents,-10161,-1924,1,1,0,0,Sales staff,2
5715876,M,Y,Y,0,180000,Working,Secondary / secondary special,Single / not married,House / apartment,-20433,-1378,1,0,0,0,Managers,1
5724505,M,Y,N,0,162000,Working,Secondary / secondary special,Married,House / apartment,-16869,-2347,1,0,0,0,,2
5724523,F,Y,N,0,202500,Working,Secondary / secondary special,Married,House / apartment,-18865,-1134,1,0,1,0,Sales staff,2
5724524,F,Y,N,0,202500,Working,Secondary / secondary special,Married,House / apartment,-18865,-1134,1,0,1,0,Sales staff,2
5724856,M,Y,N,1,157500,Commercial associate,Secondary / secondary special,Married,With parents,-15681,-3294,1,0,1,0,Drivers,1
5724857,M,Y,N,1,157500,Pensioner,Secondary / secondary special,Single / not married,With parents,-15681,-3294,1,0,1,0,Drivers,3
5726257,F,N,N,2,270000,Commercial associate,Higher education,Married,With parents,-12405,-1067,1,0,0,0,Accountants,4
5726259,F,N,N,2,270000,Commercial associate,Higher education,Married,With parents,-12405,-1067,1,0,0,0,Accountants,4
5726535,M,N,Y,1,202500,Pensioner,Secondary / secondary special,Civil marriage,House / apartment,-21170,365243,1,0,0,0,,3
5726960,F,N,Y,0,270000,Pensioner,Higher education,Married,House / apartment,-22794,365243,1,0,1,0,,2
5727372,M,Y,Y,1,225000,State servant,Higher education,Married,House / apartment,-14104,-1619,1,0,0,1,High skill tech staff,3
5727374,M,Y,Y,1,225000,State servant,Higher education,Married,House / apartment,-14104,-1619,1,0,0,1,High skill tech staff,3
5729844,M,Y,N,0,225000,Working,Secondary / secondary special,Married,House / apartment,-18620,-3477,1,1,0,0,Drivers,2
5729860,M,N,N,0,112500,Working,Incomplete higher,Married,House / apartment,-12048,-2016,1,0,1,0,,2
5729987,M,Y,N,0,157500,Working,Higher education,Married,House / apartment,-10991,-2989,1,1,1,0,Laborers,2
5729990,M,Y,N,0,157500,Working,Higher education,Married,House / apartment,-10991,-2989,1,1,1,0,Laborers,2
5729993,M,Y,N,0,157500,Working,Higher education,Married,House / apartment,-10991,-2989,1,1,1,0,Laborers,2
5730365,F,N,N,2,112500,Working,Secondary / secondary special,Married,House / apartment,-11703,-1893,1,1,1,0,High skill tech staff,4
5730366,F,N,N,2,112500,Working,Secondary / secondary special,Married,House / apartment,-11703,-1893,1,1,1,0,High skill tech staff,4
5730385,M,Y,N,2,225000,Working,Secondary / secondary special,Married,With parents,-9511,-1498,1,0,0,0,Drivers,4
5730476,F,N,N,0,117000,Working,Secondary / secondary special,Single / not married,House / apartment,-19688,-585,1,1,0,0,Sales staff,1
5730605,F,N,N,0,67500,Pensioner,Secondary / secondary special,Single / not married,With parents,-10148,-616,1,0,0,0,Laborers,1
5730606,F,N,N,0,67500,Commercial associate,Secondary / secondary special,Single / not married,With parents,-10148,-616,1,0,0,0,Laborers,1
5730900,M,Y,N,0,157500,State servant,Secondary / secondary special,Married,With parents,-10500,-2655,1,1,0,0,Drivers,2
5731009,F,N,Y,1,360000,Pensioner,Secondary / secondary special,Married,House / apartment,-16138,-4907,1,0,0,0,,3
5731098,M,N,Y,0,225000,Commercial associate,Higher education,Married,House / apartment,-11662,-1108,1,1,1,1,Managers,2
5731135,F,N,Y,0,81000,Working,Secondary / secondary special,Single / not married,House / apartment,-16160,-1292,1,0,0,0,,1
5731319,M,N,Y,0,180000,Pensioner,Secondary / secondary special,Married,House / apartment,-20684,365243,1,0,1,0,,2
5731425,M,Y,Y,0,135000,Pensioner,Higher education,Married,House / apartment,-20357,-1802,1,0,0,0,High skill tech staff,2
5731607,M,Y,Y,0,157500,Working,Secondary / secondary special,Civil marriage,House / apartment,-9210,-1041,1,0,0,0,Laborers,2
5731619,M,N,N,0,270000,State servant,Incomplete higher,Civil marriage,House / apartment,-11360,-2686,1,1,0,0,,2
5731872,M,N,Y,0,67500,Working,Secondary / secondary special,Civil marriage,House / apartment,-14582,-2016,1,0,0,0,Drivers,2
5732006,F,N,Y,0,225000,Pensioner,Secondary / secondary special,Married,House / apartment,-20942,365243,1,0,0,0,,2
5732014,F,N,Y,0,225000,Working,Secondary / secondary special,Civil marriage,House / apartment,-19084,-433,1,0,0,0,Sales staff,2
5732038,F,N,Y,2,157500,Working,Secondary / secondary special,Single / not married,House / apartment,-15208,-890,1,0,0,0,Sales staff,1
5732069,F,N,Y,1,94500,State servant,Secondary / secondary special,Widow,House / apartment,-17745,-616,1,0,1,0,,2
5732071,F,N,Y,1,94500,State servant,Secondary / secondary special,Widow,House / apartment,-17745,-616,1,0,1,0,,2
5732130,F,N,Y,0,153000,State servant,Higher education,Married,House / apartment,-11430,-129,1,0,0,0,,2
5732131,F,N,Y,0,153000,State servant,Higher education,Married,House / apartment,-11430,-129,1,0,0,0,,2
5735467,F,N,N,0,139500,State servant,Secondary / secondary special,Married,House / apartment,-19444,-5535,1,0,0,0,Managers,2
5735470,F,N,N,0,139500,State servant,Secondary / secondary special,Married,House / apartment,-19444,-5535,1,0,0,0,Managers,2
5735514,M,N,N,0,216000,State servant,Secondary / secondary special,Civil marriage,House / apartment,-12163,-3891,1,1,0,0,Core staff,2
5735533,F,N,N,0,108000,Pensioner,Secondary / secondary special,Married,House / apartment,-18861,365243,1,0,0,0,,2
5735662,F,N,N,0,90000,Pensioner,Secondary / secondary special,Married,House / apartment,-20398,365243,1,0,0,0,,2
5735663,F,N,N,0,90000,Pensioner,Secondary / secondary special,Married,House / apartment,-20398,365243,1,0,0,0,,2
5735785,M,N,N,1,157500,Working,Secondary / secondary special,Married,House / apartment,-11330,-2308,1,0,1,0,Drivers,3
5735790,M,Y,N,1,99000,Commercial associate,Secondary / secondary special,Civil marriage,House / apartment,-14733,-1121,1,1,0,0,Sales staff,3
5735869,M,Y,N,0,180000,Working,Secondary / secondary special,Single / not married,House / apartment,-14260,-239,1,0,0,0,Drivers,2
5735886,M,N,N,0,112500,Pensioner,Secondary / secondary special,Married,House / apartment,-23596,365243,1,0,1,0,,2
5735899,M,N,N,0,112500,State servant,Secondary / secondary special,Married,House / apartment,-22313,-451,1,1,1,0,Core staff,2
5736331,M,Y,N,1,450000,Commercial associate,Higher education,Single / not married,With parents,-11868,-1182,1,0,0,0,High skill tech staff,2
5736423,M,Y,N,2,157500,Commercial associate,Secondary / secondary special,Married,House / apartment,-13693,-3039,1,1,1,0,Laborers,4
5736476,F,N,N,0,135000,Commercial associate,Secondary / secondary special,Single / not married,Rented apartment,-13677,-1731,1,1,0,0,Laborers,1
5736585,F,N,N,0,157500,Commercial associate,Incomplete higher,Single / not married,House / apartment,-8640,-117,1,1,0,0,Core staff,1
5736587,F,N,N,0,157500,Commercial associate,Incomplete higher,Single / not married,House / apartment,-8640,-117,1,1,0,0,Core staff,1
5736589,F,N,N,0,157500,Commercial associate,Incomplete higher,Single / not married,House / apartment,-8640,-117,1,1,0,0,Core staff,1
5736846,M,Y,N,2,270000,Working,Higher education,Civil marriage,Municipal apartment,-13578,-2430,1,0,0,0,Laborers,4
5736850,M,Y,N,2,270000,Working,Higher education,Civil marriage,Municipal apartment,-13578,-2430,1,0,0,0,Laborers,4
5736972,F,N,Y,0,157500,Pensioner,Secondary / secondary special,Married,House / apartment,-24616,365243,1,0,0,0,,2
5737127,M,N,N,1,207000,Pensioner,Higher education,Married,Office apartment,-14891,-2623,1,0,0,0,Core staff,3
5738121,F,N,N,0,135000,State servant,Secondary / secondary special,Married,House / apartment,-17950,-7223,1,0,0,0,Medicine staff,2
5738129,F,N,N,0,135000,State servant,Secondary / secondary special,Married,House / apartment,-17950,-7223,1,0,0,0,Medicine staff,2
5738215,M,N,Y,0,202500,Pensioner,Secondary / secondary special,Married,House / apartment,-21007,365243,1,0,0,0,,2
5738217,F,N,Y,0,202500,Pensioner,Secondary / secondary special,Married,House / apartment,-21007,365243,1,0,0,0,,2
5738314,F,Y,Y,2,54000,Working,Higher education,Married,House / apartment,-12730,-133,1,0,0,0,,4
5738657,F,N,Y,0,198000,Working,Secondary / secondary special,Civil marriage,House / apartment,-19899,-9290,1,0,0,0,Laborers,2
5738659,F,N,Y,0,198000,Working,Secondary / secondary special,Civil marriage,House / apartment,-19899,-9290,1,0,0,0,Laborers,2
5738661,F,N,Y,0,198000,Working,Secondary / secondary special,Civil marriage,House / apartment,-19899,-9290,1,0,0,0,Laborers,2
5738770,F,N,Y,0,202500,Pensioner,Secondary / secondary special,Widow,House / apartment,-21730,365243,1,0,0,0,,1
5739519,F,Y,N,0,270000,Commercial associate,Higher education,Married,House / apartment,-10160,-1255,1,1,1,0,,2
5742625,F,N,Y,0,112500,Working,Secondary / secondary special,Separated,House / apartment,-15566,-3917,1,1,1,0,Medicine staff,1
5743439,F,N,N,1,202500,Working,Secondary / secondary special,Married,House / apartment,-10885,-2122,1,0,1,0,Laborers,3
5743823,F,N,N,0,180000,Working,Higher education,Separated,House / apartment,-20055,-3007,1,1,0,0,Core staff,1
5744014,M,N,N,0,360000,Pensioner,Higher education,Married,House / apartment,-22968,365243,1,0,1,1,,2
5744250,F,N,N,0,171000,Commercial associate,Higher education,Separated,House / apartment,-11282,-1424,1,0,1,0,Private service staff,1
5744414,M,N,Y,0,135000,Working,Secondary / secondary special,Married,House / apartment,-15715,-4499,1,0,1,0,Drivers,2
5749237,F,N,N,0,157500,State servant,Incomplete higher,Married,House / apartment,-9727,-1366,1,0,0,0,Core staff,2
5752288,F,N,N,0,166500,Working,Secondary / secondary special,Married,House / apartment,-20011,-4566,1,0,0,0,Sales staff,2
5752462,F,N,Y,0,427500,State servant,Secondary / secondary special,Single / not married,House / apartment,-17937,-1368,1,0,0,0,High skill tech staff,1
5752597,M,Y,Y,0,135000,Working,Secondary / secondary special,Married,House / apartment,-15481,-2556,1,0,0,0,Laborers,2
5753666,F,N,Y,0,90000,Working,Secondary / secondary special,Married,House / apartment,-15916,-399,1,0,0,0,Cooking staff,2
5753667,F,N,Y,0,90000,Working,Secondary / secondary special,Married,House / apartment,-15916,-399,1,0,0,0,Cooking staff,2
5753754,M,N,Y,0,292500,Working,Secondary / secondary special,Married,House / apartment,-13749,-2317,1,0,0,0,Laborers,2
5753756,M,N,Y,0,144000,Pensioner,Secondary / secondary special,Married,House / apartment,-21622,365243,1,0,0,0,,2
5753765,M,N,Y,0,148500,Working,Secondary / secondary special,Single / not married,House / apartment,-11944,-2836,1,0,0,0,,2
5759158,F,Y,Y,0,112500,Working,Secondary / secondary special,Married,House / apartment,-18548,-1532,1,1,1,0,Waiters/barmen staff,2
5759355,M,Y,N,0,107100,Working,Secondary / secondary special,Single / not married,With parents,-9988,-2532,1,0,0,1,Laborers,1
5759665,M,Y,Y,0,135000,Working,Secondary / secondary special,Married,House / apartment,-10712,-217,1,0,0,0,Laborers,2
5759667,M,Y,Y,0,135000,Working,Secondary / secondary special,Married,House / apartment,-10712,-217,1,0,0,0,Laborers,2
5759668,M,Y,Y,0,135000,Working,Secondary / secondary special,Married,House / apartment,-10712,-217,1,0,0,0,Laborers,2
5759669,M,Y,Y,0,135000,Working,Secondary / secondary special,Married,House / apartment,-10712,-217,1,0,0,0,Laborers,2
5760068,M,N,Y,0,117000,Pensioner,Secondary / secondary special,Widow,House / apartment,-21494,365243,1,0,0,0,,1
5760430,F,N,Y,0,91800,Pensioner,Secondary / secondary special,Married,House / apartment,-23176,365243,1,0,0,0,,2
5760481,M,N,Y,0,207000,Working,Secondary / secondary special,Married,House / apartment,-15770,-947,1,0,1,0,Drivers,2
5760583,M,N,Y,0,45000,Working,Secondary / secondary special,Married,Rented apartment,-20028,-825,1,0,0,0,Cleaning staff,2
5760613,F,Y,N,1,630000,Working,Higher education,Married,House / apartment,-18909,-6549,1,0,1,1,Sales staff,3
5760743,F,N,Y,0,225000,Working,Secondary / secondary special,Married,House / apartment,-14085,-1039,1,0,0,0,Sales staff,2
5760974,F,Y,Y,1,135000,Working,Secondary / secondary special,Single / not married,House / apartment,-10898,-401,1,0,0,0,,2
5761172,F,Y,Y,0,157500,Commercial associate,Secondary / secondary special,Married,House / apartment,-13841,-1039,1,0,0,0,Sales staff,2
5761384,M,N,N,0,157500,Working,Secondary / secondary special,Single / not married,House / apartment,-10712,-301,1,0,0,0,Laborers,1
5761387,M,N,N,0,157500,Working,Secondary / secondary special,Single / not married,House / apartment,-10712,-301,1,0,0,0,Laborers,1
5761389,M,N,N,0,157500,Working,Secondary / secondary special,Single / not married,House / apartment,-10712,-301,1,0,0,0,Laborers,1
5761533,M,N,Y,0,157500,Pensioner,Higher education,Single / not married,Municipal apartment,-22167,365243,1,0,0,0,,1
5761872,F,N,N,0,112500,Commercial associate,Secondary / secondary special,Married,House / apartment,-14281,-3742,1,1,0,0,,2
5762012,F,N,N,0,135000,Working,Secondary / secondary special,Married,Office apartment,-13127,-2586,1,1,0,0,High skill tech staff,2
5762013,F,N,N,0,135000,Working,Secondary / secondary special,Married,Office apartment,-13127,-2586,1,1,0,0,High skill tech staff,2
5762016,F,N,N,0,135000,Working,Secondary / secondary special,Married,Office apartment,-13127,-2586,1,1,0,0,High skill tech staff,2
5762070,M,N,N,0,180000,Working,Higher education,Separated,Municipal apartment,-21856,-3377,1,0,0,0,Laborers,1
5762301,F,N,N,1,67500,Commercial associate,Secondary / secondary special,Single / not married,House / apartment,-11352,-1855,1,0,0,0,Laborers,2
5769522,M,Y,Y,1,81000,Working,Higher education,Married,House / apartment,-12302,-1672,1,1,1,0,Laborers,3
5769526,M,Y,Y,1,81000,Working,Higher education,Married,House / apartment,-12302,-1672,1,1,1,0,Laborers,3
5769578,F,N,Y,0,54000,Working,Higher education,Separated,House / apartment,-17001,-6237,1,0,0,0,Core staff,1
5769627,F,N,Y,2,202500,State servant,Higher education,Married,House / apartment,-11385,-2219,1,0,0,0,,4
5769795,M,Y,N,0,450000,Commercial associate,Secondary / secondary special,Married,House / apartment,-10473,-1672,1,0,0,0,Drivers,2
5770921,F,Y,Y,0,405000,Commercial associate,Higher education,Married,House / apartment,-19782,-3247,1,0,1,1,Managers,2
5771088,M,Y,Y,2,225000,Working,Higher education,Married,House / apartment,-11363,-264,1,1,1,0,Drivers,1
5771191,M,Y,Y,1,180000,Working,Secondary / secondary special,Married,House / apartment,-15748,-629,1,0,1,0,,3
5771511,F,N,Y,1,63000,Working,Secondary / secondary special,Single / not married,With parents,-11371,-933,1,1,1,0,Laborers,2
5771514,F,N,Y,1,63000,Working,Secondary / secondary special,Single / not married,With parents,-11371,-933,1,1,1,0,Laborers,2
5771708,F,N,Y,1,157500,Working,Secondary / secondary special,Single / not married,House / apartment,-16378,-7812,1,0,0,0,,2
5771940,F,N,Y,0,90000,Working,Secondary / secondary special,Married,House / apartment,-13075,-5896,1,0,1,0,Laborers,2
5772213,M,N,N,0,144000,Working,Secondary / secondary special,Single / not married,Rented apartment,-12113,-963,1,0,1,0,Laborers,1
5772214,M,N,N,0,144000,Working,Secondary / secondary special,Single / not married,Rented apartment,-12113,-963,1,0,1,0,Laborers,1
5772268,M,N,Y,0,405000,Commercial associate,Higher education,Single / not married,With parents,-9986,-568,1,0,1,1,Managers,1
5772454,F,N,N,1,135000,Working,Secondary / secondary special,Married,House / apartment,-16478,-4626,1,0,0,0,,3
5772822,F,Y,Y,0,270000,Working,Secondary / secondary special,Married,House / apartment,-19168,-5325,1,0,0,0,Security staff,2
5772902,F,N,N,0,90000,Working,Secondary / secondary special,Single / not married,With parents,-11003,-486,1,0,0,0,Private service staff,1
5772904,F,N,N,0,90000,Working,Secondary / secondary special,Single / not married,With parents,-11003,-486,1,0,0,0,Private service staff,1
5776335,F,N,Y,0,225000,Working,Secondary / secondary special,Civil marriage,House / apartment,-14949,-1108,1,0,0,0,Laborers,2
5776365,F,Y,Y,0,171000,Working,Secondary / secondary special,Separated,House / apartment,-16698,-2934,1,1,1,0,Accountants,1
5776498,M,N,N,0,180000,Commercial associate,Secondary / secondary special,Married,With parents,-17654,-1443,1,0,0,0,,2
5784472,F,Y,N,0,135000,Working,Higher education,Married,House / apartment,-14767,-5651,1,1,0,0,Core staff,2
5784478,M,Y,N,0,135000,Working,Higher education,Married,House / apartment,-14767,-5651,1,1,0,0,Core staff,2
5784665,F,N,Y,1,112500,Working,Secondary / secondary special,Single / not married,House / apartment,-15581,-7036,1,1,0,0,,3
5784903,M,N,Y,0,157500,Commercial associate,Secondary / secondary special,Civil marriage,House / apartment,-17524,-831,1,0,0,0,,2
5784915,M,N,Y,0,180000,State servant,Secondary / secondary special,Separated,Municipal apartment,-17559,-1897,1,0,0,0,Laborers,1
5785002,M,N,Y,0,135000,Working,Secondary / secondary special,Single / not married,House / apartment,-10359,-650,1,0,0,0,Security staff,1
5785138,M,Y,N,1,202500,Commercial associate,Secondary / secondary special,Married,House / apartment,-11713,-2262,1,0,0,0,Low-skill Laborers,1
5785199,M,Y,Y,1,112500,Commercial associate,Secondary / secondary special,Married,House / apartment,-14412,-5940,1,0,0,0,Laborers,3
5785201,F,Y,Y,1,112500,Commercial associate,Secondary / secondary special,Married,House / apartment,-14412,-5940,1,0,0,0,Laborers,3
5785344,M,Y,N,0,225000,Working,Higher education,Single / not married,House / apartment,-11386,-979,1,0,0,0,Laborers,1
5787556,F,N,Y,0,178200,Working,Secondary / secondary special,Single / not married,Rented apartment,-15885,-2837,1,1,0,0,Cooking staff,2
5787617,F,N,Y,1,247500,Commercial associate,Higher education,Single / not married,Co-op apartment,-14906,-5362,1,0,0,0,Managers,2
5787618,F,N,Y,1,247500,Commercial associate,Higher education,Single / not married,Co-op apartment,-14906,-5362,1,0,0,0,Managers,2
5787619,F,N,Y,1,247500,Commercial associate,Higher education,Single / not married,Co-op apartment,-14906,-5362,1,0,0,0,Managers,2
5787818,F,N,Y,1,117000,Working,Secondary / secondary special,Married,House / apartment,-18453,-6611,1,0,0,0,Laborers,3
5787893,F,N,N,0,36000,Working,Secondary / secondary special,Single / not married,With parents,-14500,-459,1,1,0,0,Core staff,2
5788151,M,N,N,2,360000,Commercial associate,Higher education,Single / not married,House / apartment,-14629,-581,1,0,0,1,,4
5788153,M,N,N,2,360000,Commercial associate,Higher education,Married,House / apartment,-14629,-581,1,0,0,0,,1
5788173,M,N,N,0,121500,Pensioner,Higher education,Separated,House / apartment,-20196,365243,1,0,0,0,,1
5788693,F,N,N,2,49500,Working,Secondary / secondary special,Married,House / apartment,-13873,-1282,1,0,0,0,Laborers,4
5789376,M,N,Y,1,225000,Working,Secondary / secondary special,Married,House / apartment,-19349,-1221,1,0,0,0,Laborers,3
5789418,F,Y,Y,0,247500,Working,Higher education,Married,House / apartment,-17350,-1343,1,0,1,0,Managers,2
5789474,F,N,N,2,90000,Working,Higher education,Married,With parents,-13778,-1677,1,0,0,1,Sales staff,4
5791484,M,N,Y,0,99000,Working,Secondary / secondary special,Married,House / apartment,-22307,-96,1,0,0,0,Sales staff,2
5791501,F,N,Y,0,67500,Working,Incomplete higher,Single / not married,House / apartment,-10270,-127,1,0,0,1,Sales staff,1
5791648,F,N,Y,0,157500,Working,Higher education,Single / not married,House / apartment,-10957,-3597,1,0,0,0,Accountants,2
5791702,M,Y,Y,0,459000,Commercial associate,Higher education,Married,House / apartment,-17812,-2044,1,0,1,1,Core staff,2
5791704,M,Y,Y,0,459000,Commercial associate,Higher education,Married,House / apartment,-17812,-2044,1,0,1,1,Core staff,2
5792043,M,N,Y,0,283500,Pensioner,Secondary / secondary special,Married,House / apartment,-21565,365243,1,0,1,0,,2
5794712,F,N,Y,0,157500,Pensioner,Secondary / secondary special,Widow,House / apartment,-22778,365243,1,0,1,0,,1
5794739,F,N,Y,0,270000,Working,Secondary / secondary special,Married,House / apartment,-16725,-3350,1,1,1,0,Managers,2
5794882,M,Y,Y,0,270000,Working,Secondary / secondary special,Single / not married,House / apartment,-16251,-8320,1,0,1,0,Laborers,2
5794972,F,N,Y,0,121500,Pensioner,Higher education,Married,House / apartment,-23037,365243,1,0,0,0,,2
5794974,F,N,Y,0,121500,Pensioner,Higher education,Married,House / apartment,-23037,365243,1,0,0,0,,2
5795142,M,N,Y,0,135000,Working,Secondary / secondary special,Married,House / apartment,-19135,-857,1,0,1,0,Drivers,2
5795144,F,N,Y,1,112500,Working,Secondary / secondary special,Civil marriage,House / apartment,-16829,-96,1,0,0,0,Sales staff,3
5795763,M,Y,N,0,202500,Working,Secondary / secondary special,Single / not married,House / apartment,-9457,-1864,1,0,0,0,,1
5795816,F,N,N,1,157500,Working,Secondary / secondary special,Married,House / apartment,-16387,-1527,1,0,1,0,Laborers,3
5796404,F,N,N,1,225000,Working,Higher education,Married,House / apartment,-11710,-4254,1,0,0,0,High skill tech staff,3
5796704,F,N,N,0,117000,Working,Secondary / secondary special,Married,House / apartment,-18873,-6780,1,0,0,0,Laborers,2
5797431,F,Y,Y,0,135000,Working,Secondary / secondary special,Civil marriage,House / apartment,-9985,-114,1,0,0,1,Sales staff,2
5804601,M,Y,Y,2,112500,Pensioner,Secondary / secondary special,Married,House / apartment,-12518,-3029,1,0,0,0,Laborers,4
5804620,M,Y,Y,0,135000,Working,Secondary / secondary special,Single / not married,House / apartment,-11309,-2482,1,0,0,0,Drivers,1
5805644,M,Y,Y,0,180000,Working,Secondary / secondary special,Married,House / apartment,-10292,-359,1,0,0,0,Cleaning staff,2
5805747,M,Y,Y,0,315000,Working,Higher education,Single / not married,House / apartment,-18927,-2460,1,0,0,0,,1
5807161,M,Y,Y,0,405000,Working,Secondary / secondary special,Single / not married,House / apartment,-11597,-2090,1,0,0,0,Managers,1
5807162,M,Y,Y,0,405000,Working,Secondary / secondary special,Single / not married,House / apartment,-11597,-2090,1,0,0,0,Managers,1
5807163,M,Y,Y,0,405000,Working,Secondary / secondary special,Single / not married,House / apartment,-11597,-2090,1,0,0,0,Managers,1
5807913,F,Y,N,0,607500,Commercial associate,Secondary / secondary special,Single / not married,House / apartment,-20747,-8238,1,0,0,0,Managers,1
5808357,M,N,Y,0,270000,Working,Secondary / secondary special,Separated,House / apartment,-17197,-1009,1,0,0,0,Laborers,1
5820277,M,Y,N,0,121500,Working,Higher education,Single / not married,House / apartment,-10781,-1705,1,0,0,0,,2
5820280,M,Y,N,0,121500,Working,Higher education,Married,House / apartment,-10781,-1705,1,0,0,0,,2
5820284,M,Y,N,0,121500,Working,Higher education,Married,House / apartment,-10781,-1705,1,0,0,0,,2
5820568,F,N,N,0,157500,Working,Higher education,Single / not married,House / apartment,-17488,-3044,1,0,0,0,High skill tech staff,2
5820569,F,N,Y,0,157500,Working,Higher education,Married,House / apartment,-17488,-3044,1,0,0,0,High skill tech staff,2
5820570,F,N,N,0,157500,Working,Higher education,Married,House / apartment,-17488,-3044,1,0,0,0,High skill tech staff,2
5820571,F,N,Y,0,157500,Working,Higher education,Married,House / apartment,-17488,-3044,1,0,0,0,High skill tech staff,2
5820572,F,N,Y,0,157500,Working,Higher education,Married,House / apartment,-17488,-3044,1,0,0,0,High skill tech staff,2
5820866,F,N,N,0,202500,Working,Secondary / secondary special,Single / not married,House / apartment,-19871,-3256,1,0,0,0,,1
5820920,M,N,Y,1,157500,Commercial associate,Incomplete higher,Married,House / apartment,-13170,-880,1,0,0,0,Sales staff,3
5820980,F,N,Y,0,92250,Pensioner,Secondary / secondary special,Married,House / apartment,-20275,365243,1,0,0,0,,2
5821123,M,Y,Y,0,315000,Working,Secondary / secondary special,Married,House / apartment,-16974,-821,1,0,0,0,Laborers,2
5821127,M,Y,Y,0,315000,Working,Secondary / secondary special,Married,House / apartment,-16974,-821,1,0,0,0,Laborers,2
5822812,F,N,Y,0,112500,Commercial associate,Secondary / secondary special,Single / not married,House / apartment,-20392,-1360,1,1,1,0,Laborers,1
5823127,M,N,N,1,144000,Commercial associate,Secondary / secondary special,Married,With parents,-10611,-1725,1,0,0,0,Sales staff,3
5823385,M,N,Y,0,144000,Pensioner,Secondary / secondary special,Single / not married,House / apartment,-22674,365243,1,0,0,0,,2
5823556,M,Y,N,0,72000,Pensioner,Secondary / secondary special,Married,House / apartment,-22774,365243,1,0,0,0,,2
5823595,M,N,Y,0,247500,Pensioner,Higher education,Civil marriage,House / apartment,-16774,-5876,1,0,0,0,,2
5823744,F,N,N,0,175500,Commercial associate,Secondary / secondary special,Civil marriage,House / apartment,-19542,-3320,1,0,0,0,Sales staff,2
5823752,F,N,Y,0,337500,Pensioner,Higher education,Civil marriage,House / apartment,-11778,-3135,1,0,1,0,Managers,2
5824119,F,N,Y,0,144000,Working,Secondary / secondary special,Separated,House / apartment,-16485,-7050,1,0,1,0,Laborers,1
5824120,F,N,Y,0,144000,Working,Secondary / secondary special,Separated,House / apartment,-16485,-7050,1,0,1,0,Laborers,1
5824150,F,N,Y,0,135000,Pensioner,Higher education,Married,House / apartment,-22029,365243,1,0,1,0,,2
5824158,F,N,Y,0,135000,Pensioner,Higher education,Married,House / apartment,-22029,365243,1,0,1,0,,2
5824161,F,N,Y,0,135000,Pensioner,Higher education,Married,House / apartment,-22029,365243,1,0,1,0,,2
5824254,F,N,Y,0,157500,Working,Secondary / secondary special,Separated,Municipal apartment,-14843,-4128,1,0,0,0,Cleaning staff,1
5824270,F,N,Y,0,180000,Pensioner,Higher education,Married,Municipal apartment,-20586,-3581,1,1,1,0,Core staff,2
5824411,M,N,Y,1,180000,Commercial associate,Higher education,Civil marriage,House / apartment,-17905,-444,1,0,0,0,Security staff,3
5824503,M,N,Y,2,180000,State servant,Secondary / secondary special,Married,House / apartment,-12993,-2971,1,0,0,0,Core staff,4
5824552,F,N,N,0,112500,Working,Higher education,Widow,House / apartment,-17485,-1665,1,1,0,0,Laborers,1
5824658,M,N,N,0,67500,Pensioner,Secondary / secondary special,Married,House / apartment,-21955,365243,1,0,1,0,,2
5824704,F,N,Y,1,90000,Pensioner,Secondary / secondary special,Single / not married,House / apartment,-18949,365243,1,0,0,0,,3
5824735,F,N,Y,0,148500,Working,Secondary / secondary special,Married,House / apartment,-22668,-2794,1,0,0,0,Cleaning staff,2
5824950,M,N,N,0,315000,Working,Higher education,Married,House / apartment,-10514,-1180,1,0,1,0,Sales staff,2
5825243,F,N,Y,0,117000,Pensioner,Secondary / secondary special,Separated,House / apartment,-23694,365243,1,0,1,0,,1
5825248,F,N,Y,0,117000,Pensioner,Secondary / secondary special,Separated,House / apartment,-23694,365243,1,0,1,0,,1
5825396,F,N,Y,2,90000,Working,Higher education,Single / not married,House / apartment,-12045,-761,1,0,0,0,,3
5825494,M,N,N,0,90000,Working,Secondary / secondary special,Civil marriage,House / apartment,-19024,-2283,1,0,0,0,Laborers,2
5825675,F,N,Y,0,171000,Pensioner,Higher education,Married,House / apartment,-14895,-5510,1,0,0,0,Core staff,2
5825945,M,Y,Y,0,157500,Working,Secondary / secondary special,Married,House / apartment,-17790,-8158,1,0,0,0,Drivers,2
5829470,F,N,Y,0,270000,Working,Higher education,Civil marriage,House / apartment,-19435,-7586,1,0,0,0,Core staff,2
5829713,F,N,Y,0,202500,Pensioner,Secondary / secondary special,Widow,House / apartment,-20752,365243,1,0,0,0,,1
5829947,F,N,N,0,225000,Working,Secondary / secondary special,Single / not married,House / apartment,-13464,-3265,1,0,1,0,Managers,1
5832042,F,Y,N,0,99000,Pensioner,Lower secondary,Married,House / apartment,-21391,365243,1,0,0,0,,2
5832126,F,Y,Y,1,112500,State servant,Secondary / secondary special,Married,House / apartment,-12921,-5205,1,0,0,0,Medicine staff,3
5832134,F,Y,N,1,112500,State servant,Secondary / secondary special,Married,House / apartment,-12921,-5205,1,0,0,0,Medicine staff,1
5832162,M,N,Y,0,180000,Working,Secondary / secondary special,Married,House / apartment,-14120,-2436,1,1,0,0,Laborers,2
5832163,M,N,Y,0,180000,Working,Secondary / secondary special,Married,House / apartment,-14120,-2436,1,1,0,0,Laborers,2
5833149,F,N,Y,1,292500,Working,Secondary / secondary special,Married,House / apartment,-13933,-1480,1,1,1,0,Core staff,3
5833281,F,Y,Y,2,337500,Commercial associate,Higher education,Separated,Rented apartment,-13218,-415,1,0,0,0,,3
5833978,F,N,N,0,135000,Working,Secondary / secondary special,Civil marriage,House / apartment,-21385,-12043,1,1,0,0,,2
5836567,M,N,Y,0,99000,Working,Secondary / secondary special,Single / not married,Rented apartment,-10103,-270,1,0,0,0,Laborers,1
5836719,M,N,N,0,112500,Working,Secondary / secondary special,Civil marriage,House / apartment,-12468,-1029,1,0,0,0,Drivers,2
5836721,M,N,Y,0,112500,Working,Secondary / secondary special,Civil marriage,House / apartment,-12468,-1029,1,0,0,0,Drivers,2
5836722,M,N,Y,0,112500,Working,Secondary / secondary special,Civil marriage,House / apartment,-12468,-1029,1,0,0,0,Drivers,2
5836996,F,N,N,0,103500,Working,Secondary / secondary special,Widow,House / apartment,-20851,-314,1,0,0,0,,1
5837015,F,N,N,0,135000,Working,Secondary / secondary special,Married,House / apartment,-19490,-224,1,0,0,0,Waiters/barmen staff,2
5837308,F,N,N,0,90000,Pensioner,Secondary / secondary special,Married,House / apartment,-18380,-5673,1,1,0,0,Managers,2
5837348,M,Y,N,0,270000,Working,Secondary / secondary special,Single / not married,House / apartment,-15935,-5673,1,0,0,0,Managers,1
5837486,F,Y,N,3,180000,Working,Secondary / secondary special,Married,House / apartment,-11341,-2090,1,1,1,0,Laborers,5
5837488,F,Y,N,3,180000,Working,Secondary / secondary special,Single / not married,House / apartment,-11341,-2090,1,1,1,0,Laborers,5
5837508,M,N,N,0,85500,State servant,Secondary / secondary special,Civil marriage,Municipal apartment,-14956,-3824,1,0,1,0,Laborers,2
5837641,F,N,N,0,112500,Commercial associate,Secondary / secondary special,Civil marriage,House / apartment,-10651,-1967,1,0,0,0,Core staff,2
5837800,M,Y,N,0,225000,Commercial associate,Secondary / secondary special,Single / not married,Municipal apartment,-11685,-1386,1,0,0,0,Drivers,2
5837893,M,Y,Y,0,315000,Working,Secondary / secondary special,Married,House / apartment,-21102,-107,1,0,0,0,Managers,2
5837963,M,Y,N,0,135000,Working,Incomplete higher,Married,House / apartment,-11744,-1506,1,0,0,0,Security staff,2
5838008,F,N,Y,0,243000,Commercial associate,Higher education,Married,House / apartment,-13613,-1081,1,0,0,0,,2
5838010,F,N,Y,0,243000,Commercial associate,Higher education,Married,House / apartment,-13613,-1081,1,0,0,0,,2
5838484,F,Y,N,0,157500,Pensioner,Secondary / secondary special,Widow,House / apartment,-21861,365243,1,0,1,0,,1
5838749,M,N,N,0,166500,Pensioner,Secondary / secondary special,Married,Municipal apartment,-22597,365243,1,0,0,0,,2
5838750,M,N,N,0,166500,Pensioner,Secondary / secondary special,Married,Municipal apartment,-22597,365243,1,0,0,0,,2
5838751,M,N,N,0,166500,Pensioner,Secondary / secondary special,Married,Municipal apartment,-22597,365243,1,0,0,0,,2
5838752,M,N,N,0,166500,Pensioner,Secondary / secondary special,Married,Municipal apartment,-22597,365243,1,0,0,0,,2
5838845,F,N,N,0,112500,Working,Secondary / secondary special,Married,House / apartment,-17481,-108,1,0,0,0,Managers,2
5839027,M,Y,N,0,292500,Commercial associate,Secondary / secondary special,Single / not married,House / apartment,-14860,-1783,1,1,1,0,Drivers,1
5839241,F,N,Y,0,121500,Commercial associate,Secondary / secondary special,Married,House / apartment,-21749,-1021,1,0,0,1,Cleaning staff,2
5839588,M,Y,N,0,180000,State servant,Secondary / secondary special,Separated,House / apartment,-20104,-4917,1,0,0,0,Drivers,1
5839889,F,N,Y,0,202500,Working,Secondary / secondary special,Married,House / apartment,-12411,-882,1,0,0,0,Sales staff,2
5840001,M,N,Y,0,225000,Working,Higher education,Married,House / apartment,-12481,-2190,1,0,0,0,Medicine staff,2
5840943,M,Y,Y,1,180000,Working,Incomplete higher,Married,House / apartment,-16171,-2559,1,1,1,0,Sales staff,3
5840980,F,N,N,0,144000,Pensioner,Secondary / secondary special,Married,House / apartment,-20565,365243,1,0,0,0,,2
5841075,F,Y,N,0,292500,Working,Higher education,Married,House / apartment,-10050,-2010,1,0,0,1,Core staff,2
5841158,M,Y,N,2,450000,Working,Secondary / secondary special,Married,House / apartment,-10707,-3138,1,1,0,0,Managers,4
5841164,M,Y,N,0,126000,Working,Secondary / secondary special,Single / not married,House / apartment,-10648,-1616,1,1,1,0,High skill tech staff,1
5841228,M,N,N,1,135000,Working,Secondary / secondary special,Single / not married,Rented apartment,-12799,-185,1,1,0,0,Drivers,2
5841372,M,Y,N,1,144000,Working,Higher education,Married,House / apartment,-14337,-2985,1,1,1,1,Managers,3
5841415,F,N,N,0,180000,Working,Secondary / secondary special,Separated,House / apartment,-19221,-2499,1,1,0,0,Sales staff,1
5852004,F,N,N,0,112500,Working,Higher education,Married,House / apartment,-13728,-5867,1,1,0,0,Laborers,2
5852023,M,N,N,1,202500,State servant,Higher education,Single / not married,House / apartment,-13621,-2855,1,1,1,0,Laborers,2
5852025,F,N,N,1,202500,State servant,Higher education,Single / not married,House / apartment,-13621,-2855,1,1,1,0,Laborers,2
5852131,F,N,N,1,135000,Commercial associate,Secondary / secondary special,Single / not married,House / apartment,-13981,-2124,1,0,0,0,,2
5852134,F,N,N,1,135000,Commercial associate,Secondary / secondary special,Single / not married,House / apartment,-13981,-2124,1,0,0,0,,2
5852419,F,N,Y,0,112500,Working,Secondary / secondary special,Married,House / apartment,-17818,-1606,1,0,0,0,Sales staff,2
5852510,M,Y,Y,0,225000,State servant,Secondary / secondary special,Single / not married,House / apartment,-13208,-4375,1,0,0,0,High skill tech staff,2
5852512,M,Y,Y,0,225000,Pensioner,Secondary / secondary special,Married,House / apartment,-13208,-4375,1,0,0,0,High skill tech staff,2
5852578,F,N,Y,0,135000,Working,Secondary / secondary special,Married,House / apartment,-17058,-6963,1,0,1,0,Core staff,2
5852579,F,N,Y,0,135000,Working,Secondary / secondary special,Married,House / apartment,-17058,-6963,1,0,1,0,Core staff,2
5852580,F,N,Y,0,135000,Working,Secondary / secondary special,Married,House / apartment,-17058,-6963,1,0,1,0,Core staff,2
5852581,F,N,Y,0,135000,Working,Secondary / secondary special,Married,House / apartment,-17058,-6963,1,0,1,0,Core staff,2
5852582,F,N,Y,0,135000,Working,Secondary / secondary special,Single / not married,House / apartment,-17058,-6963,1,0,1,0,Core staff,2
5852746,F,N,Y,0,90000,Pensioner,Secondary / secondary special,Married,House / apartment,-17498,365243,1,0,0,0,,2
5852753,F,N,Y,0,135000,Working,Secondary / secondary special,Civil marriage,House / apartment,-18584,-3555,1,1,0,0,Laborers,2
5852782,F,N,Y,0,202500,Working,Secondary / secondary special,Single / not married,House / apartment,-17053,-6232,1,0,1,0,Medicine staff,1
5852784,F,N,Y,0,202500,Working,Secondary / secondary special,Single / not married,House / apartment,-17053,-6232,1,0,1,0,Medicine staff,1
5852785,F,N,Y,0,202500,Working,Secondary / secondary special,Single / not married,House / apartment,-17053,-6232,1,0,1,0,Medicine staff,1
5852786,F,N,Y,0,202500,Working,Secondary / secondary special,Single / not married,House / apartment,-17053,-6232,1,0,1,0,Medicine staff,1
5852787,F,N,N,0,202500,Working,Secondary / secondary special,Single / not married,House / apartment,-17053,-6232,1,0,1,0,Medicine staff,1
5853603,F,N,Y,1,225000,Pensioner,Secondary / secondary special,Married,House / apartment,-15956,-2821,1,0,0,0,Sales staff,1
5853917,F,N,N,0,99000,Pensioner,Secondary / secondary special,Married,House / apartment,-21365,365243,1,0,1,0,,2
5854445,M,N,N,0,135000,Pensioner,Higher education,Single / not married,House / apartment,-15962,-963,1,1,0,0,,1
5854502,M,Y,N,0,180000,Pensioner,Higher education,Married,House / apartment,-23205,365243,1,0,1,0,,2
5857553,F,Y,N,1,225000,Working,Secondary / secondary special,Single / not married,With parents,-11650,-2180,1,1,1,0,Sales staff,3
5858531,M,Y,Y,2,189000,Working,Secondary / secondary special,Married,House / apartment,-10700,-2300,1,0,0,0,Laborers,4
5858958,F,N,Y,0,81000,Pensioner,Secondary / secondary special,Separated,House / apartment,-19651,365243,1,0,1,0,,1
5861154,F,Y,Y,0,162000,Pensioner,Secondary / secondary special,Married,House / apartment,-22842,365243,1,0,1,0,,2
5861379,F,N,Y,1,90000,Working,Secondary / secondary special,Married,Co-op apartment,-10385,-1828,1,0,0,0,Core staff,1
5863347,M,N,Y,1,292500,Working,Secondary / secondary special,Single / not married,House / apartment,-11910,-2827,1,0,1,0,Managers,2
5863357,F,N,N,0,103500,Working,Higher education,Widow,House / apartment,-17937,-7970,1,0,1,0,Core staff,1
5863534,F,Y,N,2,67500,Working,Secondary / secondary special,Married,House / apartment,-12658,-1243,1,0,1,0,Managers,4
5863869,F,N,N,0,202500,Commercial associate,Higher education,Married,House / apartment,-21019,-5353,1,1,1,1,Managers,2
5863887,F,Y,N,2,225000,Pensioner,Secondary / secondary special,Married,House / apartment,-11700,-2248,1,1,1,0,Core staff,4
5863895,F,Y,N,2,225000,Commercial associate,Secondary / secondary special,Single / not married,House / apartment,-11700,-2248,1,1,1,0,Core staff,4
5863897,F,Y,N,2,225000,Commercial associate,Secondary / secondary special,Married,House / apartment,-11700,-2248,1,1,1,0,Core staff,4
5863957,F,N,N,0,90000,State servant,Secondary / secondary special,Married,House / apartment,-16181,-8976,1,1,1,0,Secretaries,2
5864042,M,Y,N,1,202500,Working,Secondary / secondary special,Married,House / apartment,-11887,-3558,1,1,1,0,Laborers,1
5864045,M,Y,N,1,202500,Working,Secondary / secondary special,Married,House / apartment,-11887,-3558,1,1,1,0,Laborers,3
5864048,M,Y,N,1,202500,Working,Secondary / secondary special,Married,House / apartment,-11887,-3558,1,1,1,0,Laborers,3
5864136,F,N,N,0,117000,State servant,Secondary / secondary special,Single / not married,House / apartment,-11815,-878,1,1,0,1,,1
5864290,M,Y,N,0,81900,Working,Higher education,Married,House / apartment,-11869,-4197,1,1,1,0,Core staff,2
5865948,M,Y,N,0,157500,Commercial associate,Higher education,Single / not married,House / apartment,-12863,-764,1,0,0,0,,1
5865949,M,Y,N,0,157500,Commercial associate,Higher education,Single / not married,House / apartment,-12863,-764,1,0,0,0,,1
5866206,F,N,Y,3,99000,Working,Secondary / secondary special,Married,House / apartment,-10508,-1709,1,0,0,0,,5
5868092,F,N,Y,0,157500,Pensioner,Secondary / secondary special,Widow,House / apartment,-22796,365243,1,0,0,0,,1
5868201,F,N,Y,0,153000,Working,Higher education,Civil marriage,House / apartment,-19802,-3836,1,0,0,0,,2
5868243,M,Y,Y,0,427500,Working,Secondary / secondary special,Married,House / apartment,-14854,-3685,1,0,0,0,Laborers,2
5871835,F,N,Y,0,112500,Working,Secondary / secondary special,Married,Municipal apartment,-16559,-9680,1,0,0,0,Core staff,2
5871969,F,Y,N,0,81000,Pensioner,Secondary / secondary special,Married,House / apartment,-21654,365243,1,0,0,0,,2
5872312,M,N,N,0,315000,Working,Secondary / secondary special,Single / not married,House / apartment,-12456,-762,1,1,1,0,,1
5872462,F,Y,N,3,112500,Working,Secondary / secondary special,Married,House / apartment,-11731,-3776,1,1,1,0,,5
5872468,F,N,N,0,67500,Pensioner,Secondary / secondary special,Single / not married,House / apartment,-18984,365243,1,0,1,0,,1
5872476,M,Y,N,2,180000,Working,Secondary / secondary special,Married,With parents,-10213,-581,1,1,0,0,,4
5872643,M,N,Y,0,225000,Pensioner,Secondary / secondary special,Civil marriage,House / apartment,-21031,365243,1,0,0,0,,2
5872644,M,N,Y,0,225000,Pensioner,Secondary / secondary special,Civil marriage,House / apartment,-21031,365243,1,0,0,0,,2
5872790,F,N,Y,0,103500,Working,Secondary / secondary special,Single / not married,House / apartment,-22256,-124,1,0,0,0,Cleaning staff,1
5872872,M,N,Y,0,225000,Commercial associate,Secondary / secondary special,Civil marriage,House / apartment,-12451,-1646,1,0,0,0,Sales staff,2
5872909,F,Y,N,0,135000,Pensioner,Secondary / secondary special,Separated,House / apartment,-22559,365243,1,0,1,0,,1
5872983,M,Y,N,0,202500,State servant,Secondary / secondary special,Married,Rented apartment,-12748,-5147,1,0,0,0,Core staff,2
5873015,F,Y,N,3,144000,Working,Secondary / secondary special,Single / not married,House / apartment,-10292,-3201,1,1,1,0,Managers,5
5873061,F,N,N,0,112500,Working,Higher education,Single / not married,House / apartment,-11400,-757,1,0,0,1,Sales staff,1
5873362,M,N,Y,0,135000,Working,Secondary / secondary special,Married,House / apartment,-12439,-3580,1,1,0,0,Drivers,2
5873397,F,N,Y,0,180000,Pensioner,Secondary / secondary special,Separated,House / apartment,-23290,365243,1,0,0,0,,1
5873399,F,N,Y,0,180000,Pensioner,Secondary / secondary special,Separated,House / apartment,-23290,365243,1,0,0,0,,1
5873400,F,N,Y,0,180000,Pensioner,Secondary / secondary special,Separated,House / apartment,-23290,365243,1,0,0,0,,1
5876094,M,N,Y,0,247500,Working,Secondary / secondary special,Married,House / apartment,-13295,-1272,1,1,0,0,,2
5876135,F,N,N,0,103500,Working,Secondary / secondary special,Single / not married,House / apartment,-17059,-7328,1,1,1,0,Laborers,2
5876193,M,N,N,0,135000,Working,Higher education,Civil marriage,House / apartment,-12429,-1241,1,0,0,0,Laborers,2
5876256,F,N,N,0,90000,Pensioner,Lower secondary,Married,House / apartment,-18835,365243,1,0,1,0,,2
5877304,F,N,N,1,144000,Working,Secondary / secondary special,Civil marriage,House / apartment,-10446,-884,1,0,0,0,Sales staff,3
5877305,F,N,N,1,144000,Working,Secondary / secondary special,Civil marriage,House / apartment,-10446,-884,1,0,0,0,Sales staff,3
5877306,F,N,N,1,144000,Working,Secondary / secondary special,Civil marriage,House / apartment,-10446,-884,1,0,0,0,Sales staff,3
5877307,F,N,N,1,144000,Working,Secondary / secondary special,Civil marriage,House / apartment,-10446,-884,1,0,0,0,Sales staff,3
5877308,F,N,N,1,144000,Working,Secondary / secondary special,Civil marriage,House / apartment,-10446,-884,1,0,0,0,Sales staff,3
5877370,M,Y,Y,1,157500,Working,Secondary / secondary special,Married,Rented apartment,-13215,-2772,1,0,1,0,Drivers,3
5877476,F,N,Y,1,144000,Working,Secondary / secondary special,Married,House / apartment,-13242,-3168,1,0,0,0,Cleaning staff,3
5877490,F,Y,Y,0,225000,Working,Higher education,Married,House / apartment,-14060,-3533,1,1,1,0,Managers,2
5877492,F,Y,Y,0,225000,Working,Higher education,Married,House / apartment,-14060,-3533,1,1,1,0,Managers,2
5877620,M,N,N,1,135000,Working,Secondary / secondary special,Separated,With parents,-10368,-155,1,0,0,0,Sales staff,2
5877621,F,N,N,1,135000,Working,Secondary / secondary special,Separated,With parents,-10368,-155,1,0,0,0,Sales staff,2
5877678,M,Y,N,2,135000,State servant,Incomplete higher,Civil marriage,House / apartment,-15622,-6760,1,1,0,0,Core staff,4
5877772,M,N,N,0,135000,Working,Secondary / secondary special,Married,House / apartment,-11088,-1647,1,1,1,0,Core staff,2
5877774,M,N,N,0,135000,Working,Secondary / secondary special,Married,House / apartment,-11088,-1647,1,1,1,0,Core staff,2
5877777,M,N,N,0,135000,Working,Secondary / secondary special,Married,House / apartment,-11088,-1647,1,1,1,0,Core staff,2
5877778,M,N,N,0,135000,Working,Secondary / secondary special,Married,House / apartment,-11088,-1647,1,1,1,0,Core staff,2
5877779,M,N,N,0,135000,Working,Secondary / secondary special,Married,House / apartment,-11088,-1647,1,1,1,0,Core staff,2
5878893,F,N,Y,0,135000,Pensioner,Secondary / secondary special,Married,House / apartment,-22589,365243,1,0,0,0,,2
5878894,F,N,Y,0,135000,Pensioner,Secondary / secondary special,Married,House / apartment,-22589,365243,1,0,0,0,,2
5878896,F,N,Y,0,135000,Pensioner,Secondary / secondary special,Married,House / apartment,-22589,365243,1,0,0,0,,2
5879070,F,N,Y,0,54027,Commercial associate,Higher education,Widow,House / apartment,-14520,-2575,1,1,0,0,HR staff,1
5879120,F,N,Y,0,157500,Commercial associate,Secondary / secondary special,Civil marriage,House / apartment,-18783,-3336,1,0,0,0,Laborers,2
5879534,F,N,Y,1,90000,Working,Higher education,Married,House / apartment,-10922,-1114,1,0,0,0,Sales staff,3
5879641,F,N,Y,0,211500,Working,Secondary / secondary special,Widow,House / apartment,-22958,-2331,1,0,0,0,Cooking staff,1
5883130,F,Y,N,0,225000,Pensioner,Secondary / secondary special,Widow,House / apartment,-21162,365243,1,0,1,0,,1
5883166,F,N,Y,0,112500,Pensioner,Secondary / secondary special,Widow,House / apartment,-21386,365243,1,0,1,0,,1
5883437,M,Y,Y,0,202500,Working,Secondary / secondary special,Single / not married,House / apartment,-10735,-3416,1,0,0,0,Drivers,1
5883667,M,Y,N,0,81000,Working,Secondary / secondary special,Married,House / apartment,-11385,-1194,1,0,0,0,Laborers,2
5883703,F,N,N,2,90000,Working,Secondary / secondary special,Married,House / apartment,-11928,-312,1,0,0,1,,4
5883820,M,Y,Y,1,315000,Commercial associate,Secondary / secondary special,Married,House / apartment,-16702,-282,1,1,1,1,Laborers,3
5883822,M,Y,Y,1,315000,Pensioner,Secondary / secondary special,Married,House / apartment,-16702,-282,1,1,1,1,Laborers,3
5884006,F,Y,Y,0,360000,Commercial associate,Higher education,Single / not married,House / apartment,-20929,-2046,1,0,0,1,Managers,1
5884007,F,Y,Y,0,360000,Commercial associate,Higher education,Single / not married,House / apartment,-20929,-2046,1,0,0,1,Managers,1
5884089,F,N,Y,0,126000,Commercial associate,Higher education,Civil marriage,With parents,-10959,-1073,1,1,1,1,Laborers,2
5884122,M,Y,Y,1,202500,Working,Secondary / secondary special,Married,House / apartment,-16844,-2077,1,0,0,0,Sales staff,3
5884228,F,Y,Y,0,445500,Working,Secondary / secondary special,Married,House / apartment,-13692,-1568,1,1,1,0,Managers,2
5884479,M,Y,Y,0,112500,Working,Secondary / secondary special,Separated,House / apartment,-16088,-94,1,0,1,0,Drivers,1
5884484,M,Y,Y,0,112500,Working,Secondary / secondary special,Separated,House / apartment,-16088,-94,1,0,1,0,Drivers,1
5884485,M,Y,Y,0,112500,Working,Secondary / secondary special,Separated,House / apartment,-16088,-94,1,0,1,0,Drivers,1
5884513,M,N,Y,1,225000,Working,Secondary / secondary special,Separated,House / apartment,-12507,-642,1,0,0,0,High skill tech staff,2
5884515,F,N,Y,1,225000,Working,Secondary / secondary special,Separated,House / apartment,-12507,-642,1,0,0,0,High skill tech staff,2
5884516,F,N,Y,1,225000,Working,Secondary / secondary special,Separated,House / apartment,-12507,-642,1,0,0,0,High skill tech staff,2
5884518,M,N,N,1,225000,Working,Secondary / secondary special,Separated,House / apartment,-12507,-642,1,0,0,0,High skill tech staff,2
5884593,F,Y,Y,0,247500,Working,Secondary / secondary special,Married,House / apartment,-13789,-2376,1,0,1,1,Core staff,2
5884604,F,N,N,0,103500,Working,Secondary / secondary special,Married,House / apartment,-19330,-3837,1,0,1,0,Secretaries,2
5884884,M,Y,Y,2,337500,Working,Higher education,Married,House / apartment,-11846,-3472,1,0,0,0,High skill tech staff,4
5885184,M,Y,N,2,202500,Working,Incomplete higher,Single / not married,House / apartment,-10294,-2104,1,1,1,0,Laborers,4
5885186,M,Y,N,2,202500,Working,Incomplete higher,Married,House / apartment,-10294,-2104,1,1,1,0,Laborers,4
5888247,F,Y,Y,0,135000,Working,Secondary / secondary special,Married,House / apartment,-16272,-340,1,0,0,0,,2
5888273,F,Y,Y,0,225000,Working,Secondary / secondary special,Married,House / apartment,-19586,-1040,1,0,0,0,Cleaning staff,2
5888274,F,Y,Y,0,225000,Working,Secondary / secondary special,Married,House / apartment,-19586,-1040,1,0,0,0,Cleaning staff,2
5888276,F,Y,Y,0,225000,Working,Secondary / secondary special,Married,House / apartment,-19586,-1040,1,0,0,0,Cleaning staff,2
5888356,F,Y,N,1,157500,Commercial associate,Secondary / secondary special,Married,House / apartment,-10786,-2531,1,0,0,0,Private service staff,3
5888357,F,Y,N,1,157500,Commercial associate,Secondary / secondary special,Married,House / apartment,-10786,-2531,1,0,0,0,Private service staff,1
5888421,M,N,N,0,225000,Commercial associate,Secondary / secondary special,Married,House / apartment,-19019,-522,1,0,0,0,Laborers,2
5888422,M,N,N,0,225000,Commercial associate,Secondary / secondary special,Single / not married,House / apartment,-19019,-522,1,0,0,0,Laborers,2
5888894,M,Y,Y,1,675000,Pensioner,Higher education,Married,House / apartment,-14396,-6427,1,0,0,1,Managers,3
5888904,F,N,Y,0,54000,Pensioner,Secondary / secondary special,Single / not married,House / apartment,-21637,365243,1,0,0,0,,2
5888905,F,N,Y,0,54000,Pensioner,Secondary / secondary special,Married,House / apartment,-21637,365243,1,0,0,0,,2
5889025,M,N,Y,0,202500,Commercial associate,Higher education,Married,House / apartment,-11501,-279,1,0,0,0,Core staff,2
5889027,M,N,Y,0,202500,Commercial associate,Higher education,Married,House / apartment,-11501,-279,1,0,0,0,Core staff,2
5889028,M,N,Y,0,202500,Commercial associate,Higher education,Married,House / apartment,-11501,-279,1,0,0,0,Core staff,2
5889029,M,N,Y,0,202500,Commercial associate,Higher education,Married,House / apartment,-11501,-279,1,0,0,0,Core staff,2
5889061,M,N,Y,0,180000,Working,Secondary / secondary special,Married,Municipal apartment,-16616,-1495,1,0,1,0,Laborers,2
5889064,F,N,N,0,180000,Working,Secondary / secondary special,Married,Municipal apartment,-16616,-1495,1,0,1,0,Laborers,2
5889065,F,N,N,0,180000,Working,Secondary / secondary special,Married,Municipal apartment,-16616,-1495,1,0,1,0,Laborers,2
5889066,F,N,N,0,180000,Working,Secondary / secondary special,Single / not married,Municipal apartment,-16616,-1495,1,0,1,0,Laborers,2
5889225,F,Y,Y,0,180000,Commercial associate,Higher education,Married,Municipal apartment,-12394,-3627,1,0,1,0,,2
5889249,M,Y,Y,0,135000,Commercial associate,Secondary / secondary special,Married,House / apartment,-14386,-2167,1,0,1,0,Drivers,2
5889602,M,Y,N,1,360000,Commercial associate,Secondary / secondary special,Married,House / apartment,-16378,-5090,1,1,1,1,Cooking staff,3
5889633,F,N,N,0,99000,Working,Secondary / secondary special,Married,House / apartment,-21278,-3507,1,0,0,0,Cooking staff,2
5889648,M,Y,N,0,139500,Working,Secondary / secondary special,Single / not married,House / apartment,-12945,-2258,1,1,1,0,Laborers,2
5889710,F,N,Y,0,207000,Pensioner,Secondary / secondary special,Married,House / apartment,-15232,-1650,1,1,0,0,Medicine staff,2
5889712,F,N,Y,0,207000,Pensioner,Secondary / secondary special,Married,House / apartment,-15232,-1650,1,1,0,0,Medicine staff,2
5889714,F,N,Y,0,207000,State servant,Secondary / secondary special,Married,House / apartment,-15232,-1650,1,1,0,0,Medicine staff,2
5889715,F,N,Y,0,207000,Pensioner,Secondary / secondary special,Married,House / apartment,-15232,-1650,1,1,0,0,Medicine staff,2
5889748,M,Y,Y,0,157500,Working,Secondary / secondary special,Married,House / apartment,-21690,-13400,1,1,1,0,Laborers,2
5889859,M,Y,N,1,207000,Pensioner,Secondary / secondary special,Married,House / apartment,-12888,-4146,1,0,0,1,Core staff,3
5889928,M,Y,Y,1,117000,Working,Secondary / secondary special,Married,House / apartment,-8261,-155,1,0,1,0,Drivers,3
5890259,F,Y,Y,0,112500,Pensioner,Secondary / secondary special,Married,House / apartment,-20101,365243,1,0,1,0,,2
5890374,M,N,N,0,202500,Commercial associate,Secondary / secondary special,Married,House / apartment,-20365,-3398,1,0,1,0,Laborers,2
5890434,M,Y,Y,2,135000,Commercial associate,Secondary / secondary special,Single / not married,House / apartment,-14346,-1633,1,1,1,0,Drivers,4
5890435,M,Y,Y,2,135000,Commercial associate,Secondary / secondary special,Married,House / apartment,-14346,-1633,1,1,1,0,Drivers,4
5890457,F,N,Y,0,157500,Working,Higher education,Married,House / apartment,-17518,-506,1,0,0,0,Accountants,2
5890458,F,N,Y,0,157500,Working,Higher education,Married,House / apartment,-17518,-506,1,0,0,0,Accountants,2
5890630,M,N,Y,0,180000,Pensioner,Secondary / secondary special,Single / not married,House / apartment,-20107,365243,1,0,1,0,,1
5891344,F,N,Y,0,180000,State servant,Secondary / secondary special,Married,House / apartment,-20180,-2650,1,1,0,0,Core staff,2
5891346,M,Y,N,0,180000,Working,Higher education,Married,House / apartment,-11997,-1371,1,0,0,0,,2
5891611,M,N,Y,2,360000,State servant,Secondary / secondary special,Married,House / apartment,-11234,-3135,1,0,0,0,High skill tech staff,4
5891769,F,N,N,0,157500,Working,Secondary / secondary special,Widow,House / apartment,-19403,-3331,1,1,0,0,Sales staff,1
5891924,F,N,Y,1,81000,State servant,Secondary / secondary special,Married,House / apartment,-17798,-1477,1,1,1,0,Core staff,3
5892083,F,N,Y,1,135000,Working,Secondary / secondary special,Married,House / apartment,-14735,-3819,1,0,0,1,Sales staff,3
5892127,F,N,N,0,135000,Working,Secondary / secondary special,Married,Municipal apartment,-10745,-1293,1,0,0,0,Medicine staff,2
5892534,F,N,N,0,90000,Pensioner,Higher education,Widow,House / apartment,-23377,365243,1,0,1,0,,1
5899306,F,N,Y,0,67500,Pensioner,Secondary / secondary special,Separated,House / apartment,-23516,365243,1,0,0,0,,1
5899308,F,N,Y,0,67500,Pensioner,Secondary / secondary special,Separated,House / apartment,-23516,365243,1,0,0,0,,1
5900690,M,Y,Y,0,315000,Working,Secondary / secondary special,Single / not married,House / apartment,-12358,-1117,1,1,1,0,,1
5905357,M,N,Y,1,135000,Working,Secondary / secondary special,Married,House / apartment,-13782,-3032,1,1,1,0,Security staff,3
5905555,M,Y,Y,0,135000,Commercial associate,Secondary / secondary special,Civil marriage,House / apartment,-15544,-3519,1,0,0,0,Drivers,2
5905556,M,Y,Y,0,135000,Commercial associate,Secondary / secondary special,Civil marriage,House / apartment,-15544,-3519,1,0,0,0,Drivers,2
5905726,F,Y,Y,0,99000,Working,Secondary / secondary special,Civil marriage,House / apartment,-11019,-1974,1,1,0,0,Cooking staff,2
5905774,M,N,Y,1,247500,Commercial associate,Higher education,Married,House / apartment,-13562,-2521,1,0,0,1,,3
5906061,F,N,N,0,180000,Working,Secondary / secondary special,Single / not married,House / apartment,-12988,-208,1,1,1,0,Core staff,1
5906847,M,Y,N,0,135000,Working,Secondary / secondary special,Married,House / apartment,-13730,-1273,1,0,0,0,Laborers,2
5907618,F,N,N,0,90000,Pensioner,Secondary / secondary special,Married,House / apartment,-21800,365243,1,0,0,0,,2
5917971,M,N,N,0,81000,Working,Secondary / secondary special,Married,House / apartment,-19669,-1631,1,0,0,0,,2
5918049,F,N,Y,0,162000,Pensioner,Higher education,Widow,House / apartment,-22297,365243,1,0,0,1,,1
5918050,F,N,N,0,162000,Pensioner,Higher education,Widow,House / apartment,-22297,365243,1,0,0,1,,1
5918051,F,N,Y,0,162000,Pensioner,Higher education,Widow,House / apartment,-22297,365243,1,0,0,1,,1
5918054,F,N,Y,0,162000,Pensioner,Higher education,Widow,House / apartment,-22297,365243,1,0,0,1,,1
5918072,M,N,Y,1,99000,State servant,Secondary / secondary special,Married,House / apartment,-11293,-1570,1,1,0,0,Managers,3
5918385,F,N,Y,0,292500,Pensioner,Secondary / secondary special,Married,House / apartment,-20266,365243,1,0,0,1,,2
5918388,F,N,N,0,292500,Pensioner,Secondary / secondary special,Married,House / apartment,-20266,365243,1,0,0,1,,2
5918389,F,N,Y,0,292500,Pensioner,Secondary / secondary special,Married,House / apartment,-20266,365243,1,0,0,1,,2
5918522,F,Y,N,0,90000,State servant,Secondary / secondary special,Single / not married,Rented apartment,-16110,-2129,1,0,0,0,Cleaning staff,1
5918584,F,N,Y,0,112500,Commercial associate,Secondary / secondary special,Married,House / apartment,-15746,-7394,1,0,0,0,High skill tech staff,2
5918635,M,Y,N,0,157500,Pensioner,Secondary / secondary special,Civil marriage,House / apartment,-18888,-788,1,0,0,0,Sales staff,2
5918794,F,N,N,0,135000,State servant,Higher education,Married,House / apartment,-17975,-3863,1,1,0,0,Managers,2
5918803,M,N,N,0,112500,Working,Secondary / secondary special,Widow,House / apartment,-21551,-11869,1,1,1,0,Medicine staff,1
5918851,F,Y,N,0,157500,Commercial associate,Secondary / secondary special,Single / not married,House / apartment,-18411,-849,1,0,0,0,Cooking staff,2
5918863,M,N,Y,1,252000,State servant,Higher education,Married,House / apartment,-10960,-1216,1,0,0,0,Core staff,3
5918976,M,Y,Y,0,270000,Commercial associate,Secondary / secondary special,Married,House / apartment,-10917,-1580,1,0,0,1,Drivers,2
5919062,F,Y,N,1,247500,Working,Higher education,Civil marriage,House / apartment,-16241,-1245,1,0,0,0,High skill tech staff,3
5919063,M,Y,Y,1,315000,Working,Secondary / secondary special,Single / not married,House / apartment,-16325,-8854,1,0,0,0,Core staff,2
5919322,M,N,N,0,225000,Commercial associate,Secondary / secondary special,Married,House / apartment,-10924,-699,1,1,1,0,Laborers,2
5919742,M,N,N,0,157500,Commercial associate,Incomplete higher,Married,With parents,-9147,-608,1,0,0,0,,2
5922913,F,N,Y,0,67500,Pensioner,Lower secondary,Single / not married,House / apartment,-22426,365243,1,0,0,0,,1
5922993,F,Y,Y,1,225000,Commercial associate,Higher education,Married,House / apartment,-14432,-727,1,0,0,0,Managers,3
5922996,F,Y,Y,1,225000,Commercial associate,Higher education,Married,House / apartment,-14432,-727,1,0,0,0,Managers,3
5923376,F,N,Y,0,112500,Pensioner,Higher education,Married,House / apartment,-20701,365243,1,0,0,1,,2
5923377,F,N,Y,0,112500,Pensioner,Higher education,Married,House / apartment,-20701,365243,1,0,0,1,,2
5923380,F,N,N,0,112500,Pensioner,Higher education,Married,House / apartment,-20701,365243,1,0,0,1,,2
5923580,M,Y,Y,0,180000,Working,Higher education,Civil marriage,House / apartment,-13362,-3100,1,1,1,0,Laborers,2
5923758,M,Y,Y,0,360000,Commercial associate,Higher education,Married,House / apartment,-17252,-3223,1,0,1,0,Managers,2
5923760,M,Y,N,0,360000,Commercial associate,Higher education,Married,House / apartment,-17252,-3223,1,0,1,0,Managers,2
5928376,F,Y,Y,1,112500,Working,Higher education,Civil marriage,House / apartment,-11342,-2878,1,1,1,0,Managers,3
5928659,F,Y,Y,0,112500,Pensioner,Secondary / secondary special,Separated,House / apartment,-16214,-2482,1,0,0,0,,1
5929290,F,N,Y,0,135000,Pensioner,Secondary / secondary special,Married,House / apartment,-22286,365243,1,0,1,0,,2
5929688,F,N,Y,0,225000,Pensioner,Secondary / secondary special,Separated,House / apartment,-19127,-1083,1,0,0,0,Laborers,1
5929777,F,N,Y,0,81000,Pensioner,Secondary / secondary special,Widow,House / apartment,-22123,365243,1,0,1,0,,1
5931487,M,Y,N,1,177750,State servant,Higher education,Married,With parents,-12368,-3713,1,1,0,0,Core staff,3
5931488,M,Y,N,1,177750,Pensioner,Higher education,Single / not married,With parents,-12368,-3713,1,1,0,0,Core staff,1
5931489,M,Y,N,1,177750,State servant,Higher education,Married,With parents,-12368,-3713,1,1,0,0,Core staff,3
5931490,M,Y,N,1,177750,Pensioner,Higher education,Married,With parents,-12368,-3713,1,1,0,0,Core staff,3
5931567,F,Y,Y,3,85500,Working,Secondary / secondary special,Married,House / apartment,-11585,-641,1,1,0,0,Laborers,5
5931707,F,Y,Y,1,171000,Working,Higher education,Single / not married,House / apartment,-11367,-1494,1,0,0,0,Accountants,3
5933973,F,N,N,4,171000,State servant,Secondary / secondary special,Married,House / apartment,-12277,-1942,1,1,1,0,Laborers,6
5934075,F,N,Y,0,126000,Commercial associate,Higher education,Married,House / apartment,-18138,-6659,1,0,0,0,,2
5934084,F,N,Y,0,135000,Commercial associate,Secondary / secondary special,Married,House / apartment,-20529,-2774,1,0,0,0,Sales staff,2
5934118,F,Y,Y,0,103500,Pensioner,Secondary / secondary special,Married,House / apartment,-20205,365243,1,0,0,0,,2
5934645,M,N,Y,0,175500,Commercial associate,Higher education,Married,House / apartment,-20958,-1160,1,0,0,0,Cleaning staff,2
5935925,F,N,Y,0,157500,Pensioner,Higher education,Single / not married,House / apartment,-20081,365243,1,0,1,0,,2
5935933,F,Y,Y,0,337500,Working,Higher education,Married,House / apartment,-10527,-1964,1,1,0,0,,2
5936064,M,N,Y,1,202500,Commercial associate,Secondary / secondary special,Married,House / apartment,-12383,-1387,1,0,0,0,Drivers,3
5936090,F,Y,Y,0,180000,Commercial associate,Higher education,Married,House / apartment,-15507,-1326,1,0,1,1,Accountants,2
5936188,F,N,Y,0,135000,State servant,Secondary / secondary special,Married,House / apartment,-14803,-16,1,1,1,0,Secretaries,2
5936455,F,N,N,2,247500,Working,Incomplete higher,Married,With parents,-11513,-2511,1,0,0,0,Accountants,4
5936571,M,N,N,0,112500,Working,Secondary / secondary special,Civil marriage,Rented apartment,-16083,-411,1,0,0,0,Laborers,2
5936573,M,N,N,0,112500,Working,Secondary / secondary special,Civil marriage,Rented apartment,-16083,-411,1,0,0,0,Laborers,2
5937902,F,N,N,0,126000,Pensioner,Secondary / secondary special,Married,House / apartment,-18019,-3515,1,0,0,0,Managers,2
5938140,F,N,N,1,90000,State servant,Higher education,Married,House / apartment,-15772,-5626,1,0,0,0,Managers,3
5938882,M,Y,Y,0,247500,Working,Secondary / secondary special,Married,House / apartment,-17452,-2826,1,0,0,0,Laborers,2
5939222,F,Y,N,0,373500,Pensioner,Secondary / secondary special,Single / not married,House / apartment,-23516,365243,1,0,1,1,,2
5939527,M,N,Y,0,178200,Commercial associate,Secondary / secondary special,Married,House / apartment,-10299,-159,1,0,0,0,Medicine staff,2
5939528,M,N,Y,0,178200,Commercial associate,Secondary / secondary special,Married,House / apartment,-10299,-159,1,0,0,0,Medicine staff,2
5939540,F,N,N,1,157500,Working,Secondary / secondary special,Married,House / apartment,-12806,-1408,1,0,0,1,Laborers,3
5942634,F,N,Y,0,157500,Pensioner,Secondary / secondary special,Separated,House / apartment,-18092,365243,1,0,0,0,,1
5942767,F,N,Y,0,81000,Pensioner,Secondary / secondary special,Widow,House / apartment,-23609,365243,1,0,0,0,,1
5942846,F,N,N,0,112500,State servant,Secondary / secondary special,Married,House / apartment,-22181,-5844,1,0,0,0,Medicine staff,2
5943118,M,N,Y,0,202500,Commercial associate,Secondary / secondary special,Married,House / apartment,-18738,-1826,1,0,0,0,Drivers,2
5943145,M,Y,N,0,337500,Commercial associate,Higher education,Civil marriage,House / apartment,-19553,-2100,1,0,0,1,Managers,2
5943192,F,N,Y,0,225000,Working,Higher education,Single / not married,House / apartment,-11685,-3012,1,0,0,0,Laborers,1
5943219,M,Y,N,1,135000,Working,Secondary / secondary special,Married,House / apartment,-14605,-4748,1,0,0,0,Laborers,3
5943424,F,Y,N,0,270000,Commercial associate,Higher education,Married,House / apartment,-10160,-1255,1,1,1,0,,2
5943425,F,Y,N,0,270000,Pensioner,Higher education,Married,House / apartment,-10160,-1255,1,1,1,0,,2
5943426,F,Y,N,0,270000,Commercial associate,Higher education,Single / not married,House / apartment,-10160,-1255,1,1,1,0,,2
5943698,F,Y,N,0,202500,Working,Higher education,Married,House / apartment,-18324,-3326,1,0,1,0,Core staff,2
5944394,F,N,Y,0,198000,Working,Secondary / secondary special,Civil marriage,House / apartment,-19899,-9290,1,0,0,0,Laborers,2
5944406,F,N,Y,0,198000,Working,Secondary / secondary special,Civil marriage,House / apartment,-19899,-9290,1,0,0,0,Laborers,2
5944738,F,N,N,1,382500,Commercial associate,Lower secondary,Married,Municipal apartment,-14591,-1982,1,0,0,0,Sales staff,3
5944739,F,N,N,1,382500,Commercial associate,Lower secondary,Married,Municipal apartment,-14591,-1982,1,0,0,0,Sales staff,3
5944811,M,N,N,1,135000,Pensioner,Secondary / secondary special,Single / not married,House / apartment,-13387,-704,1,0,0,0,,2
5945237,F,N,N,2,112500,Working,Secondary / secondary special,Single / not married,House / apartment,-14749,-7703,1,0,0,0,,3
5945308,F,Y,Y,0,135000,Commercial associate,Higher education,Single / not married,House / apartment,-8776,-551,1,0,0,0,Sales staff,1
5945311,F,Y,Y,0,135000,Commercial associate,Higher education,Single / not married,House / apartment,-8776,-551,1,0,0,0,Sales staff,1
5945426,M,N,Y,1,135000,Commercial associate,Higher education,Married,House / apartment,-15361,-3685,1,0,1,1,,3
5945662,F,Y,Y,0,180000,Working,Higher education,Married,House / apartment,-12486,-3535,1,0,0,0,Accountants,2
5945737,M,Y,Y,0,202500,Working,Secondary / secondary special,Married,House / apartment,-21219,-3047,1,0,0,0,Laborers,2
5945795,F,N,Y,2,90000,Working,Secondary / secondary special,Civil marriage,House / apartment,-13317,-2621,1,0,0,0,,4
5948949,F,N,Y,1,157500,Working,Secondary / secondary special,Married,House / apartment,-10454,-76,1,0,0,0,Laborers,3
5949026,F,N,Y,1,184500,State servant,Higher education,Single / not married,House / apartment,-11092,-1994,1,1,1,0,,2
5949088,F,N,Y,0,225000,Working,Secondary / secondary special,Civil marriage,House / apartment,-19559,-5189,1,0,0,1,Laborers,2
5949118,M,N,N,1,180000,Working,Higher education,Married,House / apartment,-12235,-563,1,0,0,0,,3
5949250,M,Y,Y,0,225000,Commercial associate,Secondary / secondary special,Married,House / apartment,-20929,-351,1,0,1,0,Drivers,2
5949299,F,N,Y,0,112500,Pensioner,Secondary / secondary special,Married,House / apartment,-23536,365243,1,0,0,0,,2
5949611,M,Y,N,0,180000,Pensioner,Secondary / secondary special,Married,House / apartment,-22275,365243,1,0,0,0,,2
5949615,M,Y,N,0,180000,Pensioner,Secondary / secondary special,Married,House / apartment,-22275,365243,1,0,0,0,,2
5949637,F,Y,Y,0,270000,Commercial associate,Higher education,Married,House / apartment,-15570,-395,1,0,0,0,Private service staff,2
5949917,F,N,N,0,135000,Pensioner,Secondary / secondary special,Married,Municipal apartment,-15834,365243,1,0,0,1,,2
5950008,F,N,N,0,157500,Pensioner,Secondary / secondary special,Single / not married,House / apartment,-21964,365243,1,0,0,0,,1
5950017,F,N,Y,0,157500,Pensioner,Secondary / secondary special,Single / not married,House / apartment,-21964,365243,1,0,0,0,,1
5950019,F,N,Y,0,157500,Pensioner,Secondary / secondary special,Single / not married,House / apartment,-21964,365243,1,0,0,0,,1
5951567,F,N,Y,0,135000,Working,Secondary / secondary special,Widow,House / apartment,-18407,-1973,1,0,0,0,Laborers,1
5951700,M,Y,N,0,135000,Working,Secondary / secondary special,Married,Municipal apartment,-16289,-1090,1,1,0,0,Drivers,2
5951702,M,Y,N,0,135000,Working,Secondary / secondary special,Married,Municipal apartment,-16289,-1090,1,1,0,0,Drivers,2
5951905,F,N,Y,2,135000,Commercial associate,Incomplete higher,Married,House / apartment,-12308,-359,1,0,0,0,Laborers,4
5952166,M,N,Y,0,112500,Pensioner,Secondary / secondary special,Widow,House / apartment,-24001,365243,1,0,0,0,,1
5952197,F,N,Y,0,126000,Working,Secondary / secondary special,Single / not married,House / apartment,-21799,-6996,1,0,0,0,Laborers,2
5952201,M,N,Y,1,157500,Commercial associate,Secondary / secondary special,Married,House / apartment,-21805,-4683,1,0,0,0,Laborers,3
5952203,M,N,Y,1,157500,Pensioner,Secondary / secondary special,Married,House / apartment,-21805,-4683,1,0,0,0,Laborers,3
5956009,M,N,Y,0,94500,Commercial associate,Secondary / secondary special,Married,House / apartment,-11130,-762,1,0,0,0,,2
5956069,F,N,N,0,112500,Pensioner,Secondary / secondary special,Married,House / apartment,-21996,365243,1,0,0,0,,2
5956700,M,N,Y,0,135000,Working,Secondary / secondary special,Married,House / apartment,-12071,-2438,1,0,0,0,Drivers,2
5956704,M,N,Y,0,135000,Working,Secondary / secondary special,Married,House / apartment,-12071,-2438,1,0,0,0,Drivers,2
5956705,M,N,Y,0,135000,Working,Secondary / secondary special,Married,House / apartment,-12071,-2438,1,0,0,0,Drivers,2
5956894,F,Y,Y,2,90000,Working,Secondary / secondary special,Single / not married,House / apartment,-14736,-2407,1,0,0,0,Accountants,3
5956974,M,N,Y,0,270000,Working,Secondary / secondary special,Single / not married,Municipal apartment,-8692,-1434,1,0,0,1,,1
5956975,M,N,Y,0,270000,Working,Secondary / secondary special,Single / not married,Municipal apartment,-8692,-1434,1,0,0,1,,1
5957009,M,Y,Y,0,180000,Working,Secondary / secondary special,Single / not married,House / apartment,-8118,-550,1,0,0,0,Drivers,1
5957054,F,N,Y,2,166500,State servant,Incomplete higher,Separated,House / apartment,-13660,-2134,1,0,0,0,Core staff,3
5957131,F,Y,Y,0,166500,Commercial associate,Secondary / secondary special,Married,House / apartment,-16480,-3929,1,0,0,0,Accountants,2
5957134,F,Y,Y,0,166500,Commercial associate,Secondary / secondary special,Married,House / apartment,-16480,-3929,1,0,0,0,Accountants,2
5957382,M,Y,Y,0,225000,Working,Secondary / secondary special,Married,House / apartment,-15114,-216,1,0,0,0,Laborers,2
5957592,F,Y,N,1,171000,Working,Secondary / secondary special,Married,House / apartment,-13713,-2042,1,0,0,0,Managers,3
5957593,F,Y,N,1,171000,Working,Secondary / secondary special,Married,House / apartment,-13713,-2042,1,0,0,0,Managers,3
5957594,F,Y,N,1,171000,Working,Secondary / secondary special,Married,House / apartment,-13713,-2042,1,0,0,0,Managers,3
5957784,F,N,Y,1,225000,Working,Secondary / secondary special,Separated,House / apartment,-12507,-642,1,0,0,0,High skill tech staff,2
5964369,F,Y,Y,0,103500,Working,Higher education,Civil marriage,House / apartment,-17549,-7759,1,0,0,0,Core staff,2
5964690,M,Y,Y,1,270000,Working,Secondary / secondary special,Separated,With parents,-11598,-423,1,0,0,0,Drivers,2
5964922,M,N,Y,0,99000,Working,Secondary / secondary special,Civil marriage,House / apartment,-21012,-2219,1,0,1,0,Laborers,2
5964924,M,N,Y,0,99000,Working,Secondary / secondary special,Civil marriage,House / apartment,-21012,-2219,1,0,1,0,Laborers,2
5965057,M,N,Y,0,225000,Working,Incomplete higher,Single / not married,House / apartment,-8554,-332,1,0,0,0,Accountants,1
5965058,F,N,Y,0,225000,Working,Incomplete higher,Single / not married,House / apartment,-8554,-332,1,0,0,0,Accountants,1
5965247,F,N,Y,0,103500,Pensioner,Secondary / secondary special,Married,House / apartment,-24418,365243,1,0,0,0,,2
5965248,F,N,Y,0,103500,Pensioner,Secondary / secondary special,Married,House / apartment,-24418,365243,1,0,0,0,,2
5965361,F,N,Y,0,112500,Pensioner,Secondary / secondary special,Married,House / apartment,-22192,365243,1,0,0,0,,2
5965362,F,N,Y,0,112500,Pensioner,Secondary / secondary special,Single / not married,House / apartment,-22192,365243,1,0,0,0,,2
5965364,F,N,Y,0,112500,Pensioner,Secondary / secondary special,Married,House / apartment,-22192,365243,1,0,0,0,,2
5965478,F,Y,Y,0,270000,Working,Secondary / secondary special,Married,House / apartment,-15220,-3833,1,1,1,0,Core staff,2
5969392,F,Y,N,2,166500,Commercial associate,Higher education,Married,House / apartment,-10461,-1160,1,1,0,0,Managers,4
5969393,M,Y,N,2,166500,Commercial associate,Higher education,Married,House / apartment,-10461,-1160,1,1,0,0,Managers,4
5969396,F,Y,N,2,166500,Commercial associate,Higher education,Married,House / apartment,-10461,-1160,1,1,0,0,Managers,4
5969397,F,Y,N,2,166500,Commercial associate,Higher education,Married,House / apartment,-10461,-1160,1,1,0,0,Managers,4
5969398,F,Y,N,2,166500,Commercial associate,Higher education,Married,House / apartment,-10461,-1160,1,1,0,0,Managers,4
5969399,F,Y,N,2,166500,Commercial associate,Higher education,Married,House / apartment,-10461,-1160,1,1,0,0,Managers,4
5969400,F,Y,N,2,166500,Commercial associate,Higher education,Married,House / apartment,-10461,-1160,1,1,0,0,Managers,4
5969401,F,Y,N,2,166500,Commercial associate,Higher education,Married,House / apartment,-10461,-1160,1,1,0,0,Managers,4
5969402,F,Y,N,2,166500,Commercial associate,Higher education,Married,House / apartment,-10461,-1160,1,1,0,0,Managers,4
5969423,F,N,Y,2,270000,Working,Higher education,Civil marriage,House / apartment,-13385,-4842,1,1,0,0,,4
5969427,F,N,Y,2,270000,Working,Higher education,Civil marriage,House / apartment,-13385,-4842,1,1,0,0,,4
5969429,F,N,Y,2,270000,Working,Higher education,Civil marriage,House / apartment,-13385,-4842,1,1,0,0,,4
5969745,F,Y,N,0,171000,Working,Secondary / secondary special,Widow,House / apartment,-21433,-4661,1,0,0,0,,1
5969826,M,N,Y,1,135000,Working,Secondary / secondary special,Married,House / apartment,-14285,-3080,1,0,0,0,Drivers,3
5969902,F,N,Y,0,81000,Working,Secondary / secondary special,Separated,House / apartment,-18267,-704,1,0,0,0,Laborers,1
5970168,F,Y,Y,2,360000,Working,Higher education,Married,House / apartment,-12399,-5696,1,0,0,0,,1
5970683,F,N,Y,0,157500,Commercial associate,Secondary / secondary special,Married,House / apartment,-18782,-8618,1,0,0,0,Medicine staff,2
5970863,M,Y,Y,0,103500,Working,Secondary / secondary special,Married,House / apartment,-16720,-551,1,0,0,0,Laborers,2
5970896,F,Y,Y,0,450000,Commercial associate,Secondary / secondary special,Married,House / apartment,-15290,-5452,1,0,1,1,Managers,2
5971078,F,N,Y,0,180000,Commercial associate,Secondary / secondary special,Civil marriage,House / apartment,-15127,-1039,1,0,1,0,,2
5971215,F,N,N,0,85500,Working,Secondary / secondary special,Civil marriage,House / apartment,-12986,-1859,1,0,0,0,Cleaning staff,2
5971522,F,N,N,0,135000,Working,Secondary / secondary special,Married,House / apartment,-13522,-764,1,1,1,0,Core staff,2
5971678,M,Y,N,2,180000,Working,Secondary / secondary special,Married,House / apartment,-12229,-2918,1,0,0,0,Laborers,4
5971733,F,N,Y,1,144000,Working,Secondary / secondary special,Married,House / apartment,-10728,-2248,1,0,0,1,Core staff,3
5971849,M,Y,Y,0,157500,Commercial associate,Secondary / secondary special,Married,House / apartment,-19288,-1518,1,0,0,0,,2
5975285,M,N,N,0,135000,State servant,Higher education,Single / not married,House / apartment,-16070,-6073,1,1,0,0,Core staff,1
5975404,F,N,Y,0,67500,Working,Secondary / secondary special,Separated,House / apartment,-16274,-1659,1,0,0,0,Sales staff,1
5975431,M,Y,N,2,166500,Working,Secondary / secondary special,Married,House / apartment,-12116,-352,1,1,1,0,Laborers,1
5975529,F,N,Y,0,162000,Pensioner,Higher education,Widow,House / apartment,-22297,365243,1,0,0,0,,1
5975652,F,N,Y,0,180000,Working,Higher education,Civil marriage,House / apartment,-16021,-2054,1,0,0,0,,2
5975868,F,N,N,0,135000,Commercial associate,Higher education,Married,House / apartment,-17120,-2023,1,0,0,1,Realty agents,2
5975883,F,N,N,1,162000,State servant,Higher education,Civil marriage,With parents,-14650,-3671,1,1,1,0,Accountants,3
5975989,M,Y,Y,0,180000,Working,Secondary / secondary special,Married,House / apartment,-11222,-1386,1,0,0,0,Drivers,2
5976134,M,N,Y,1,180000,Working,Secondary / secondary special,Married,House / apartment,-9975,-533,1,0,0,0,Laborers,3
5976311,F,Y,N,1,90000,Working,Secondary / secondary special,Single / not married,House / apartment,-10171,-227,1,0,0,1,Sales staff,2
5976450,F,N,Y,0,58500,Pensioner,Secondary / secondary special,Married,House / apartment,-23659,365243,1,0,1,0,,2
5976589,M,N,Y,1,112500,Working,Secondary / secondary special,Married,House / apartment,-17587,-1040,1,0,0,0,Laborers,3
5976620,M,Y,Y,1,405000,Working,Secondary / secondary special,Married,House / apartment,-13519,-2775,1,0,0,0,Laborers,3
5976621,M,Y,Y,1,405000,Working,Secondary / secondary special,Married,House / apartment,-13519,-2775,1,0,0,0,Laborers,3
5976624,M,Y,Y,1,405000,Working,Secondary / secondary special,Married,House / apartment,-13519,-2775,1,0,0,0,Laborers,3
5976901,F,Y,Y,0,157500,Pensioner,Secondary / secondary special,Married,House / apartment,-20624,365243,1,0,0,0,,2
5978495,M,Y,Y,1,90000,Working,Secondary / secondary special,Married,House / apartment,-18516,-3094,1,0,1,0,Laborers,3
5978529,F,N,Y,0,135000,Pensioner,Secondary / secondary special,Civil marriage,House / apartment,-23711,365243,1,0,0,0,,2
5978533,F,N,Y,0,135000,Pensioner,Secondary / secondary special,Civil marriage,House / apartment,-23711,365243,1,0,0,0,,2
5978535,F,N,N,0,135000,Pensioner,Secondary / secondary special,Civil marriage,House / apartment,-23711,365243,1,0,0,0,,2
5979090,F,N,Y,0,247500,Pensioner,Secondary / secondary special,Married,House / apartment,-21656,365243,1,0,0,0,,2
5979381,M,N,N,0,180000,Working,Secondary / secondary special,Married,House / apartment,-17782,-1146,1,1,1,0,Drivers,2
5979385,M,N,N,0,180000,Working,Secondary / secondary special,Married,House / apartment,-17782,-1146,1,1,1,0,Drivers,2
5979451,M,N,N,0,135000,Working,Secondary / secondary special,Married,Municipal apartment,-21304,-5286,1,1,0,0,Security staff,2
5979455,M,N,N,0,135000,Working,Secondary / secondary special,Married,Municipal apartment,-21304,-5286,1,1,0,0,Security staff,2
5979456,M,N,N,0,135000,Working,Secondary / secondary special,Married,Municipal apartment,-21304,-5286,1,1,0,0,Security staff,2
5980287,F,Y,Y,1,450000,State servant,Higher education,Married,House / apartment,-13717,-2225,1,0,0,0,Accountants,3
5980289,F,Y,Y,1,450000,State servant,Higher education,Married,House / apartment,-13717,-2225,1,0,0,0,Accountants,3
5980782,F,N,Y,1,337500,Working,Higher education,Single / not married,House / apartment,-10782,-1007,1,0,0,1,Accountants,2
5981415,M,N,Y,0,270000,State servant,Incomplete higher,Single / not married,House / apartment,-9930,-1387,1,0,0,1,Core staff,2
5981522,F,N,N,0,162000,Working,Incomplete higher,Single / not married,Municipal apartment,-10618,-2786,1,0,0,1,Core staff,1
5982255,M,Y,Y,1,225000,Commercial associate,Secondary / secondary special,Married,House / apartment,-10196,-1424,1,0,0,0,Drivers,1
5987485,F,N,N,1,202500,State servant,Higher education,Married,House / apartment,-15678,-4613,1,0,0,0,Core staff,3
5987486,F,N,N,1,202500,State servant,Higher education,Single / not married,House / apartment,-15678,-4613,1,0,0,0,Core staff,1
5987487,M,N,N,1,202500,State servant,Higher education,Married,House / apartment,-15678,-4613,1,0,0,0,Core staff,3
5987488,F,N,N,1,202500,State servant,Higher education,Married,House / apartment,-15678,-4613,1,0,0,0,Core staff,3
5987489,F,N,N,1,202500,Pensioner,Higher education,Married,House / apartment,-15678,-4613,1,0,0,0,Core staff,3
5987492,F,N,N,1,202500,State servant,Higher education,Married,House / apartment,-15678,-4613,1,0,0,0,Core staff,3
5987493,F,N,N,1,202500,State servant,Higher education,Married,House / apartment,-15678,-4613,1,0,0,0,Core staff,3
5987494,F,N,N,1,202500,Pensioner,Higher education,Married,House / apartment,-15678,-4613,1,0,0,0,Core staff,3
5987495,F,N,N,1,202500,State servant,Higher education,Married,House / apartment,-15678,-4613,1,0,0,0,Core staff,3
5987496,F,N,N,1,202500,State servant,Higher education,Married,House / apartment,-15678,-4613,1,0,0,0,Core staff,3
5987977,M,Y,N,2,112500,Working,Secondary / secondary special,Married,House / apartment,-12120,-808,1,1,1,0,Laborers,4
5988065,F,N,N,0,157500,Working,Secondary / secondary special,Single / not married,House / apartment,-19982,-2179,1,1,1,0,Sales staff,1
5988075,F,N,N,0,157500,Working,Secondary / secondary special,Single / not married,House / apartment,-19982,-2179,1,1,1,0,Sales staff,1
5988240,F,Y,N,1,270000,Working,Secondary / secondary special,Married,With parents,-14252,-1296,1,1,1,0,Private service staff,3
5988791,F,N,Y,0,81000,Commercial associate,Secondary / secondary special,Married,House / apartment,-16863,-704,1,0,0,0,Laborers,2
5992186,F,N,N,0,157500,Working,Secondary / secondary special,Single / not married,House / apartment,-9266,-632,1,0,0,0,Sales staff,1
5992521,M,Y,N,0,157500,Commercial associate,Higher education,Single / not married,House / apartment,-10728,-697,1,0,0,0,,1
5992540,M,Y,Y,0,135000,Working,Higher education,Married,House / apartment,-19256,-5474,1,0,0,0,Laborers,2
5992541,M,Y,Y,0,135000,Working,Higher education,Single / not married,House / apartment,-19256,-5474,1,0,0,0,Laborers,2
5992841,F,N,N,0,112500,Commercial associate,Secondary / secondary special,Single / not married,House / apartment,-19468,-1440,1,0,0,1,Sales staff,1
5993081,F,Y,Y,0,225000,Pensioner,Secondary / secondary special,Civil marriage,House / apartment,-23013,365243,1,0,0,0,,2
5993201,F,N,Y,0,76500,Commercial associate,Secondary / secondary special,Married,House / apartment,-15869,-1474,1,1,1,0,Core staff,2
5993327,F,N,Y,0,90000,Working,Secondary / secondary special,Married,House / apartment,-15664,-164,1,0,0,0,Laborers,2
5994625,F,N,N,1,90000,Commercial associate,Secondary / secondary special,Married,House / apartment,-15444,-3719,1,0,0,0,Laborers,3
5994874,F,Y,Y,0,135000,Working,Secondary / secondary special,Married,House / apartment,-22485,-1651,1,0,0,0,Security staff,2
5995376,F,N,Y,2,292500,Pensioner,Secondary / secondary special,Widow,House / apartment,-15674,-956,1,0,0,1,High skill tech staff,3
5995501,F,N,N,0,67500,Working,Secondary / secondary special,Married,House / apartment,-18546,-5553,1,0,0,0,,2
5995541,F,N,Y,0,270000,Commercial associate,Secondary / secondary special,Single / not married,Municipal apartment,-18020,-1595,1,0,0,0,Cooking staff,1
5995575,M,Y,Y,1,270000,Commercial associate,Secondary / secondary special,Married,House / apartment,-18236,-7165,1,0,1,0,Laborers,3
5995673,M,N,Y,1,292500,Commercial associate,Incomplete higher,Married,House / apartment,-9137,-865,1,1,0,0,Managers,3
5995688,M,N,Y,0,270000,Commercial associate,Incomplete higher,Single / not married,House / apartment,-11625,-195,1,0,0,1,Sales staff,1
5995770,M,Y,N,0,90000,Working,Secondary / secondary special,Married,House / apartment,-17869,-957,1,1,0,0,Drivers,2
5995952,F,N,N,0,270000,Working,Higher education,Married,With parents,-11686,-2753,1,0,0,0,Accountants,2
5996002,F,Y,N,0,202500,Working,Higher education,Married,House / apartment,-22578,-41,1,0,0,0,Core staff,2
5996053,M,Y,Y,1,135000,Working,Secondary / secondary special,Married,House / apartment,-10000,-1779,1,0,0,0,Laborers,3
5996109,M,Y,Y,2,180000,Working,Secondary / secondary special,Married,House / apartment,-10942,-94,1,0,0,0,Drivers,4
5996110,M,Y,Y,2,180000,Working,Secondary / secondary special,Married,House / apartment,-10942,-94,1,0,0,0,Drivers,4
5996120,M,Y,N,2,121500,Working,Secondary / secondary special,Married,House / apartment,-14472,-5360,1,0,0,0,,1
5996294,F,N,Y,0,216000,Pensioner,Higher education,Married,House / apartment,-21157,365243,1,0,1,0,,2
5996298,M,N,Y,1,121500,Working,Lower secondary,Civil marriage,House / apartment,-13279,-185,1,0,0,0,Laborers,3
5996301,F,N,Y,1,121500,Working,Lower secondary,Civil marriage,House / apartment,-13279,-185,1,0,0,0,Laborers,3
5996302,F,N,Y,1,121500,Working,Lower secondary,Civil marriage,House / apartment,-13279,-185,1,0,0,0,Laborers,3
5996350,M,N,Y,0,135000,Working,Secondary / secondary special,Civil marriage,House / apartment,-17314,-1128,1,0,0,0,,2
5998412,F,N,N,0,135000,Pensioner,Secondary / secondary special,Single / not married,House / apartment,-24799,365243,1,0,0,0,,2
5998455,F,N,Y,0,112500,Working,Secondary / secondary special,Married,House / apartment,-15532,-3715,1,0,0,0,Core staff,2
5998517,F,N,Y,1,175500,Pensioner,Secondary / secondary special,Married,House / apartment,-15996,-490,1,0,0,0,Sales staff,3
5998801,F,N,N,0,112500,Working,Higher education,Single / not married,House / apartment,-11400,-757,1,0,0,1,Sales staff,1
5998803,F,N,N,0,112500,Working,Higher education,Single / not married,House / apartment,-11400,-757,1,0,0,0,Sales staff,1
5998805,F,N,N,0,112500,Working,Higher education,Single / not married,House / apartment,-11400,-757,1,0,0,1,Sales staff,1
5998838,F,Y,Y,0,130500,Working,Secondary / secondary special,Married,House / apartment,-13627,-2768,1,0,1,0,Core staff,2
5998840,F,Y,N,0,130500,Working,Secondary / secondary special,Married,House / apartment,-13627,-2768,1,0,1,0,Core staff,2
5999113,F,N,Y,0,112500,Working,Secondary / secondary special,Married,House / apartment,-17034,-303,1,0,0,0,Laborers,2
5999119,M,N,Y,0,144000,Commercial associate,Secondary / secondary special,Married,House / apartment,-16110,-515,1,0,0,0,Laborers,2
5999133,F,Y,Y,0,135000,Working,Secondary / secondary special,Married,House / apartment,-9957,-757,1,0,0,0,High skill tech staff,2
5999135,F,Y,Y,0,135000,Working,Secondary / secondary special,Single / not married,House / apartment,-9957,-757,1,0,0,0,High skill tech staff,2
5999138,F,Y,Y,0,135000,Working,Secondary / secondary special,Married,House / apartment,-9957,-757,1,0,0,0,High skill tech staff,2
5999141,F,Y,Y,0,135000,Working,Secondary / secondary special,Married,House / apartment,-9957,-757,1,0,0,0,High skill tech staff,2
5999305,F,N,Y,0,90000,Commercial associate,Incomplete higher,Married,House / apartment,-10032,-2707,1,1,1,0,,2
5999450,F,Y,Y,0,112500,Working,Secondary / secondary special,Civil marriage,House / apartment,-14253,-3498,1,0,0,0,Laborers,2
5999452,F,Y,Y,0,112500,Working,Secondary / secondary special,Civil marriage,House / apartment,-14253,-3498,1,0,0,0,Laborers,2
5999786,F,Y,Y,1,180000,Commercial associate,Secondary / secondary special,Married,House / apartment,-10630,-454,1,0,0,0,,3
5999940,M,Y,Y,0,180000,Commercial associate,Secondary / secondary special,Separated,House / apartment,-17876,-6877,1,0,0,0,Managers,1
6006929,F,N,Y,0,157500,Pensioner,Secondary / secondary special,Widow,House / apartment,-22099,365243,1,0,0,0,,1
6007111,M,Y,Y,0,117000,Commercial associate,Secondary / secondary special,Married,House / apartment,-16378,-379,1,0,0,1,Low-skill Laborers,2
6007112,M,Y,Y,0,117000,Commercial associate,Secondary / secondary special,Married,House / apartment,-16378,-379,1,0,0,1,Low-skill Laborers,2
6007250,M,N,Y,0,135000,Pensioner,Lower secondary,Married,House / apartment,-21749,365243,1,0,0,0,,2
6007589,F,N,N,0,76500,State servant,Higher education,Single / not married,House / apartment,-16592,-9114,1,0,0,0,Secretaries,2
6008592,M,Y,N,0,270000,Commercial associate,Higher education,Married,House / apartment,-21794,-3079,1,0,1,0,,2
6008804,F,N,Y,0,112500,Working,Secondary / secondary special,Married,House / apartment,-19462,-430,1,1,1,0,Accountants,2
6008805,M,N,N,0,112500,Working,Secondary / secondary special,Married,House / apartment,-19462,-430,1,1,1,0,Accountants,2
6009117,F,Y,N,0,225000,Working,Secondary / secondary special,Married,House / apartment,-18628,-5503,1,0,0,0,Private service staff,2
6009217,F,Y,Y,0,157500,State servant,Higher education,Married,House / apartment,-15324,-5289,1,0,1,1,Core staff,2
6013917,M,Y,N,0,76500,Pensioner,Secondary / secondary special,Married,House / apartment,-21532,365243,1,0,0,0,,2
6014133,F,Y,N,0,90000,Pensioner,Secondary / secondary special,Civil marriage,House / apartment,-15223,-433,1,1,0,0,,2
6014493,F,N,Y,0,94500,Working,Secondary / secondary special,Married,House / apartment,-18533,-1555,1,1,0,0,Cooking staff,2
6014604,M,Y,Y,1,306000,Working,Secondary / secondary special,Married,House / apartment,-16574,-275,1,0,0,0,Drivers,3
6014605,M,Y,N,1,306000,Working,Secondary / secondary special,Married,House / apartment,-16574,-275,1,0,0,0,Drivers,3
6014606,M,Y,Y,1,306000,Working,Secondary / secondary special,Single / not married,House / apartment,-16574,-275,1,0,0,0,Drivers,3
6014607,M,Y,Y,1,306000,Working,Secondary / secondary special,Married,House / apartment,-16574,-275,1,0,0,0,Drivers,3
6014737,F,N,Y,0,67500,Commercial associate,Lower secondary,Civil marriage,House / apartment,-13592,-5360,1,1,1,0,Sales staff,2
6014740,F,N,Y,0,67500,Commercial associate,Lower secondary,Civil marriage,House / apartment,-13592,-5360,1,1,1,0,Sales staff,2
6014741,F,N,N,0,67500,Commercial associate,Lower secondary,Civil marriage,House / apartment,-13592,-5360,1,1,1,0,Sales staff,2
6014934,F,N,Y,1,117000,Working,Secondary / secondary special,Married,House / apartment,-15642,-8664,1,0,1,0,Medicine staff,3
6014999,M,Y,N,0,202500,Working,Secondary / secondary special,Married,House / apartment,-16476,-7537,1,0,0,0,Drivers,2
6015000,M,Y,N,0,202500,Working,Secondary / secondary special,Married,House / apartment,-16476,-7537,1,0,0,0,Drivers,2
6015001,M,Y,N,0,202500,Working,Secondary / secondary special,Married,House / apartment,-16476,-7537,1,0,0,0,Drivers,2
6015043,M,N,N,0,112500,Working,Secondary / secondary special,Married,House / apartment,-16116,-2089,1,0,0,0,Drivers,2
6015080,M,Y,N,1,157500,Working,Higher education,Married,House / apartment,-11580,-687,1,0,0,0,,3
6018725,M,N,Y,0,112500,Commercial associate,Higher education,Married,House / apartment,-20014,-3140,1,0,0,0,Sales staff,2
6018741,M,N,Y,0,166500,Pensioner,Secondary / secondary special,Married,House / apartment,-20011,-7554,1,1,0,0,Laborers,2
6021126,F,Y,N,0,180000,Commercial associate,Higher education,Married,House / apartment,-10255,-1293,1,1,1,1,Core staff,2
6021247,F,Y,Y,1,126000,Working,Incomplete higher,Married,House / apartment,-12766,-2053,1,0,0,0,,3
6021331,M,Y,N,0,202500,State servant,Secondary / secondary special,Married,House / apartment,-14377,-3361,1,0,0,0,,2
6021826,M,Y,Y,0,157500,Working,Secondary / secondary special,Married,Rented apartment,-17933,-4810,1,0,0,0,Drivers,2
6021833,M,Y,Y,0,157500,Working,Secondary / secondary special,Married,Rented apartment,-17933,-4810,1,0,0,0,Drivers,2
6022101,F,N,N,0,157500,Working,Higher education,Single / not married,House / apartment,-16821,-5390,1,0,1,0,Drivers,1
6022253,M,N,Y,2,135000,Working,Secondary / secondary special,Married,House / apartment,-11864,-3107,1,1,0,0,Laborers,1
6022275,M,N,N,1,270000,Working,Secondary / secondary special,Civil marriage,House / apartment,-13985,-2345,1,0,0,1,Laborers,3
6022743,F,N,N,2,135000,Working,Secondary / secondary special,Married,House / apartment,-13298,-2681,1,0,0,0,,4
6022748,F,N,Y,2,135000,Working,Secondary / secondary special,Married,House / apartment,-13298,-2681,1,0,0,0,,4
6022749,F,N,Y,2,135000,Working,Secondary / secondary special,Married,House / apartment,-13298,-2681,1,0,0,0,,4
6022933,M,Y,Y,0,135000,Working,Higher education,Married,House / apartment,-11980,-1874,1,0,0,0,Laborers,2
6022965,M,Y,Y,0,315000,Commercial associate,Secondary / secondary special,Married,House / apartment,-20977,-5010,1,0,0,0,,2
6023020,F,N,Y,0,252000,Working,Higher education,Single / not married,House / apartment,-17123,-7544,1,0,0,0,,2
6023191,F,N,Y,0,63000,Working,Secondary / secondary special,Married,House / apartment,-14927,-1608,1,0,1,0,Sales staff,2
6023245,M,N,Y,0,135000,Commercial associate,Higher education,Widow,House / apartment,-19473,-208,1,0,0,0,Sales staff,1
6023517,F,N,Y,2,157500,Commercial associate,Secondary / secondary special,Married,House / apartment,-10618,-542,1,0,0,0,Sales staff,4
6023583,M,N,Y,0,135000,Working,Higher education,Single / not married,House / apartment,-12767,-1030,1,0,0,0,Laborers,1
6023587,M,N,Y,0,135000,Working,Higher education,Single / not married,House / apartment,-12767,-1030,1,0,0,0,Laborers,1
6023588,M,N,Y,0,135000,Working,Higher education,Single / not married,House / apartment,-12767,-1030,1,0,0,0,Laborers,1
6023621,M,Y,Y,0,270000,State servant,Secondary / secondary special,Single / not married,House / apartment,-15130,-8121,1,0,0,0,Drivers,2
6023958,M,Y,N,0,337500,Pensioner,Higher education,Married,House / apartment,-16195,-2919,1,1,0,0,Core staff,2
6023960,M,Y,N,0,337500,Commercial associate,Higher education,Married,House / apartment,-16195,-2919,1,1,0,0,Core staff,2
6024412,F,N,Y,3,112500,Working,Incomplete higher,Married,Municipal apartment,-10686,-2278,1,0,0,0,Laborers,5
6024521,M,N,Y,0,112500,Commercial associate,Higher education,Married,House / apartment,-13464,-2582,1,0,0,0,,2
6026737,F,N,Y,0,126000,Working,Lower secondary,Married,House / apartment,-12124,-2463,1,1,0,0,Sales staff,2
6026801,M,N,Y,0,85500,Pensioner,Higher education,Married,House / apartment,-23825,365243,1,0,0,0,,2
6026838,M,Y,Y,2,180000,Commercial associate,Secondary / secondary special,Married,House / apartment,-12937,-1610,1,0,0,0,Drivers,1
6026966,F,Y,N,0,247500,Commercial associate,Higher education,Married,House / apartment,-14561,-5150,1,1,0,0,,2
6031755,F,N,N,0,85500,Working,Secondary / secondary special,Single / not married,House / apartment,-16394,-672,1,0,1,0,Laborers,1
6031931,F,N,Y,0,180000,State servant,Secondary / secondary special,Married,House / apartment,-15213,-2650,1,0,1,0,Core staff,2
6032408,M,Y,N,0,90000,Pensioner,Secondary / secondary special,Widow,House / apartment,-24580,365243,1,0,0,0,,1
6032409,M,Y,N,0,90000,Pensioner,Secondary / secondary special,Widow,House / apartment,-24580,365243,1,0,0,0,,1
6032605,M,N,N,0,180000,Commercial associate,Higher education,Married,House / apartment,-21099,-612,1,1,0,0,High skill tech staff,2
6032608,M,N,N,0,180000,Commercial associate,Higher education,Married,House / apartment,-21099,-612,1,1,0,0,High skill tech staff,2
6032617,M,N,N,0,135000,Working,Secondary / secondary special,Married,House / apartment,-19075,-4112,1,0,1,0,,2
6032656,F,N,N,1,202500,Working,Secondary / secondary special,Married,House / apartment,-13449,-2651,1,1,0,0,Waiters/barmen staff,1
6033061,F,Y,N,1,247500,Working,Secondary / secondary special,Single / not married,House / apartment,-12276,-903,1,1,0,0,Laborers,2
6033584,F,N,Y,1,202500,Commercial associate,Secondary / secondary special,Separated,House / apartment,-15328,-1634,1,0,0,0,Managers,2
6034745,F,N,Y,2,180000,State servant,Higher education,Married,House / apartment,-12332,-2469,1,0,0,0,Medicine staff,4
6034750,F,N,N,2,180000,Pensioner,Higher education,Married,House / apartment,-12332,-2469,1,0,0,0,Medicine staff,4
6035539,F,N,Y,0,382500,Working,Higher education,Married,House / apartment,-12313,-1161,1,1,0,0,,2
6035565,F,N,N,0,112500,Pensioner,Secondary / secondary special,Separated,House / apartment,-21034,365243,1,0,0,0,,1
6035607,F,N,N,0,58500,Pensioner,Secondary / secondary special,Married,House / apartment,-21797,365243,1,0,1,0,,2
6036185,M,N,Y,0,103500,Pensioner,Higher education,Married,House / apartment,-22909,365243,1,0,0,0,,2
6036186,M,N,N,0,103500,Pensioner,Higher education,Married,House / apartment,-22909,365243,1,0,0,0,,2
6036217,F,N,N,2,202500,Pensioner,Secondary / secondary special,Married,House / apartment,-10391,-3121,1,0,1,0,,4
6036228,F,N,Y,1,225000,Commercial associate,Secondary / secondary special,Married,House / apartment,-18179,-6193,1,0,1,0,Medicine staff,3
6036499,M,N,N,0,90000,Commercial associate,Secondary / secondary special,Single / not married,House / apartment,-13584,-1904,1,0,0,0,Sales staff,1
6036560,M,Y,Y,0,270000,Commercial associate,Higher education,Married,House / apartment,-10216,-1388,1,0,0,0,,2
6036561,F,Y,Y,0,270000,Commercial associate,Higher education,Married,House / apartment,-10216,-1388,1,0,0,0,,2
6036749,M,N,Y,0,315000,Working,Secondary / secondary special,Married,House / apartment,-11169,-4218,1,0,1,0,Laborers,2
6036902,M,Y,N,0,225000,Commercial associate,Secondary / secondary special,Married,House / apartment,-15986,-4492,1,1,1,0,,2
6036914,F,Y,N,0,99000,Commercial associate,Higher education,Married,Municipal apartment,-11473,-413,1,1,1,0,Accountants,2
6036917,F,Y,N,0,99000,Commercial associate,Higher education,Married,Municipal apartment,-11473,-413,1,1,1,0,Accountants,2
6036944,M,N,N,0,90000,Working,Secondary / secondary special,Married,House / apartment,-18892,-9605,1,1,0,0,Core staff,2
6037101,M,Y,N,0,202500,Commercial associate,Secondary / secondary special,Married,Municipal apartment,-17048,-1509,1,0,1,0,Drivers,2
6037266,F,N,Y,0,112500,Pensioner,Incomplete higher,Widow,House / apartment,-22018,365243,1,0,1,0,,1
6037680,M,N,Y,0,180000,Pensioner,Secondary / secondary special,Single / not married,House / apartment,-21539,365243,1,0,1,0,,1
6037990,M,Y,Y,2,292500,Commercial associate,Secondary / secondary special,Married,House / apartment,-10541,-1113,1,0,0,0,,4
6038265,M,Y,Y,0,161307,Commercial associate,Secondary / secondary special,Single / not married,House / apartment,-10974,-1815,1,1,0,0,Sales staff,1
6038267,M,Y,Y,0,161307,Commercial associate,Secondary / secondary special,Single / not married,House / apartment,-10974,-1815,1,1,0,0,Sales staff,1
6038396,M,N,Y,0,126000,Pensioner,Secondary / secondary special,Married,House / apartment,-21511,365243,1,0,0,0,,2
6045487,F,N,N,0,112500,Working,Secondary / secondary special,Widow,House / apartment,-20064,-2029,1,0,0,0,,1
6045489,F,N,Y,0,112500,Working,Secondary / secondary special,Widow,House / apartment,-20064,-2029,1,0,0,0,,1
6045525,F,N,N,0,180000,Working,Higher education,Single / not married,House / apartment,-9259,-2302,1,0,1,0,Private service staff,1
6045527,F,N,N,0,180000,Working,Higher education,Single / not married,House / apartment,-9259,-2302,1,0,1,0,Private service staff,1
6045528,F,N,N,0,180000,Working,Higher education,Single / not married,House / apartment,-9259,-2302,1,0,1,0,Private service staff,1
6045529,F,N,N,0,180000,Working,Higher education,Single / not married,House / apartment,-9259,-2302,1,0,1,0,Private service staff,1
6045585,M,N,Y,0,225000,Working,Higher education,Married,House / apartment,-19081,-142,1,1,0,0,Managers,2
6045587,M,N,Y,0,225000,Working,Higher education,Married,House / apartment,-19081,-142,1,1,0,0,Managers,2
6045588,M,N,Y,0,225000,Working,Higher education,Married,House / apartment,-19081,-142,1,1,0,0,Managers,2
6045589,M,N,Y,0,225000,Working,Higher education,Single / not married,House / apartment,-19081,-142,1,1,0,0,Managers,2
6045644,M,N,Y,0,247500,State servant,Higher education,Single / not married,House / apartment,-16775,-3245,1,0,0,0,,2
6045645,M,N,Y,0,247500,State servant,Higher education,Married,House / apartment,-16775,-3245,1,0,0,0,,2
6045780,F,N,Y,0,87750,Pensioner,Secondary / secondary special,Married,House / apartment,-21711,365243,1,0,1,1,,2
6045782,M,Y,N,0,112500,Working,Secondary / secondary special,Married,House / apartment,-13594,-2271,1,0,0,0,Core staff,2
6045859,F,N,N,0,103500,Working,Secondary / secondary special,Widow,House / apartment,-20851,-314,1,0,0,0,,1
6045866,F,N,N,0,157500,Pensioner,Secondary / secondary special,Civil marriage,House / apartment,-23593,365243,1,0,1,0,,2
6045912,M,Y,N,0,112500,Pensioner,Secondary / secondary special,Married,House / apartment,-24105,365243,1,0,1,0,,2
6046418,F,N,Y,0,180000,Working,Secondary / secondary special,Single / not married,House / apartment,-12304,-2374,1,0,0,0,Core staff,2
6047313,M,N,Y,0,359100,Commercial associate,Secondary / secondary special,Separated,Municipal apartment,-15085,-2770,1,0,1,0,Laborers,1
6047317,M,N,Y,0,359100,Commercial associate,Secondary / secondary special,Separated,Municipal apartment,-15085,-2770,1,0,1,0,Laborers,1
6047496,F,N,N,0,67500,Commercial associate,Secondary / secondary special,Single / not married,House / apartment,-18103,-337,1,0,1,0,Cooking staff,2
6047497,F,N,N,0,67500,Commercial associate,Secondary / secondary special,Married,House / apartment,-18103,-337,1,0,1,0,Cooking staff,2
6047537,M,Y,N,0,121500,Commercial associate,Secondary / secondary special,Married,House / apartment,-15485,-2193,1,0,1,0,Drivers,2
6047603,M,N,N,1,81000,Working,Secondary / secondary special,Married,House / apartment,-13330,-1522,1,0,1,0,,3
6047908,F,Y,N,3,315000,Pensioner,Secondary / secondary special,Married,House / apartment,-13169,-2040,1,1,1,0,Medicine staff,5
6047997,F,N,N,0,112500,Pensioner,Secondary / secondary special,Widow,House / apartment,-22695,365243,1,0,1,0,,1
6048202,F,Y,N,1,91188,Commercial associate,Secondary / secondary special,Civil marriage,House / apartment,-9236,-214,1,1,1,0,Sales staff,3
6048203,F,Y,N,1,91188,Pensioner,Secondary / secondary special,Civil marriage,House / apartment,-9236,-214,1,1,1,0,Sales staff,3
6048235,M,N,N,0,180000,Working,Secondary / secondary special,Civil marriage,House / apartment,-13033,-549,1,0,1,0,Drivers,2
6048285,M,Y,Y,0,364500,Working,Higher education,Married,House / apartment,-14553,-337,1,1,1,1,Managers,2
6048292,F,N,N,0,180000,Commercial associate,Secondary / secondary special,Married,Municipal apartment,-13469,-488,1,1,1,0,Waiters/barmen staff,2
6048508,F,N,Y,0,90000,Pensioner,Secondary / secondary special,Single / not married,House / apartment,-23574,365243,1,0,0,0,,2
6050139,F,N,N,1,180000,Pensioner,Secondary / secondary special,Married,House / apartment,-14271,-421,1,0,0,1,High skill tech staff,3
6050140,F,N,N,1,180000,Commercial associate,Secondary / secondary special,Single / not married,House / apartment,-14271,-421,1,0,0,1,High skill tech staff,3
6050142,F,N,N,1,180000,Commercial associate,Secondary / secondary special,Married,House / apartment,-14271,-421,1,0,0,1,High skill tech staff,3
6050410,M,N,Y,0,166500,Working,Secondary / secondary special,Civil marriage,House / apartment,-19643,-5719,1,1,1,0,Laborers,2
6050437,M,Y,N,1,135000,Working,Higher education,Married,House / apartment,-12717,-1305,1,0,0,0,Managers,3
6050439,M,Y,N,1,135000,Working,Higher education,Married,House / apartment,-12717,-1305,1,0,0,0,Managers,1
6050440,M,Y,N,1,135000,Working,Higher education,Married,House / apartment,-12717,-1305,1,0,0,0,Managers,3
6050548,F,Y,Y,0,135000,Working,Secondary / secondary special,Married,House / apartment,-19296,-3131,1,0,0,0,Waiters/barmen staff,2
6050703,F,N,Y,0,202500,State servant,Secondary / secondary special,Married,House / apartment,-20149,-1762,1,0,0,0,Core staff,2
6050856,F,N,N,0,135000,Working,Secondary / secondary special,Single / not married,House / apartment,-18647,-1213,1,0,0,1,Sales staff,1
6051153,F,N,N,1,112500,Commercial associate,Secondary / secondary special,Married,House / apartment,-10144,-1152,1,0,0,0,Sales staff,3
6051156,F,N,N,1,112500,Commercial associate,Secondary / secondary special,Married,House / apartment,-10144,-1152,1,0,0,0,Sales staff,3
6051261,M,N,N,0,270000,Commercial associate,Higher education,Single / not married,House / apartment,-12077,-574,1,1,0,0,Laborers,1
6051279,M,Y,Y,0,162000,Working,Secondary / secondary special,Married,House / apartment,-14289,-5261,1,1,0,0,Laborers,2
6051313,F,N,Y,0,180000,Pensioner,Secondary / secondary special,Widow,House / apartment,-22200,365243,1,0,0,0,,1
6051327,F,N,N,0,135000,Working,Secondary / secondary special,Single / not married,House / apartment,-15926,-1152,1,0,0,0,Sales staff,1
6051329,M,N,N,0,135000,Working,Secondary / secondary special,Single / not married,House / apartment,-15926,-1152,1,0,0,0,Sales staff,1
6051627,M,Y,Y,0,112500,Commercial associate,Secondary / secondary special,Single / not married,House / apartment,-20133,-3619,1,0,0,0,Managers,2
6051942,F,N,Y,0,130500,Pensioner,Secondary / secondary special,Married,House / apartment,-23848,365243,1,0,0,0,,2
6051943,F,N,Y,0,130500,Pensioner,Secondary / secondary special,Married,House / apartment,-23848,365243,1,0,0,0,,2
6052110,M,Y,N,2,225000,Working,Secondary / secondary special,Married,House / apartment,-14776,-2212,1,0,0,0,Drivers,4
6052165,M,Y,Y,2,135000,Commercial associate,Secondary / secondary special,Married,House / apartment,-14346,-1633,1,1,1,0,Drivers,4
6052266,F,N,Y,0,135000,Commercial associate,Incomplete higher,Single / not married,Rented apartment,-10085,-210,1,0,1,1,Core staff,1
6052280,F,N,Y,0,67500,Pensioner,Secondary / secondary special,Married,House / apartment,-22684,365243,1,0,1,0,,2
6052281,F,N,Y,0,67500,Pensioner,Secondary / secondary special,Married,House / apartment,-22684,365243,1,0,1,0,,2
6052555,F,N,N,0,112500,Pensioner,Higher education,Married,House / apartment,-21217,365243,1,0,1,0,,2
6053661,F,Y,Y,1,171000,Working,Secondary / secondary special,Married,Rented apartment,-10918,-1310,1,0,0,1,Sales staff,3
6053663,F,Y,Y,1,171000,Working,Secondary / secondary special,Married,Rented apartment,-10918,-1310,1,0,0,0,Sales staff,3
6053664,F,Y,Y,1,171000,Working,Secondary / secondary special,Married,Rented apartment,-10918,-1310,1,0,0,1,Sales staff,3
6059209,M,N,Y,2,180000,Commercial associate,Secondary / secondary special,Married,House / apartment,-16607,-2318,1,0,0,0,Drivers,4
6059446,M,Y,Y,2,292500,Commercial associate,Secondary / secondary special,Single / not married,House / apartment,-18376,-2415,1,0,0,0,High skill tech staff,3
6059951,M,Y,N,0,315000,Commercial associate,Higher education,Single / not married,House / apartment,-10293,-133,1,0,0,1,Managers,1
6060061,M,Y,N,0,225000,Working,Higher education,Single / not married,House / apartment,-13022,-3024,1,1,0,0,Managers,2
6060185,M,Y,N,0,360000,Working,Secondary / secondary special,Married,House / apartment,-18012,-1472,1,0,0,0,Drivers,2
6060223,M,N,N,1,270000,Working,Secondary / secondary special,Married,House / apartment,-11398,-1260,1,0,0,0,Laborers,3
6060239,M,N,N,0,85500,Working,Secondary / secondary special,Married,House / apartment,-11238,-3632,1,0,0,0,Laborers,2
6060355,F,N,N,0,112500,Working,Secondary / secondary special,Civil marriage,House / apartment,-15475,-985,1,1,0,0,Sales staff,2
6060630,F,N,N,1,135000,State servant,Secondary / secondary special,Civil marriage,House / apartment,-18336,-6495,1,0,1,0,,3
6060823,M,Y,N,0,135000,Commercial associate,Secondary / secondary special,Married,House / apartment,-16646,-1107,1,0,1,0,High skill tech staff,2
6060972,F,N,N,2,126000,State servant,Secondary / secondary special,Married,House / apartment,-12771,-1594,1,1,0,0,Managers,4
6060973,F,N,N,2,126000,State servant,Secondary / secondary special,Married,House / apartment,-12771,-1594,1,1,0,0,Managers,4
6061042,F,N,N,0,90000,Pensioner,Secondary / secondary special,Single / not married,House / apartment,-11051,-3147,1,1,0,0,,1
6061103,F,Y,N,0,90000,Commercial associate,Secondary / secondary special,Married,House / apartment,-12608,-5399,1,1,1,0,Sales staff,2
6061187,M,N,N,0,247500,Working,Secondary / secondary special,Married,House / apartment,-19001,-1716,1,0,1,0,Sales staff,2
6061218,M,N,N,0,112500,Commercial associate,Higher education,Civil marriage,House / apartment,-10549,-832,1,1,0,0,,2
6061245,F,Y,N,2,1350000,Commercial associate,Incomplete higher,Married,House / apartment,-13042,-2629,1,0,0,0,Managers,4
6061301,F,N,N,0,292500,State servant,Higher education,Married,House / apartment,-12593,-4638,1,1,1,0,Managers,2
6061305,F,N,N,0,292500,Pensioner,Higher education,Married,House / apartment,-12593,-4638,1,1,1,0,Managers,2
6061361,M,N,N,2,180000,Working,Secondary / secondary special,Separated,House / apartment,-11609,-741,1,1,0,0,,3
6063139,F,N,Y,0,94500,Working,Secondary / secondary special,Married,House / apartment,-16299,-5817,1,1,1,0,Medicine staff,2
6063236,M,N,Y,0,135000,Working,Higher education,Married,House / apartment,-15294,-2133,1,0,0,0,,2
6063700,F,N,Y,0,315000,Working,Secondary / secondary special,Married,House / apartment,-18604,-3229,1,0,0,0,Sales staff,2
6063705,F,N,Y,0,315000,Working,Secondary / secondary special,Married,House / apartment,-18604,-3229,1,0,0,0,Sales staff,2
6064583,M,N,N,1,135000,Commercial associate,Higher education,Married,Rented apartment,-11437,-956,1,0,0,1,,3
6064786,M,N,N,0,90000,Pensioner,Secondary / secondary special,Married,House / apartment,-21853,365243,1,0,0,0,,2
6064790,F,N,N,0,90000,Pensioner,Secondary / secondary special,Married,House / apartment,-21853,365243,1,0,0,0,,2
6065290,M,Y,N,1,135000,Working,Higher education,Married,With parents,-9966,-956,1,1,1,0,Cooking staff,3
6065585,F,N,N,0,337500,State servant,Higher education,Civil marriage,House / apartment,-11778,-3135,1,0,1,0,Managers,2
6065587,F,N,N,0,337500,Pensioner,Higher education,Civil marriage,House / apartment,-11778,-3135,1,0,1,0,Managers,2
6065588,F,N,Y,0,337500,State servant,Higher education,Civil marriage,House / apartment,-11778,-3135,1,0,1,0,Managers,2
6065590,F,N,Y,0,337500,State servant,Higher education,Civil marriage,House / apartment,-11778,-3135,1,0,1,0,Managers,2
6068626,F,Y,Y,0,76500,Pensioner,Higher education,Married,House / apartment,-20921,365243,1,0,0,0,,2
6068627,M,Y,N,0,76500,Pensioner,Higher education,Married,House / apartment,-20921,365243,1,0,0,0,,2
6068629,F,Y,Y,0,76500,Pensioner,Higher education,Married,House / apartment,-20921,365243,1,0,0,0,,2
6068631,F,Y,Y,0,76500,Pensioner,Higher education,Married,House / apartment,-20921,365243,1,0,0,0,,2
6068634,F,Y,Y,0,76500,Pensioner,Higher education,Married,House / apartment,-20921,365243,1,0,0,0,,2
6068974,M,N,N,0,337500,Working,Secondary / secondary special,Married,House / apartment,-19732,-5369,1,0,0,0,Laborers,2
6069020,M,N,Y,1,225000,Working,Secondary / secondary special,Married,House / apartment,-18268,-317,1,1,0,0,Laborers,3
6069201,M,Y,Y,0,234000,Working,Secondary / secondary special,Married,House / apartment,-14120,-3208,1,0,0,0,,2
6069214,M,Y,Y,2,180000,Commercial associate,Secondary / secondary special,Married,House / apartment,-12937,-1610,1,0,0,0,Drivers,4
6069217,M,Y,Y,2,180000,Commercial associate,Secondary / secondary special,Married,House / apartment,-12937,-1610,1,0,0,0,Drivers,4
6069219,M,Y,Y,2,180000,Commercial associate,Secondary / secondary special,Married,House / apartment,-12937,-1610,1,0,0,0,Drivers,4
6069221,M,Y,Y,2,180000,Commercial associate,Secondary / secondary special,Married,House / apartment,-12937,-1610,1,0,0,0,Drivers,4
6070697,F,N,Y,0,67500,Working,Higher education,Married,House / apartment,-13730,-360,1,1,0,0,Laborers,2
6070775,M,Y,Y,3,157500,Working,Secondary / secondary special,Single / not married,House / apartment,-15600,-994,1,0,0,0,Drivers,5
6070895,F,Y,N,1,180000,Working,Secondary / secondary special,Single / not married,House / apartment,-12667,-294,1,0,0,0,,2
6070942,M,Y,N,1,283500,State servant,Secondary / secondary special,Married,Office apartment,-13087,-2209,1,0,0,0,Laborers,3
6071239,M,Y,Y,1,267750,Commercial associate,Secondary / secondary special,Married,House / apartment,-20698,-2606,1,0,0,0,Managers,3
6071277,F,N,N,0,292500,Commercial associate,Secondary / secondary special,Widow,House / apartment,-21521,-12225,1,0,0,0,Core staff,1
6073621,F,Y,Y,0,207000,Working,Higher education,Married,House / apartment,-11566,-3769,1,1,1,0,Managers,2
6073627,M,Y,N,0,207000,Working,Higher education,Married,House / apartment,-11566,-3769,1,1,1,0,Managers,2
6073703,M,N,N,1,112500,Commercial associate,Secondary / secondary special,Married,House / apartment,-10144,-1152,1,0,0,0,Sales staff,3
6073899,F,N,Y,0,112500,Pensioner,Higher education,Married,House / apartment,-20701,365243,1,0,0,1,,2
6073900,F,N,Y,0,112500,Pensioner,Higher education,Married,House / apartment,-20701,365243,1,0,0,1,,2
6073940,F,N,Y,0,90000,Working,Secondary / secondary special,Married,House / apartment,-19654,-2067,1,1,1,1,Sales staff,2
6073986,F,Y,Y,0,135000,Commercial associate,Secondary / secondary special,Single / not married,House / apartment,-15433,-361,1,1,0,0,Sales staff,1
6074036,F,Y,Y,1,225000,Commercial associate,Higher education,Married,House / apartment,-14432,-727,1,0,0,0,Managers,3
6074038,F,Y,Y,1,225000,Commercial associate,Higher education,Married,House / apartment,-14432,-727,1,0,0,0,Managers,3
6074039,F,Y,Y,1,225000,Commercial associate,Higher education,Single / not married,House / apartment,-14432,-727,1,0,0,0,Managers,3
6074120,M,N,Y,0,202500,Working,Secondary / secondary special,Married,House / apartment,-15601,-1881,1,1,1,0,Managers,2
6074307,M,N,Y,0,247500,Working,Secondary / secondary special,Separated,House / apartment,-16984,-6023,1,0,1,1,Cooking staff,1
6074431,M,Y,Y,1,450000,Commercial associate,Secondary / secondary special,Single / not married,House / apartment,-11423,-1638,1,0,0,0,Managers,2
6074544,M,Y,N,0,315000,Commercial associate,Secondary / secondary special,Separated,House / apartment,-13852,-2614,1,0,0,0,Drivers,1
6074770,F,N,N,0,157500,Working,Secondary / secondary special,Married,House / apartment,-13813,-177,1,0,0,0,Laborers,2
6074848,F,N,Y,0,225000,Pensioner,Higher education,Married,House / apartment,-20502,365243,1,0,0,0,,2
6074859,F,N,Y,0,90000,Working,Secondary / secondary special,Civil marriage,House / apartment,-11603,-2703,1,0,0,0,Managers,2
6074923,M,Y,Y,0,180000,Working,Secondary / secondary special,Married,House / apartment,-20120,-3616,1,0,0,1,Laborers,2
6076338,F,N,Y,0,90000,Commercial associate,Secondary / secondary special,Separated,House / apartment,-19563,-483,1,0,0,0,Core staff,1
6076456,M,N,Y,1,225000,Commercial associate,Secondary / secondary special,Married,House / apartment,-11956,-3678,1,0,0,1,High skill tech staff,3
6076650,F,Y,Y,2,112500,Working,Higher education,Married,House / apartment,-19819,-3374,1,0,0,0,Cleaning staff,4
6076659,F,Y,N,0,315000,Commercial associate,Secondary / secondary special,Married,House / apartment,-19694,-2828,1,0,0,0,Managers,2
6076878,F,N,Y,0,202500,Pensioner,Higher education,Married,House / apartment,-9863,-2381,1,0,0,0,Core staff,2
6076880,F,N,Y,0,202500,State servant,Higher education,Married,House / apartment,-9863,-2381,1,0,0,0,Core staff,2
6077064,F,Y,Y,1,360000,Working,Higher education,Single / not married,House / apartment,-12198,-2625,1,0,0,0,Accountants,2
6077273,F,N,Y,0,184500,Pensioner,Secondary / secondary special,Widow,House / apartment,-21266,365243,1,0,0,0,,1
6077411,M,Y,N,0,225000,Commercial associate,Secondary / secondary special,Civil marriage,House / apartment,-12126,-160,1,0,0,0,Sales staff,2
6077475,M,Y,Y,0,225000,Working,Secondary / secondary special,Married,House / apartment,-13160,-3842,1,0,0,0,Drivers,2
6077686,M,Y,Y,1,180000,Working,Incomplete higher,Married,House / apartment,-14994,-1225,1,0,0,0,Laborers,3
6077687,M,Y,Y,1,180000,Working,Incomplete higher,Married,House / apartment,-14994,-1225,1,0,0,0,Laborers,3
6077868,M,N,Y,0,225000,Working,Secondary / secondary special,Separated,Municipal apartment,-16473,-1466,1,0,0,0,Laborers,1
6078022,F,N,Y,1,247500,State servant,Lower secondary,Single / not married,House / apartment,-13899,-309,1,0,0,0,Medicine staff,3
6078050,F,N,Y,1,346500,Commercial associate,Secondary / secondary special,Married,House / apartment,-13039,-309,1,0,0,0,High skill tech staff,3
6078230,F,Y,N,1,135000,Working,Secondary / secondary special,Single / not married,With parents,-13027,-186,1,0,0,0,Sales staff,2
6078319,M,Y,Y,0,157500,Pensioner,Higher education,Single / not married,House / apartment,-12964,-1951,1,0,0,0,Laborers,1
6078326,M,Y,Y,0,157500,Pensioner,Higher education,Single / not married,House / apartment,-12964,-1951,1,0,0,0,Laborers,1
6078372,F,N,Y,0,171000,Pensioner,Secondary / secondary special,Married,House / apartment,-16564,-5299,1,0,0,0,,2
6078457,F,N,Y,0,157500,Pensioner,Secondary / secondary special,Separated,House / apartment,-20577,365243,1,0,0,0,,1
6078996,F,N,N,0,130500,Working,Secondary / secondary special,Married,House / apartment,-12905,-6013,1,0,0,0,Laborers,2
6079208,M,Y,Y,0,270000,Working,Secondary / secondary special,Single / not married,House / apartment,-14773,-626,1,0,0,0,Managers,1
6079244,F,N,Y,0,337500,Working,Higher education,Civil marriage,House / apartment,-14192,-1814,1,0,0,0,Sales staff,2
6079316,M,Y,Y,3,202500,Working,Incomplete higher,Single / not married,House / apartment,-12041,-961,1,0,0,0,Sales staff,4
6079317,F,Y,Y,3,202500,Working,Incomplete higher,Single / not married,House / apartment,-12041,-961,1,0,0,0,Sales staff,4
6079318,F,Y,Y,3,202500,Working,Incomplete higher,Single / not married,House / apartment,-12041,-961,1,0,0,0,Sales staff,1
6079335,M,Y,Y,0,247500,Working,Secondary / secondary special,Married,House / apartment,-19103,-169,1,0,0,0,Laborers,2
6079568,F,Y,Y,0,112500,Working,Secondary / secondary special,Married,House / apartment,-14167,-4340,1,0,1,0,Sales staff,2
6079766,F,N,N,0,225000,Pensioner,Secondary / secondary special,Widow,Office apartment,-22141,365243,1,0,0,0,,1
6079770,F,N,N,0,225000,Pensioner,Secondary / secondary special,Widow,Office apartment,-22141,365243,1,0,0,0,,1
6079935,F,Y,Y,1,112500,Working,Higher education,Married,House / apartment,-14178,-78,1,1,1,0,Accountants,1
6079973,M,Y,Y,0,135000,Working,Secondary / secondary special,Married,Rented apartment,-10306,-353,1,1,1,0,Drivers,2
6079974,M,Y,Y,0,135000,Working,Secondary / secondary special,Married,Rented apartment,-10306,-353,1,1,1,0,Drivers,2
6080163,M,Y,Y,1,90000,Working,Secondary / secondary special,Married,House / apartment,-16502,-8813,1,1,0,0,Drivers,3
6080194,M,Y,N,0,175500,Commercial associate,Higher education,Single / not married,With parents,-12440,-961,1,0,0,0,Sales staff,1
6082155,M,Y,Y,2,157500,Working,Secondary / secondary special,Civil marriage,House / apartment,-18262,-179,1,0,0,0,Laborers,4
6082292,F,N,Y,0,112500,Pensioner,Secondary / secondary special,Married,House / apartment,-22000,365243,1,0,1,0,,2
6082332,F,N,Y,1,202500,Pensioner,Higher education,Separated,House / apartment,-12723,-2400,1,0,0,1,Accountants,2
6082376,F,N,Y,0,90000,Pensioner,Secondary / secondary special,Married,House / apartment,-22195,365243,1,0,0,0,,2
6086953,F,N,Y,0,157500,Working,Secondary / secondary special,Separated,House / apartment,-17018,-1971,1,0,0,0,Sales staff,1
6087138,F,N,N,0,112500,Working,Secondary / secondary special,Married,House / apartment,-16190,-1667,1,0,0,0,Core staff,2
6087139,F,N,Y,2,72000,Working,Secondary / secondary special,Married,House / apartment,-14458,-418,1,1,0,0,Sales staff,4
6087140,F,N,Y,2,72000,Working,Secondary / secondary special,Married,House / apartment,-14458,-418,1,1,0,0,Sales staff,4
6087196,F,N,Y,0,112500,Pensioner,Secondary / secondary special,Married,House / apartment,-20612,365243,1,0,0,0,,2
6087199,F,N,Y,0,112500,Pensioner,Secondary / secondary special,Married,House / apartment,-20612,365243,1,0,0,0,,2
6087350,F,N,Y,0,225000,Working,Secondary / secondary special,Separated,House / apartment,-15768,-1089,1,0,0,0,,1
6087588,F,Y,N,1,373500,Commercial associate,Secondary / secondary special,Single / not married,House / apartment,-15900,-1089,1,0,1,1,Managers,3
6087589,F,Y,N,1,373500,Commercial associate,Secondary / secondary special,Married,House / apartment,-15900,-1089,1,0,1,0,Managers,3
6087592,F,Y,N,1,373500,Commercial associate,Secondary / secondary special,Single / not married,House / apartment,-15900,-1089,1,0,1,1,Managers,3
6087613,F,N,Y,0,121500,Working,Secondary / secondary special,Married,House / apartment,-17919,-1879,1,0,0,0,High skill tech staff,2
6087614,F,N,Y,0,121500,Working,Secondary / secondary special,Married,House / apartment,-17919,-1879,1,0,0,0,High skill tech staff,2
6087618,F,N,Y,0,121500,Working,Secondary / secondary special,Married,House / apartment,-17919,-1879,1,0,0,0,High skill tech staff,2
6087641,F,N,Y,1,360000,Pensioner,Higher education,Civil marriage,House / apartment,-13569,-571,1,1,0,0,Core staff,3
6088395,M,N,N,2,202500,Working,Secondary / secondary special,Married,House / apartment,-12058,-542,1,1,0,1,Laborers,4
6088595,F,N,N,0,135000,Working,Secondary / secondary special,Married,House / apartment,-19707,-3494,1,1,1,0,Private service staff,2
6088610,M,N,N,0,270000,Working,Secondary / secondary special,Married,House / apartment,-19366,-450,1,0,1,0,Laborers,2
6088689,F,N,Y,0,90000,Pensioner,Secondary / secondary special,Married,House / apartment,-22195,365243,1,0,0,0,,2
6089150,F,N,N,0,171000,Working,Higher education,Married,House / apartment,-16542,-3617,1,0,0,0,,2
6089152,F,N,Y,0,171000,Working,Higher education,Married,House / apartment,-16542,-3617,1,0,0,0,,2
6089153,F,N,Y,0,171000,Working,Higher education,Married,House / apartment,-16542,-3617,1,0,0,0,,2
6089346,F,Y,Y,1,180000,Commercial associate,Higher education,Single / not married,House / apartment,-18206,-3617,1,0,0,0,Core staff,3
6089349,F,Y,Y,1,180000,Commercial associate,Higher education,Married,House / apartment,-18206,-3617,1,0,0,0,Core staff,3
6089419,F,Y,Y,0,135000,Commercial associate,Secondary / secondary special,Married,House / apartment,-14880,-2217,1,1,1,0,Secretaries,2
6089845,F,N,N,0,202500,Pensioner,Secondary / secondary special,Married,House / apartment,-18143,365243,1,0,0,0,,2
6089846,F,N,Y,0,202500,Pensioner,Secondary / secondary special,Married,House / apartment,-18143,365243,1,0,0,0,,2
6090078,F,Y,N,0,90000,Pensioner,Higher education,Married,House / apartment,-20794,365243,1,0,0,0,,2
6090080,F,Y,N,0,90000,Pensioner,Higher education,Single / not married,House / apartment,-20794,365243,1,0,0,0,,2
6090083,F,Y,N,0,90000,Pensioner,Higher education,Married,House / apartment,-20794,365243,1,0,0,0,,2
6090085,F,Y,N,0,90000,Pensioner,Higher education,Married,House / apartment,-20794,365243,1,0,0,0,,2
6090087,F,Y,N,0,90000,Pensioner,Higher education,Married,House / apartment,-20794,365243,1,0,0,0,,2
6090262,F,N,Y,1,67500,Working,Secondary / secondary special,Married,House / apartment,-17934,-1638,1,0,0,1,Cleaning staff,1
6090292,M,Y,Y,1,126000,Working,Higher education,Married,House / apartment,-11884,-1456,1,0,1,1,,3
6090478,M,N,Y,1,135000,Pensioner,Secondary / secondary special,Married,House / apartment,-16876,-9430,1,0,0,1,Laborers,3
6090988,M,N,Y,0,112500,State servant,Secondary / secondary special,Single / not married,House / apartment,-15022,-2037,1,0,0,0,Medicine staff,1
6091191,F,N,Y,0,157500,Pensioner,Secondary / secondary special,Married,House / apartment,-21058,365243,1,0,0,0,,2
6091312,M,Y,N,0,126000,Commercial associate,Secondary / secondary special,Single / not married,With parents,-12396,-5216,1,0,0,0,Laborers,1
6091314,F,Y,N,0,126000,Commercial associate,Secondary / secondary special,Single / not married,With parents,-12396,-5216,1,0,0,0,Laborers,1
6091459,F,Y,Y,0,202500,Working,Higher education,Married,House / apartment,-22578,-41,1,0,0,0,Core staff,2
6091460,F,Y,Y,0,202500,Working,Higher education,Married,House / apartment,-22578,-41,1,0,0,0,Core staff,2
6092055,M,N,Y,0,180000,Working,Secondary / secondary special,Married,House / apartment,-18344,-2765,1,0,1,0,Core staff,2
6092251,F,Y,Y,0,180000,Pensioner,Secondary / secondary special,Widow,House / apartment,-22004,365243,1,0,0,0,,1
6092402,F,N,Y,1,157500,Commercial associate,Secondary / secondary special,Married,House / apartment,-16910,-4956,1,0,0,0,Laborers,3
6092579,F,N,Y,0,225000,Working,Higher education,Separated,House / apartment,-19084,-543,1,0,1,1,Accountants,1
6092856,F,N,Y,0,342000,Pensioner,Higher education,Civil marriage,House / apartment,-21744,365243,1,0,1,1,,2
6093712,F,N,N,0,26100,Pensioner,Secondary / secondary special,Married,House / apartment,-21003,365243,1,0,0,0,,2
6093849,M,N,N,0,135000,Working,Secondary / secondary special,Married,House / apartment,-11788,-1217,1,1,0,0,Laborers,2
6094224,M,N,N,2,126000,Working,Secondary / secondary special,Married,House / apartment,-12257,-1125,1,0,0,0,High skill tech staff,4
6098559,M,Y,Y,0,225000,Working,Secondary / secondary special,Married,House / apartment,-13295,-2595,1,0,0,1,Laborers,2
6098785,M,Y,N,0,270000,Working,Secondary / secondary special,Single / not married,With parents,-8755,-1286,1,0,0,0,Low-skill Laborers,1
6098786,M,Y,N,0,270000,Working,Secondary / secondary special,Single / not married,With parents,-8755,-1286,1,0,0,0,Low-skill Laborers,1
6098787,M,Y,N,0,270000,Working,Secondary / secondary special,Single / not married,With parents,-8755,-1286,1,0,0,0,Low-skill Laborers,1
6098788,M,Y,N,0,270000,Working,Secondary / secondary special,Single / not married,With parents,-8755,-1286,1,0,0,0,Low-skill Laborers,1
6098800,F,N,Y,0,225000,Pensioner,Secondary / secondary special,Married,House / apartment,-23260,365243,1,0,0,0,,2
6098802,F,N,Y,0,225000,Pensioner,Secondary / secondary special,Married,House / apartment,-23260,365243,1,0,0,0,,2
6098803,F,N,Y,0,225000,Pensioner,Secondary / secondary special,Married,House / apartment,-23260,365243,1,0,0,0,,2
6098934,M,Y,N,0,144000,Commercial associate,Secondary / secondary special,Married,House / apartment,-14845,-1620,1,0,0,0,Drivers,2
6098935,M,Y,N,0,144000,Commercial associate,Secondary / secondary special,Married,House / apartment,-14845,-1620,1,0,0,0,Drivers,2
6098936,M,Y,N,0,144000,Commercial associate,Secondary / secondary special,Married,House / apartment,-14845,-1620,1,0,0,0,Drivers,2
6099075,M,Y,Y,0,247500,Commercial associate,Higher education,Married,House / apartment,-19160,-4512,1,0,1,1,Laborers,2
6099080,M,Y,Y,0,247500,Commercial associate,Higher education,Married,House / apartment,-19160,-4512,1,0,1,1,Laborers,2
6099086,M,Y,Y,0,225000,Working,Higher education,Married,House / apartment,-12192,-2716,1,1,0,0,Managers,2
6099186,F,Y,Y,2,157500,Commercial associate,Secondary / secondary special,Married,House / apartment,-12910,-1773,1,0,0,0,Laborers,1
6099301,M,N,N,0,162000,Working,Higher education,Married,With parents,-11917,-3051,1,0,1,0,Core staff,2
6099556,M,Y,Y,0,202500,Working,Higher education,Civil marriage,House / apartment,-15257,-6863,1,0,0,0,Managers,2
6100156,M,N,N,0,121500,Working,Secondary / secondary special,Married,House / apartment,-14144,-3209,1,0,0,0,,2
6100300,M,N,Y,0,112500,Working,Secondary / secondary special,Married,House / apartment,-16129,-2478,1,0,0,0,Sales staff,2
6100353,M,Y,Y,1,180000,Working,Higher education,Married,House / apartment,-17386,-7926,1,0,0,0,,3
6100354,M,Y,Y,1,180000,Working,Higher education,Married,House / apartment,-17386,-7926,1,0,0,0,,3
6100579,F,N,N,0,94500,State servant,Higher education,Single / not married,Municipal apartment,-12189,-895,1,0,0,0,Core staff,2
6100726,M,Y,Y,0,112500,Working,Secondary / secondary special,Married,House / apartment,-9540,-438,1,0,0,0,Laborers,2
6100733,F,N,Y,0,63000,Working,Secondary / secondary special,Civil marriage,House / apartment,-11820,-3999,1,0,0,0,Laborers,2
6100734,F,N,Y,0,63000,Working,Secondary / secondary special,Civil marriage,House / apartment,-11820,-3999,1,0,0,0,Laborers,2
6100778,F,N,N,0,225000,Working,Secondary / secondary special,Separated,Municipal apartment,-15424,-2233,1,0,0,0,,1
6100874,M,Y,Y,1,202500,Working,Secondary / secondary special,Civil marriage,House / apartment,-14121,-1656,1,1,1,0,Laborers,1
6100876,M,Y,Y,1,202500,Working,Secondary / secondary special,Civil marriage,House / apartment,-14121,-1656,1,1,1,0,Laborers,1
6100901,M,Y,Y,0,112500,Commercial associate,Secondary / secondary special,Single / not married,House / apartment,-21061,-10057,1,0,1,1,Drivers,2
6100976,F,Y,Y,0,90000,State servant,Secondary / secondary special,Single / not married,House / apartment,-18131,-195,1,0,0,0,Medicine staff,2
6101080,F,Y,N,2,166500,Commercial associate,Higher education,Married,House / apartment,-10461,-1160,1,1,0,0,Managers,4
6103159,F,N,Y,0,157500,Pensioner,Secondary / secondary special,Single / not married,House / apartment,-22161,365243,1,0,1,0,,1
6103161,F,N,Y,0,157500,Pensioner,Secondary / secondary special,Single / not married,House / apartment,-22161,365243,1,0,1,0,,1
6106513,F,N,N,0,202500,Pensioner,Secondary / secondary special,Married,House / apartment,-21385,365243,1,0,0,0,,2
6106546,M,Y,Y,0,90000,Working,Secondary / secondary special,Married,House / apartment,-16955,-3490,1,0,0,1,Laborers,2
6106686,M,Y,Y,2,202500,Working,Secondary / secondary special,Married,House / apartment,-12711,-1664,1,0,0,0,,4
6106806,M,N,Y,0,220500,Working,Secondary / secondary special,Married,House / apartment,-15303,-4221,1,0,0,1,Drivers,2
6106807,M,N,Y,0,220500,Working,Secondary / secondary special,Married,House / apartment,-15303,-4221,1,0,0,1,Drivers,2
6106862,M,Y,Y,0,310500,Commercial associate,Higher education,Married,House / apartment,-21113,-1603,1,0,1,0,Sales staff,2
6107446,F,N,Y,0,315000,Pensioner,Higher education,Separated,House / apartment,-18125,-2425,1,1,1,0,Managers,1
6107540,F,Y,Y,0,225000,Pensioner,Higher education,Married,House / apartment,-20542,365243,1,0,0,1,,2
6108035,M,Y,N,0,99000,Working,Secondary / secondary special,Married,House / apartment,-14213,-1423,1,0,0,0,,2
6108036,M,Y,N,0,99000,Working,Secondary / secondary special,Married,House / apartment,-14213,-1423,1,0,0,0,,2
6108039,M,Y,N,0,99000,Working,Secondary / secondary special,Married,House / apartment,-14213,-1423,1,0,0,0,,2
6108482,M,Y,Y,0,90000,Working,Secondary / secondary special,Civil marriage,House / apartment,-13252,-2853,1,0,0,0,Laborers,2
6108483,M,Y,Y,0,90000,Working,Secondary / secondary special,Civil marriage,House / apartment,-13252,-2853,1,0,0,0,Laborers,2
6108583,F,N,Y,0,337500,Working,Secondary / secondary special,Single / not married,House / apartment,-16725,-4100,1,0,0,0,Managers,2
6108588,F,N,Y,1,157500,Commercial associate,Secondary / secondary special,Single / not married,House / apartment,-12275,-1635,1,0,0,0,Sales staff,2
6108589,F,N,Y,1,157500,Commercial associate,Secondary / secondary special,Single / not married,House / apartment,-12275,-1635,1,0,0,0,Sales staff,2
6108605,M,N,Y,0,148500,Commercial associate,Secondary / secondary special,Single / not married,House / apartment,-19738,-1877,1,1,0,0,Laborers,1
6108606,M,N,Y,0,148500,Commercial associate,Secondary / secondary special,Single / not married,House / apartment,-19738,-1877,1,1,0,0,Laborers,1
6108656,F,N,Y,1,121500,Working,Higher education,Single / not married,House / apartment,-16656,-631,1,0,0,0,,2
6108762,M,N,Y,0,157500,State servant,Secondary / secondary special,Single / not married,House / apartment,-17024,-718,1,0,0,0,Cooking staff,1
6108765,M,N,Y,0,157500,State servant,Secondary / secondary special,Single / not married,House / apartment,-17024,-718,1,0,0,0,Cooking staff,1
6108767,F,N,N,0,157500,State servant,Secondary / secondary special,Single / not married,House / apartment,-17024,-718,1,0,0,0,Cooking staff,1
6109273,F,N,N,0,180000,Working,Higher education,Single / not married,With parents,-10052,-569,1,0,0,0,Medicine staff,1
6109291,M,N,Y,0,157500,Commercial associate,Secondary / secondary special,Single / not married,House / apartment,-11125,-3193,1,0,0,0,Managers,2
6109350,M,Y,Y,2,337500,Commercial associate,Higher education,Married,House / apartment,-13031,-513,1,0,0,1,Laborers,4
6109444,F,Y,N,0,225000,Working,Secondary / secondary special,Widow,House / apartment,-15275,-576,1,1,0,0,,1
6111128,M,N,Y,0,216000,Pensioner,Secondary / secondary special,Widow,House / apartment,-20024,365243,1,0,0,0,,1
6111162,M,N,Y,0,90000,Pensioner,Incomplete higher,Separated,House / apartment,-24129,365243,1,0,0,0,,1
6111186,F,N,Y,0,279000,Commercial associate,Secondary / secondary special,Married,House / apartment,-23197,-4198,1,0,0,0,Accountants,2
6111338,M,Y,N,1,225000,Working,Secondary / secondary special,Married,Rented apartment,-13605,-1798,1,1,1,0,Drivers,3
6111372,M,Y,N,0,63000,Working,Higher education,Married,House / apartment,-18977,-1037,1,0,1,0,,2
6112434,F,Y,N,0,112500,Pensioner,Secondary / secondary special,Married,House / apartment,-20947,365243,1,0,1,0,,2
6112436,F,Y,N,0,112500,Pensioner,Secondary / secondary special,Married,House / apartment,-20947,365243,1,0,1,0,,2
6112526,M,N,N,0,67500,Pensioner,Secondary / secondary special,Married,House / apartment,-21955,365243,1,0,1,0,,2
6112529,M,N,N,0,67500,Pensioner,Secondary / secondary special,Married,House / apartment,-21955,365243,1,0,1,0,,2
6112792,M,N,Y,1,315000,Working,Secondary / secondary special,Married,House / apartment,-17963,-2458,1,0,0,0,Core staff,3
6112851,F,Y,Y,2,225000,Working,Secondary / secondary special,Married,House / apartment,-12399,-2458,1,0,1,0,,4
6112855,F,Y,Y,2,225000,Working,Secondary / secondary special,Married,House / apartment,-12399,-2458,1,0,1,0,,4
6113801,F,Y,N,0,225000,Working,Secondary / secondary special,Widow,House / apartment,-15275,-576,1,1,0,0,,1
6113842,M,Y,Y,1,270000,Working,Incomplete higher,Married,House / apartment,-12328,-3163,1,0,0,0,Sales staff,3
6115380,F,N,N,0,270000,Working,Secondary / secondary special,Married,House / apartment,-21107,-460,1,0,0,0,Managers,2
6115922,M,Y,Y,0,225000,Commercial associate,Higher education,Single / not married,House / apartment,-11052,-794,1,0,0,0,High skill tech staff,1
6116043,M,Y,Y,0,270000,Pensioner,Higher education,Married,Rented apartment,-21478,-276,1,0,0,0,Drivers,2
6121251,M,Y,N,1,369000,State servant,Higher education,Married,House / apartment,-12724,-2509,1,0,0,0,Managers,1
6121409,M,Y,N,0,225000,Working,Secondary / secondary special,Married,House / apartment,-15138,-4244,1,0,0,0,High skill tech staff,2
6121606,F,N,N,0,135000,Working,Secondary / secondary special,Civil marriage,Rented apartment,-16721,-2661,1,0,1,0,,2
6121607,F,N,N,0,135000,Working,Secondary / secondary special,Civil marriage,Rented apartment,-16721,-2661,1,0,1,0,,2
6121611,F,N,N,0,135000,Working,Secondary / secondary special,Civil marriage,Rented apartment,-16721,-2661,1,0,1,0,,2
6122113,F,N,Y,0,143073,Pensioner,Secondary / secondary special,Single / not married,House / apartment,-19902,-1140,1,1,1,1,Cooking staff,1
6122243,F,N,N,1,238500,Working,Secondary / secondary special,Single / not married,House / apartment,-13842,-3483,1,0,0,0,Sales staff,2
6122343,F,Y,Y,0,315000,Commercial associate,Higher education,Married,House / apartment,-18459,-836,1,0,0,0,,2
6122484,F,N,Y,0,90000,Working,Secondary / secondary special,Separated,House / apartment,-17288,-865,1,0,0,1,Cooking staff,1
6122492,M,Y,Y,0,157500,Working,Secondary / secondary special,Civil marriage,House / apartment,-17377,-2207,1,0,0,0,Drivers,2
6122676,M,N,Y,0,265500,Pensioner,Secondary / secondary special,Separated,Municipal apartment,-22391,365243,1,0,0,0,,1
6122763,M,N,Y,0,112500,Pensioner,Secondary / secondary special,Married,House / apartment,-22000,365243,1,0,1,0,,2
6123010,M,Y,N,0,175500,Working,Secondary / secondary special,Married,House / apartment,-15210,-1122,1,1,1,0,Managers,2
6123013,M,Y,N,0,175500,Working,Secondary / secondary special,Married,House / apartment,-15210,-1122,1,1,1,0,Managers,2
6123015,M,Y,N,0,175500,Working,Secondary / secondary special,Married,House / apartment,-15210,-1122,1,1,1,0,Managers,2
6123016,M,Y,N,0,175500,Working,Secondary / secondary special,Married,House / apartment,-15210,-1122,1,1,1,0,Managers,2
6123171,F,N,N,1,121500,Working,Incomplete higher,Civil marriage,Office apartment,-15292,-117,1,0,0,0,Laborers,3
6123264,F,N,N,0,103500,Pensioner,Higher education,Married,House / apartment,-20235,365243,1,0,0,0,,2
6123268,F,Y,N,2,270000,Working,Higher education,Separated,House / apartment,-11129,-4013,1,1,0,0,Laborers,3
6123465,F,N,Y,0,135000,Working,Secondary / secondary special,Married,House / apartment,-19758,-11500,1,1,1,0,Laborers,2
6123596,M,N,N,0,112500,Pensioner,Secondary / secondary special,Single / not married,House / apartment,-20986,365243,1,0,1,0,,2
6123771,F,Y,Y,2,225000,State servant,Higher education,Married,House / apartment,-14839,-4013,1,0,1,0,Laborers,4
6123806,F,Y,Y,0,112500,Working,Secondary / secondary special,Married,House / apartment,-17977,-1334,1,1,1,0,Sales staff,2
6123807,M,N,Y,0,171000,Pensioner,Secondary / secondary special,Married,House / apartment,-23174,365243,1,0,1,0,,2
6123809,M,N,Y,0,171000,Pensioner,Secondary / secondary special,Married,House / apartment,-23174,365243,1,0,1,0,,2
6123810,M,N,Y,0,171000,Pensioner,Secondary / secondary special,Married,House / apartment,-23174,365243,1,0,1,0,,2
6124034,F,N,Y,0,315000,Working,Higher education,Widow,House / apartment,-18362,-7086,1,1,1,0,Accountants,1
6124123,F,N,Y,0,112500,Pensioner,Secondary / secondary special,Married,House / apartment,-22822,365243,1,0,0,0,,2
6125479,M,Y,Y,0,67500,Working,Secondary / secondary special,Married,House / apartment,-18846,-2569,1,1,1,0,Drivers,2
6125794,F,N,N,0,292500,Working,Secondary / secondary special,Civil marriage,House / apartment,-13289,-1260,1,0,0,0,Managers,2
6126235,M,Y,Y,0,202500,Working,Higher education,Married,House / apartment,-9738,-317,1,0,0,0,Laborers,2
6126295,F,Y,N,0,166500,State servant,Secondary / secondary special,Married,House / apartment,-16212,-7073,1,0,0,1,,2
6126354,F,N,Y,0,270000,Working,Secondary / secondary special,Separated,House / apartment,-17903,-2112,1,0,0,0,Sales staff,1
6127746,F,N,Y,0,157500,Working,Secondary / secondary special,Married,House / apartment,-18347,-1142,1,0,0,0,Laborers,2
6132264,F,N,Y,0,135000,Commercial associate,Secondary / secondary special,Single / not married,House / apartment,-20082,-4980,1,0,0,0,Accountants,1
6132653,F,N,Y,0,337500,Working,Higher education,Married,House / apartment,-19374,-147,1,0,1,0,,2
6132822,F,N,Y,0,247500,Pensioner,Secondary / secondary special,Widow,House / apartment,-23150,365243,1,0,0,0,,1
6132826,F,N,Y,0,247500,Pensioner,Secondary / secondary special,Widow,House / apartment,-23150,365243,1,0,0,0,,1
6132980,F,N,Y,0,119250,Pensioner,Secondary / secondary special,Single / not married,House / apartment,-22576,365243,1,0,0,0,,1
6133090,M,Y,Y,0,126000,Commercial associate,Incomplete higher,Married,House / apartment,-17159,-697,1,0,0,0,,2
6133260,F,Y,Y,2,202500,Commercial associate,Secondary / secondary special,Married,With parents,-11479,-4166,1,0,0,0,Core staff,4
6133320,F,N,Y,1,360000,Working,Higher education,Married,House / apartment,-10655,-2309,1,0,0,0,,3
6133386,F,Y,Y,2,157500,Working,Higher education,Married,House / apartment,-13943,-2523,1,0,0,0,Accountants,4
6133531,F,N,Y,0,135000,State servant,Secondary / secondary special,Married,House / apartment,-20019,-452,1,1,1,0,Accountants,2
6134205,F,N,Y,0,67500,Pensioner,Secondary / secondary special,Separated,House / apartment,-22543,365243,1,0,1,0,,1
6137215,M,Y,N,0,99000,Working,Secondary / secondary special,Married,House / apartment,-12299,-279,1,0,0,0,,2
6137217,M,Y,N,0,99000,Working,Secondary / secondary special,Married,House / apartment,-12299,-279,1,0,0,0,,2
6137362,M,N,N,0,112500,Working,Secondary / secondary special,Single / not married,House / apartment,-9961,-430,1,0,0,0,Laborers,1
6137499,F,N,N,2,112500,Working,Secondary / secondary special,Married,House / apartment,-13794,-4509,1,1,0,0,,4
6137664,M,N,N,0,45000,Working,Secondary / secondary special,Widow,House / apartment,-9592,-1014,1,0,1,0,Drivers,1
6138019,M,Y,N,0,135000,State servant,Higher education,Separated,House / apartment,-20289,-2109,1,0,0,0,Laborers,1
6138023,M,Y,N,0,135000,State servant,Higher education,Separated,House / apartment,-20289,-2109,1,0,0,0,Laborers,1
6138086,F,N,Y,0,67500,Pensioner,Secondary / secondary special,Married,House / apartment,-19920,365243,1,0,0,0,,2
6138087,F,N,Y,0,67500,Pensioner,Secondary / secondary special,Married,House / apartment,-19920,365243,1,0,0,0,,2
6138095,F,N,N,0,49500,Working,Secondary / secondary special,Married,House / apartment,-18545,-11547,1,1,0,0,Laborers,2
6138844,F,N,Y,0,225000,Pensioner,Higher education,Single / not married,House / apartment,-21019,365243,1,0,0,1,,1
6138945,F,N,N,0,112500,Working,Secondary / secondary special,Single / not married,House / apartment,-18598,-5852,1,0,0,0,High skill tech staff,1
6138947,F,N,N,0,112500,Working,Secondary / secondary special,Single / not married,House / apartment,-18598,-5852,1,0,0,0,High skill tech staff,1
6138948,F,N,N,0,112500,Working,Secondary / secondary special,Single / not married,House / apartment,-18598,-5852,1,0,0,0,High skill tech staff,1
6139261,M,N,N,0,225000,Pensioner,Secondary / secondary special,Married,House / apartment,-20276,365243,1,0,0,0,,2
6139321,F,Y,N,1,67500,Working,Secondary / secondary special,Married,With parents,-9890,-1985,1,0,0,0,Sales staff,3
6139677,M,Y,Y,0,157500,Working,Secondary / secondary special,Married,House / apartment,-17497,-373,1,0,0,0,Laborers,2
6140945,F,N,Y,0,202500,Commercial associate,Secondary / secondary special,Widow,House / apartment,-16710,-484,1,1,1,0,Laborers,1
6141239,F,Y,Y,0,202500,Commercial associate,Higher education,Civil marriage,House / apartment,-9326,-1717,1,0,0,1,Laborers,2
6143526,M,N,Y,0,180000,Commercial associate,Higher education,Married,House / apartment,-12211,-3738,1,0,0,0,,2
6143527,M,N,Y,0,180000,Commercial associate,Higher education,Married,House / apartment,-12211,-3738,1,0,0,0,,2
6143534,M,N,N,0,225000,Working,Secondary / secondary special,Married,House / apartment,-18513,-5207,1,1,1,1,Drivers,2
6143580,M,Y,N,1,202500,Commercial associate,Higher education,Married,House / apartment,-10622,-125,1,0,0,0,High skill tech staff,3
6143634,M,Y,N,0,360000,Working,Secondary / secondary special,Single / not married,House / apartment,-18012,-1472,1,0,0,0,Drivers,2
6143662,M,N,N,0,180000,Commercial associate,Higher education,Married,House / apartment,-21099,-612,1,1,0,0,High skill tech staff,2
6143663,M,N,N,0,180000,Commercial associate,Higher education,Single / not married,House / apartment,-21099,-612,1,1,0,0,High skill tech staff,2
6144114,F,Y,Y,1,144000,Working,Secondary / secondary special,Married,House / apartment,-19646,-4166,1,0,0,0,Accountants,3
6144305,F,Y,Y,2,324000,Working,Secondary / secondary special,Separated,House / apartment,-14058,-1563,1,1,0,0,Managers,3
6144480,F,Y,Y,3,90000,Working,Secondary / secondary special,Married,With parents,-13120,-1920,1,0,0,0,Cooking staff,5
6144625,F,N,N,0,90000,Working,Higher education,Separated,House / apartment,-15262,-5303,1,0,1,0,Accountants,1
6147560,F,N,Y,0,135000,Working,Secondary / secondary special,Single / not married,House / apartment,-16873,-714,1,0,0,0,,1
6147563,M,N,Y,2,225000,Working,Secondary / secondary special,Married,House / apartment,-13270,-5675,1,0,0,0,Laborers,4
6147588,F,N,Y,0,117000,Commercial associate,Secondary / secondary special,Married,House / apartment,-17708,-3514,1,0,0,0,Cleaning staff,2
6148006,F,N,Y,0,121500,Working,Higher education,Married,House / apartment,-19892,-12240,1,1,1,0,Core staff,2
6148234,F,Y,Y,0,135000,Commercial associate,Incomplete higher,Widow,House / apartment,-16326,-1130,1,1,1,0,Laborers,1
6152061,F,N,Y,0,112500,Working,Secondary / secondary special,Single / not married,House / apartment,-14781,-1077,1,0,0,0,High skill tech staff,1
6152534,M,N,N,1,315000,Working,Secondary / secondary special,Single / not married,With parents,-11536,-801,1,0,0,0,Drivers,2
6152695,F,N,Y,1,135000,Working,Secondary / secondary special,Married,House / apartment,-13858,-1290,1,0,0,1,Sales staff,3
6152698,F,N,Y,1,135000,Working,Secondary / secondary special,Married,House / apartment,-13858,-1290,1,0,0,1,Sales staff,3
6152846,M,Y,N,0,427500,Pensioner,Higher education,Married,House / apartment,-13504,-2806,1,1,1,0,Sales staff,2
6153818,F,N,Y,0,180000,Pensioner,Secondary / secondary special,Married,House / apartment,-21648,365243,1,0,1,0,,2
6153819,F,N,Y,0,180000,Pensioner,Secondary / secondary special,Married,House / apartment,-21648,365243,1,0,1,0,,2
6153824,F,N,Y,0,90000,Pensioner,Secondary / secondary special,Single / not married,House / apartment,-20823,365243,1,0,0,0,,1
6153990,F,N,Y,0,292500,Working,Secondary / secondary special,Civil marriage,House / apartment,-13810,-810,1,0,0,0,Laborers,2
6153992,F,N,Y,0,292500,Working,Secondary / secondary special,Civil marriage,House / apartment,-13810,-810,1,0,0,0,Laborers,2
6153998,M,Y,Y,0,270000,Pensioner,Secondary / secondary special,Married,Municipal apartment,-21780,-1755,1,0,0,1,Core staff,2
6154000,M,Y,Y,0,270000,Commercial associate,Secondary / secondary special,Married,Municipal apartment,-21780,-1755,1,0,0,1,Core staff,2
6154002,M,Y,Y,0,270000,Commercial associate,Secondary / secondary special,Married,Municipal apartment,-21780,-1755,1,0,0,1,Core staff,2
6154112,M,Y,N,1,283500,Pensioner,Secondary / secondary special,Married,Office apartment,-13087,-2209,1,0,0,0,Laborers,3
6154115,M,Y,N,1,283500,State servant,Secondary / secondary special,Married,Office apartment,-13087,-2209,1,0,0,0,Laborers,3
6154179,M,Y,Y,1,387000,Working,Higher education,Single / not married,House / apartment,-15884,-1176,1,0,0,0,Laborers,2
6154180,M,Y,Y,1,387000,Working,Higher education,Single / not married,House / apartment,-15884,-1176,1,0,0,0,Laborers,2
6154209,M,N,Y,1,315000,Working,Higher education,Married,Office apartment,-18915,-993,1,1,1,0,Drivers,3
6154298,M,N,N,2,144000,Working,Higher education,Married,House / apartment,-11676,-2377,1,0,0,0,Laborers,4
6154340,F,N,Y,0,81000,Commercial associate,Secondary / secondary special,Married,House / apartment,-17926,-399,1,0,0,0,Cooking staff,2
6154540,F,N,N,0,112500,Working,Higher education,Married,House / apartment,-17417,-2894,1,0,0,0,Core staff,2
6154638,M,Y,N,0,157500,Working,Secondary / secondary special,Civil marriage,With parents,-10441,-2863,1,0,0,0,Core staff,2
6154796,F,Y,N,0,157500,Pensioner,Secondary / secondary special,Single / not married,House / apartment,-23823,365243,1,0,0,0,,1
6155290,M,N,N,0,135000,Pensioner,Secondary / secondary special,Married,House / apartment,-20540,-2903,1,1,0,0,Laborers,2
6155296,M,Y,N,0,126000,Pensioner,Secondary / secondary special,Married,House / apartment,-22331,365243,1,0,0,0,,2
6158733,F,N,N,1,112500,Working,Secondary / secondary special,Single / not married,House / apartment,-9637,-241,1,0,0,0,Sales staff,2
6158887,M,Y,N,0,121500,State servant,Secondary / secondary special,Married,House / apartment,-22783,-1307,1,0,1,0,Laborers,2
6161301,M,N,Y,0,162000,Working,Secondary / secondary special,Married,House / apartment,-9223,-2535,1,0,0,1,Laborers,2
6161390,M,N,N,0,270000,Commercial associate,Incomplete higher,Married,House / apartment,-16119,-464,1,0,1,1,Managers,2
6161614,F,N,Y,1,90000,Working,Higher education,Separated,House / apartment,-17206,-829,1,0,1,0,,2
6161616,F,N,Y,1,90000,Working,Higher education,Separated,House / apartment,-17206,-829,1,0,1,0,,2
6161805,F,Y,Y,1,157500,Working,Secondary / secondary special,Married,House / apartment,-9968,-2767,1,0,0,0,Laborers,3
6162248,F,Y,Y,0,162000,Working,Secondary / secondary special,Civil marriage,House / apartment,-15348,-2371,1,1,0,0,Laborers,2
6162353,M,N,Y,0,121500,Working,Secondary / secondary special,Married,House / apartment,-18836,-1093,1,0,0,0,Medicine staff,2
6162356,F,N,Y,0,121500,Working,Secondary / secondary special,Married,House / apartment,-18836,-1093,1,0,0,0,Medicine staff,2
6162359,F,N,Y,0,121500,Working,Secondary / secondary special,Single / not married,House / apartment,-18836,-1093,1,0,0,0,Medicine staff,2
6162457,F,N,Y,1,157500,Working,Higher education,Civil marriage,House / apartment,-12209,-2098,1,0,0,1,Accountants,3
6162554,F,Y,Y,3,112500,Working,Higher education,Married,House / apartment,-12852,-1459,1,0,0,0,Laborers,5
6162607,M,Y,Y,0,292500,Working,Secondary / secondary special,Married,House / apartment,-16269,-3709,1,0,0,0,Laborers,2
6162761,M,Y,Y,0,270000,Commercial associate,Higher education,Single / not married,Municipal apartment,-13733,-5751,1,0,0,0,Core staff,2
6162809,F,N,Y,0,157500,Working,Higher education,Married,House / apartment,-13311,-879,1,0,0,0,Managers,2
6162906,F,N,Y,0,270000,Working,Secondary / secondary special,Single / not married,House / apartment,-12422,-3300,1,0,0,0,Core staff,1
6163008,F,N,N,1,112500,Working,Higher education,Civil marriage,With parents,-10767,-772,1,1,1,0,Core staff,3
6163077,M,Y,Y,2,180000,Commercial associate,Secondary / secondary special,Married,House / apartment,-12555,-226,1,0,0,0,Laborers,4
6163237,F,N,Y,2,292500,Commercial associate,Secondary / secondary special,Widow,House / apartment,-15674,-956,1,0,0,0,High skill tech staff,1
6163497,F,Y,N,2,157500,Working,Incomplete higher,Married,House / apartment,-10549,-584,1,0,0,0,Sales staff,4
6172218,M,Y,N,0,180000,Commercial associate,Secondary / secondary special,Civil marriage,House / apartment,-15511,-673,1,0,0,0,Managers,2
6172345,M,Y,N,0,360000,Working,Secondary / secondary special,Married,House / apartment,-17663,-7919,1,1,1,1,,2
6172871,M,N,N,0,180000,Commercial associate,Secondary / secondary special,Single / not married,House / apartment,-10215,-1100,1,0,0,0,Laborers,1
6172885,F,N,N,0,135000,Working,Secondary / secondary special,Married,House / apartment,-12655,-1404,1,0,1,0,Laborers,2
6172888,F,N,N,0,135000,Working,Secondary / secondary special,Married,House / apartment,-12655,-1404,1,0,1,0,Laborers,2
6173035,F,N,N,0,270000,Pensioner,Secondary / secondary special,Single / not married,House / apartment,-22467,365243,1,0,0,0,,1
6173037,F,N,N,0,270000,Pensioner,Secondary / secondary special,Single / not married,House / apartment,-22467,365243,1,0,0,0,,1
6173038,F,N,N,0,270000,Pensioner,Secondary / secondary special,Single / not married,House / apartment,-22467,365243,1,0,0,0,,1
6173567,M,N,N,0,135000,Working,Secondary / secondary special,Civil marriage,House / apartment,-10699,-400,1,1,1,0,Drivers,2
6184574,M,Y,N,0,270000,Pensioner,Secondary / secondary special,Civil marriage,House / apartment,-22369,365243,1,0,1,0,,2
6184577,M,Y,N,0,270000,Pensioner,Secondary / secondary special,Civil marriage,House / apartment,-22369,365243,1,0,1,0,,2
6184580,F,N,Y,1,126000,Working,Secondary / secondary special,Single / not married,House / apartment,-12129,-217,1,0,0,0,Laborers,3
6184584,F,N,Y,1,126000,Working,Secondary / secondary special,Married,House / apartment,-12129,-217,1,0,0,0,Laborers,3
6184586,F,N,Y,1,126000,Working,Secondary / secondary special,Married,House / apartment,-12129,-217,1,0,0,0,Laborers,3
6184663,M,Y,Y,1,202500,Working,Secondary / secondary special,Married,House / apartment,-16627,-2194,1,0,0,0,Drivers,3
6184834,F,N,Y,1,382500,Pensioner,Secondary / secondary special,Widow,House / apartment,-23168,365243,1,0,0,0,,2
6184838,M,N,Y,1,382500,Pensioner,Secondary / secondary special,Widow,House / apartment,-23168,365243,1,0,0,0,,2
6184957,F,Y,Y,0,166500,Working,Secondary / secondary special,Married,House / apartment,-21777,-1555,1,0,1,1,Managers,2
6185082,F,Y,Y,2,180000,Commercial associate,Higher education,Married,House / apartment,-12548,-4873,1,0,0,0,Accountants,4
6185126,M,Y,Y,0,180000,Working,Secondary / secondary special,Separated,House / apartment,-16187,-2986,1,0,0,0,Drivers,1
6186144,F,N,Y,1,148500,Working,Secondary / secondary special,Married,House / apartment,-14145,-935,1,0,0,0,High skill tech staff,3
6186182,F,N,Y,1,270000,State servant,Higher education,Single / not married,House / apartment,-15291,-7753,1,0,0,0,Laborers,3
6186292,F,Y,Y,1,225000,Commercial associate,Secondary / secondary special,Married,House / apartment,-15824,-3888,1,0,0,0,Managers,3
6186438,F,Y,Y,0,382500,Working,Secondary / secondary special,Widow,House / apartment,-13446,-2732,1,0,1,0,,1
6186439,F,Y,Y,0,382500,Working,Secondary / secondary special,Widow,House / apartment,-13446,-2732,1,0,1,0,,1
6186440,F,Y,Y,0,382500,Working,Secondary / secondary special,Widow,House / apartment,-13446,-2732,1,0,1,0,,1
6189254,F,N,N,1,81000,Working,Secondary / secondary special,Married,With parents,-12707,-5045,1,0,0,0,,3
6189594,M,Y,Y,0,153000,Pensioner,Secondary / secondary special,Married,House / apartment,-21732,365243,1,0,0,0,,2
6189682,M,Y,Y,0,180000,Working,Secondary / secondary special,Civil marriage,House / apartment,-15984,-1058,1,0,0,0,Laborers,2
6189782,F,N,Y,0,157500,Pensioner,Secondary / secondary special,Single / not married,House / apartment,-20074,365243,1,0,0,0,,1
6189891,M,Y,N,0,202500,Working,Secondary / secondary special,Married,House / apartment,-14059,-867,1,1,0,0,Drivers,2
6189893,M,Y,N,0,202500,Working,Secondary / secondary special,Married,House / apartment,-14059,-867,1,1,0,0,Drivers,2
6191956,F,Y,Y,2,315000,Working,Higher education,Married,House / apartment,-14864,-3311,1,1,1,0,Managers,4
6192075,M,Y,Y,0,184500,Commercial associate,Secondary / secondary special,Civil marriage,House / apartment,-9646,-3099,1,1,0,0,Drivers,2
6192076,M,Y,Y,0,184500,Commercial associate,Secondary / secondary special,Civil marriage,House / apartment,-9646,-3099,1,1,0,0,Drivers,2
6192077,M,Y,N,0,184500,Pensioner,Secondary / secondary special,Civil marriage,House / apartment,-9646,-3099,1,1,0,0,Drivers,2
6192080,M,Y,Y,0,184500,Commercial associate,Secondary / secondary special,Civil marriage,House / apartment,-9646,-3099,1,1,0,0,Drivers,2
6192082,M,Y,Y,0,184500,Commercial associate,Secondary / secondary special,Civil marriage,House / apartment,-9646,-3099,1,1,0,0,Drivers,2
6192369,M,N,N,1,202500,Commercial associate,Secondary / secondary special,Married,With parents,-9603,-238,1,0,0,0,Drivers,3
6192406,M,Y,Y,0,315000,Commercial associate,Higher education,Separated,House / apartment,-21747,-4226,1,0,0,0,Drivers,1
6192408,M,Y,N,0,315000,Commercial associate,Higher education,Separated,House / apartment,-21747,-4226,1,0,0,0,Drivers,1
6192731,F,N,Y,0,121500,State servant,Higher education,Civil marriage,House / apartment,-17100,-7365,1,0,1,0,Core staff,2
6192732,F,N,Y,0,121500,Pensioner,Higher education,Civil marriage,House / apartment,-17100,-7365,1,0,1,0,Core staff,2
6192733,F,N,Y,0,121500,State servant,Higher education,Civil marriage,House / apartment,-17100,-7365,1,0,1,0,Core staff,2
6192772,F,Y,Y,1,67500,Commercial associate,Secondary / secondary special,Married,House / apartment,-14618,-1613,1,1,1,0,Sales staff,1
6192806,M,Y,Y,0,562500,Commercial associate,Higher education,Married,House / apartment,-15184,-5114,1,0,1,0,High skill tech staff,2
6192852,M,Y,Y,2,135000,Working,Higher education,Married,House / apartment,-12111,-2100,1,0,0,1,,4
6195687,F,N,N,0,135000,Working,Higher education,Single / not married,House / apartment,-10749,-2394,1,0,0,0,Laborers,1
6195690,F,N,N,0,135000,Working,Higher education,Single / not married,House / apartment,-10749,-2394,1,0,0,0,Laborers,1
6195691,F,N,N,0,135000,Working,Higher education,Single / not married,House / apartment,-10749,-2394,1,0,0,0,Laborers,1
6195692,M,N,N,0,135000,Working,Higher education,Single / not married,House / apartment,-10749,-2394,1,0,0,0,Laborers,1
6196118,F,N,N,0,225000,Working,Secondary / secondary special,Civil marriage,House / apartment,-15981,-8420,1,0,1,0,Core staff,2
6196119,F,N,N,0,225000,Working,Secondary / secondary special,Civil marriage,House / apartment,-15981,-8420,1,0,1,0,Core staff,2
6196210,F,Y,N,1,90000,Working,Secondary / secondary special,Married,House / apartment,-11275,-1968,1,1,1,0,Sales staff,1
6203112,F,N,Y,2,99000,Commercial associate,Incomplete higher,Married,House / apartment,-10931,-1965,1,0,0,0,Sales staff,4
6203143,M,Y,Y,1,292500,Commercial associate,Higher education,Married,House / apartment,-11981,-2179,1,0,0,1,High skill tech staff,3
6203235,F,N,Y,0,135000,Working,Secondary / secondary special,Civil marriage,House / apartment,-16634,-412,1,0,1,0,Cleaning staff,2
6203307,F,N,N,0,99000,Working,Secondary / secondary special,Married,House / apartment,-12571,-2788,1,1,1,0,,2
6203327,F,Y,N,0,135000,Commercial associate,Higher education,Married,House / apartment,-13561,-1873,1,1,1,0,Drivers,2
6206781,F,N,N,1,180000,Commercial associate,Secondary / secondary special,Civil marriage,Rented apartment,-10176,-2797,1,1,1,0,Laborers,3
6206787,M,Y,Y,0,157500,Working,Secondary / secondary special,Married,House / apartment,-20823,-1943,1,0,0,0,Laborers,2
6206790,M,Y,Y,0,157500,Working,Secondary / secondary special,Married,House / apartment,-20823,-1943,1,0,0,0,Laborers,2
6206804,F,Y,Y,2,180000,Working,Secondary / secondary special,Separated,House / apartment,-12575,-1943,1,0,1,0,Sales staff,3
6206805,F,Y,Y,2,180000,Working,Secondary / secondary special,Separated,House / apartment,-12575,-1943,1,0,1,0,Sales staff,3
6206899,M,Y,Y,3,157500,Working,Secondary / secondary special,Single / not married,House / apartment,-16307,-2736,1,0,0,0,Security staff,5
6206903,M,Y,N,3,157500,Working,Secondary / secondary special,Married,House / apartment,-16307,-2736,1,0,0,0,Security staff,5
6207281,F,N,N,1,90000,Pensioner,Lower secondary,Separated,Municipal apartment,-18827,365243,1,0,0,0,,2
6207293,F,N,Y,0,112500,Pensioner,Secondary / secondary special,Married,House / apartment,-15994,-635,1,0,0,0,Cooking staff,2
6207296,F,N,Y,0,112500,Commercial associate,Secondary / secondary special,Married,House / apartment,-15994,-635,1,0,0,0,Cooking staff,2
6207409,M,N,N,0,157500,Working,Secondary / secondary special,Married,House / apartment,-16715,-1852,1,0,0,0,Low-skill Laborers,2
6207538,M,Y,Y,1,117000,Working,Secondary / secondary special,Married,House / apartment,-18689,-209,1,0,1,0,Laborers,3
6207539,M,Y,Y,1,117000,Working,Secondary / secondary special,Single / not married,House / apartment,-18689,-209,1,0,1,0,Laborers,3
6207542,M,Y,Y,1,117000,Working,Secondary / secondary special,Married,House / apartment,-18689,-209,1,0,1,0,Laborers,3
6207545,M,Y,Y,1,117000,Working,Secondary / secondary special,Married,House / apartment,-18689,-209,1,0,1,0,Laborers,3
6207546,M,Y,Y,1,117000,Working,Secondary / secondary special,Married,House / apartment,-18689,-209,1,0,1,0,Laborers,3
6208329,M,Y,Y,1,337545,Working,Secondary / secondary special,Married,House / apartment,-10717,-1781,1,0,1,0,,3
6208332,M,Y,N,1,337545,Working,Secondary / secondary special,Married,House / apartment,-10717,-1781,1,0,1,0,,3
6208342,F,Y,Y,0,252000,Commercial associate,Higher education,Single / not married,House / apartment,-19161,-5188,1,0,0,0,,2
6208343,M,Y,Y,0,252000,Commercial associate,Higher education,Married,House / apartment,-19161,-5188,1,0,0,0,,2
6208539,M,N,Y,1,675000,State servant,Higher education,Single / not married,With parents,-14859,-3393,1,0,0,0,Core staff,2
6208711,F,N,Y,1,180000,Commercial associate,Secondary / secondary special,Single / not married,House / apartment,-12001,-3211,1,0,0,0,Laborers,3
6208766,F,N,Y,0,130500,Working,Secondary / secondary special,Single / not married,House / apartment,-20211,-1050,1,1,1,0,Sales staff,1
6208803,M,N,Y,0,247500,Working,Incomplete higher,Married,House / apartment,-15532,-774,1,0,0,1,Laborers,2
6208805,M,N,Y,0,247500,Working,Incomplete higher,Married,House / apartment,-15532,-774,1,0,0,1,Laborers,2
6209093,M,N,Y,1,135000,Working,Secondary / secondary special,Married,House / apartment,-10574,-259,1,0,0,0,High skill tech staff,3
6209232,M,Y,Y,0,252000,Working,Secondary / secondary special,Married,House / apartment,-17933,-3082,1,0,0,0,Drivers,2
6209335,F,N,N,0,135000,Working,Secondary / secondary special,Widow,House / apartment,-18802,-2687,1,0,0,0,Laborers,1
6209341,M,Y,N,2,112500,Working,Incomplete higher,Married,House / apartment,-15505,-3813,1,0,0,0,Managers,4
6209722,F,Y,N,1,180000,Working,Secondary / secondary special,Single / not married,House / apartment,-12667,-294,1,0,0,0,,2
6209820,F,Y,Y,0,373500,Working,Secondary / secondary special,Civil marriage,House / apartment,-20031,-2209,1,0,0,0,Laborers,2
6209821,F,Y,Y,0,373500,Working,Secondary / secondary special,Civil marriage,House / apartment,-20031,-2209,1,0,0,0,Laborers,2
6210110,M,Y,Y,0,270000,Working,Secondary / secondary special,Separated,House / apartment,-20390,-1420,1,0,1,0,Drivers,1
6210726,F,N,Y,0,270000,Working,Higher education,Married,House / apartment,-19319,-6808,1,0,0,0,Laborers,2
6210727,F,N,N,0,270000,Working,Higher education,Married,House / apartment,-19319,-6808,1,0,0,0,Laborers,2
6210824,F,N,Y,2,157500,Working,Secondary / secondary special,Separated,House / apartment,-14603,-3048,1,0,0,0,,3
6210912,F,N,Y,1,126000,Working,Secondary / secondary special,Single / not married,House / apartment,-17594,-368,1,0,0,0,Sales staff,2
6211098,M,Y,Y,0,315000,Pensioner,Secondary / secondary special,Single / not married,House / apartment,-15974,-1130,1,0,0,0,Managers,1
6211099,M,Y,Y,0,315000,Commercial associate,Secondary / secondary special,Single / not married,House / apartment,-15974,-1130,1,0,0,0,Managers,1
6211476,F,N,Y,1,135000,Working,Secondary / secondary special,Single / not married,House / apartment,-11386,-2975,1,0,0,0,Laborers,2
6211670,F,N,N,0,135000,Pensioner,Secondary / secondary special,Civil marriage,House / apartment,-19376,365243,1,0,1,0,,2
6211702,F,N,N,0,67500,Working,Secondary / secondary special,Widow,House / apartment,-18890,-1947,1,1,1,0,Medicine staff,1
6211703,F,N,N,0,67500,Working,Secondary / secondary special,Widow,House / apartment,-18890,-1947,1,1,1,0,Medicine staff,1
6211705,F,N,N,0,67500,Working,Secondary / secondary special,Widow,House / apartment,-18890,-1947,1,1,1,0,Medicine staff,1
6211708,F,N,N,0,67500,Working,Secondary / secondary special,Widow,House / apartment,-18890,-1947,1,1,1,0,Medicine staff,1
6211967,M,Y,Y,2,270000,Working,Secondary / secondary special,Single / not married,House / apartment,-13644,-2648,1,0,0,0,Drivers,4
6212036,F,N,Y,0,202500,Working,Secondary / secondary special,Widow,House / apartment,-19091,-1035,1,0,0,0,Cooking staff,1
6212171,F,Y,Y,1,225000,Commercial associate,Secondary / secondary special,Separated,House / apartment,-16733,-2343,1,1,1,0,Private service staff,2
6212175,F,Y,Y,1,225000,Commercial associate,Secondary / secondary special,Separated,House / apartment,-16733,-2343,1,1,1,0,Private service staff,2
6212550,M,N,Y,2,360000,State servant,Secondary / secondary special,Married,House / apartment,-11234,-3135,1,0,0,0,High skill tech staff,4
6212551,M,N,Y,2,360000,State servant,Secondary / secondary special,Married,House / apartment,-11234,-3135,1,0,0,0,High skill tech staff,4
6212552,M,N,Y,2,360000,State servant,Secondary / secondary special,Single / not married,House / apartment,-11234,-3135,1,0,0,0,High skill tech staff,4
6212784,M,N,Y,1,135000,Working,Secondary / secondary special,Married,House / apartment,-11457,-2951,1,0,0,0,Core staff,3
6212962,M,Y,Y,0,292500,Working,Higher education,Married,House / apartment,-21055,-808,1,0,0,0,Drivers,2
6213032,M,Y,Y,1,135000,Working,Lower secondary,Civil marriage,House / apartment,-14213,-566,1,0,1,0,Laborers,1
6213169,M,Y,Y,3,675000,Working,Higher education,Single / not married,House / apartment,-10922,-474,1,1,0,0,Managers,5
6213174,M,Y,Y,3,675000,Working,Higher education,Married,House / apartment,-10922,-474,1,1,0,0,Managers,5
6213504,M,N,Y,0,450000,Commercial associate,Higher education,Single / not married,House / apartment,-11961,-269,1,1,1,1,,1
6213508,M,N,Y,0,450000,Commercial associate,Higher education,Single / not married,House / apartment,-11961,-269,1,1,1,1,,1
6213509,M,N,Y,0,450000,Commercial associate,Higher education,Single / not married,House / apartment,-11961,-269,1,1,1,1,,1
6220712,M,Y,N,0,112500,Commercial associate,Secondary / secondary special,Married,House / apartment,-13030,-3527,1,0,1,0,,2
6220780,F,N,Y,0,135000,Commercial associate,Incomplete higher,Single / not married,Rented apartment,-10085,-210,1,0,1,1,Core staff,1
6221066,M,Y,Y,0,180000,Working,Secondary / secondary special,Married,House / apartment,-17428,-5294,1,1,1,0,,2
6221401,F,N,Y,0,202500,Pensioner,Secondary / secondary special,Widow,House / apartment,-22738,365243,1,0,0,0,,1
6221646,F,N,Y,0,360000,Pensioner,Secondary / secondary special,Separated,House / apartment,-23032,365243,1,0,0,0,,1
6222826,F,N,N,0,270000,Working,Secondary / secondary special,Married,House / apartment,-18782,-925,1,0,0,0,Core staff,2
6222838,F,N,N,2,112500,State servant,Higher education,Single / not married,House / apartment,-11604,-2721,1,0,0,1,Core staff,4
6222950,F,N,Y,1,180000,Working,Secondary / secondary special,Married,House / apartment,-19761,-3390,1,0,0,1,Accountants,3
6223095,M,Y,N,1,540000,Working,Higher education,Single / not married,Municipal apartment,-18229,-4984,1,0,1,0,Managers,3
6223097,M,Y,N,1,540000,Working,Higher education,Married,Municipal apartment,-18229,-4984,1,0,1,0,Managers,3
6223098,M,Y,N,1,540000,Working,Higher education,Married,Municipal apartment,-18229,-4984,1,0,1,0,Managers,1
6223148,F,N,Y,0,202500,Working,Secondary / secondary special,Civil marriage,House / apartment,-19680,-205,1,0,0,0,Security staff,2
6223607,F,N,Y,0,90000,Pensioner,Higher education,Married,House / apartment,-21482,365243,1,0,0,0,,2
6223940,F,N,N,0,121500,Working,Higher education,Married,House / apartment,-19421,-2975,1,1,1,0,,2
6224005,F,N,N,0,90000,Pensioner,Secondary / secondary special,Married,House / apartment,-20505,365243,1,0,1,0,,2
6224317,F,N,N,0,189000,Working,Secondary / secondary special,Civil marriage,House / apartment,-21045,-1910,1,0,0,0,Medicine staff,2
6224333,F,N,N,0,202500,Working,Incomplete higher,Married,House / apartment,-17498,-8881,1,1,1,0,Managers,2
6224575,M,N,N,0,135000,Working,Secondary / secondary special,Single / not married,House / apartment,-13610,-2855,1,0,1,0,Laborers,1
6224602,F,N,N,1,108000,Working,Higher education,Married,House / apartment,-12708,-2094,1,1,0,0,Accountants,1
6229450,F,Y,Y,0,585000,Pensioner,Higher education,Married,House / apartment,-10269,-1331,1,0,0,0,Managers,2
6229632,F,N,Y,0,121500,Pensioner,Secondary / secondary special,Single / not married,House / apartment,-23212,365243,1,0,0,0,,1
6229971,F,N,N,1,157500,Working,Higher education,Single / not married,House / apartment,-15074,-5545,1,0,0,1,Core staff,3
6229972,F,N,N,1,157500,Working,Higher education,Married,House / apartment,-15074,-5545,1,0,0,1,Core staff,3
6230031,F,Y,N,0,202500,Working,Higher education,Married,House / apartment,-18324,-3326,1,0,1,0,Core staff,2
6230262,M,Y,Y,0,157500,Commercial associate,Higher education,Married,House / apartment,-12806,-460,1,0,0,0,Laborers,2
6230282,F,Y,Y,0,225000,Working,Higher education,Single / not married,House / apartment,-11597,-3566,1,0,0,0,Sales staff,1
6230284,F,Y,Y,0,225000,Working,Higher education,Single / not married,House / apartment,-11597,-3566,1,0,0,0,Sales staff,1
6230526,F,N,Y,0,121500,Working,Higher education,Married,House / apartment,-19892,-12240,1,1,1,0,Core staff,2
6230848,F,N,Y,0,382500,Commercial associate,Higher education,Married,House / apartment,-18011,-4601,1,0,0,0,Managers,2
6230885,M,Y,Y,1,225000,Working,Secondary / secondary special,Married,House / apartment,-15187,-5361,1,0,0,0,Managers,1
6230942,M,Y,Y,0,189000,Commercial associate,Higher education,Married,House / apartment,-12003,-1283,1,0,0,0,,2
6230946,F,N,Y,0,126000,Pensioner,Higher education,Married,House / apartment,-20307,365243,1,0,0,0,,2
6230948,M,N,Y,0,126000,Pensioner,Higher education,Married,House / apartment,-20307,365243,1,0,0,0,,2
6230950,F,N,Y,0,126000,Pensioner,Higher education,Married,House / apartment,-20307,365243,1,0,0,0,,2
6230957,F,N,Y,0,126000,Pensioner,Higher education,Married,House / apartment,-20307,365243,1,0,0,0,,2
6231042,M,N,Y,0,360000,State servant,Higher education,Separated,House / apartment,-18320,-187,1,1,0,0,Core staff,1
6231067,F,N,Y,2,67500,Working,Secondary / secondary special,Married,House / apartment,-15435,-1801,1,1,1,1,Cooking staff,4
6231135,F,N,N,2,175500,Commercial associate,Higher education,Married,House / apartment,-16973,-1135,1,0,1,1,Sales staff,4
6231237,M,Y,Y,2,225000,Working,Secondary / secondary special,Married,House / apartment,-12030,-1409,1,0,1,0,Laborers,4
6231357,M,N,Y,0,90000,State servant,Higher education,Single / not married,With parents,-10346,-739,1,0,0,0,Secretaries,1
6231358,M,N,Y,0,90000,Pensioner,Higher education,Single / not married,With parents,-10346,-739,1,0,0,0,Secretaries,1
6231890,F,N,N,0,202500,Working,Secondary / secondary special,Widow,House / apartment,-20684,-2291,1,0,1,0,HR staff,1
6232762,M,N,Y,1,180000,Working,Higher education,Married,House / apartment,-10989,-3418,1,0,1,0,High skill tech staff,3
6233240,M,N,N,0,405000,Working,Higher education,Separated,House / apartment,-19068,-1111,1,0,0,0,Drivers,1
6233242,M,N,N,0,405000,Working,Higher education,Separated,House / apartment,-19068,-1111,1,0,0,0,Drivers,1
6233276,F,N,Y,0,144000,Commercial associate,Secondary / secondary special,Single / not married,With parents,-9794,-593,1,0,0,0,Core staff,1
6234222,F,N,N,1,247500,Commercial associate,Secondary / secondary special,Single / not married,House / apartment,-14405,-2756,1,1,0,0,High skill tech staff,2
6234380,F,N,N,0,135000,Pensioner,Higher education,Single / not married,House / apartment,-21345,365243,1,0,0,0,,2
6234381,F,N,N,0,135000,Pensioner,Higher education,Married,House / apartment,-21345,365243,1,0,0,0,,2
6234590,F,N,Y,1,193500,Commercial associate,Secondary / secondary special,Single / not married,House / apartment,-13005,-416,1,1,0,0,Laborers,3
6238861,M,N,Y,1,292500,Commercial associate,Incomplete higher,Married,House / apartment,-9137,-865,1,1,0,0,Managers,3
6238862,M,N,Y,1,292500,Commercial associate,Incomplete higher,Married,House / apartment,-9137,-865,1,1,0,0,Managers,3
6238864,M,N,Y,1,292500,Commercial associate,Incomplete higher,Married,House / apartment,-9137,-865,1,1,0,0,Managers,3
6238872,M,Y,Y,2,270000,Working,Higher education,Single / not married,House / apartment,-15665,-408,1,0,0,0,Drivers,4
6238881,F,N,N,0,202500,State servant,Secondary / secondary special,Separated,House / apartment,-15589,-4610,1,0,1,0,Medicine staff,1
6238885,F,N,Y,0,202500,State servant,Secondary / secondary special,Separated,House / apartment,-15589,-4610,1,0,1,0,Medicine staff,1
6238950,F,N,N,1,225000,Working,Secondary / secondary special,Married,House / apartment,-15592,-4061,1,0,0,0,,3
6238956,F,N,N,1,225000,Working,Secondary / secondary special,Married,House / apartment,-15592,-4061,1,0,0,0,,3
6239240,F,N,Y,1,144000,Working,Secondary / secondary special,Married,House / apartment,-13896,-3848,1,1,1,0,Laborers,1
6239242,F,N,N,1,144000,Working,Secondary / secondary special,Married,House / apartment,-13896,-3848,1,1,1,0,Laborers,1
6239257,M,Y,Y,0,135000,Commercial associate,Secondary / secondary special,Single / not married,House / apartment,-10479,-2723,1,0,1,1,Laborers,1
6239315,F,N,N,1,67500,Working,Secondary / secondary special,Married,House / apartment,-17487,-1657,1,0,0,0,,3
6239631,M,Y,Y,0,90000,Working,Secondary / secondary special,Married,House / apartment,-17869,-957,1,1,0,0,Drivers,2
6239632,M,Y,Y,0,90000,Working,Secondary / secondary special,Married,House / apartment,-17869,-957,1,1,0,0,Drivers,2
6239861,M,Y,Y,0,540000,Working,Secondary / secondary special,Single / not married,House / apartment,-13198,-2114,1,0,0,0,Sales staff,1
6241915,M,Y,Y,0,225000,Working,Secondary / secondary special,Single / not married,House / apartment,-11130,-2369,1,0,1,0,Laborers,1
6243290,F,Y,Y,0,157500,Pensioner,Secondary / secondary special,Single / not married,House / apartment,-17458,365243,1,0,1,1,,2
6243502,F,N,N,1,135000,Working,Incomplete higher,Single / not married,House / apartment,-13500,-1971,1,1,0,0,Managers,3
6244349,F,N,Y,1,171000,Working,Higher education,Married,House / apartment,-11546,-3585,1,1,0,0,High skill tech staff,3
6247356,F,Y,N,0,202500,Commercial associate,Higher education,Single / not married,House / apartment,-17306,-2906,1,0,0,0,,1
6247428,M,N,Y,0,135000,Pensioner,Secondary / secondary special,Widow,House / apartment,-20975,365243,1,0,1,0,,1
6247432,F,N,Y,0,135000,Pensioner,Secondary / secondary special,Widow,House / apartment,-20975,365243,1,0,1,0,,1
6247475,F,Y,Y,2,108000,Working,Higher education,Married,With parents,-11566,-2206,1,0,0,0,Laborers,4
6247603,F,N,N,1,135000,State servant,Secondary / secondary special,Married,With parents,-12186,-4702,1,0,0,0,Laborers,3
6247813,F,N,N,0,76500,Working,Secondary / secondary special,Married,Municipal apartment,-19931,-12311,1,0,0,0,Laborers,2
6247928,F,N,Y,0,202500,Pensioner,Secondary / secondary special,Separated,House / apartment,-20795,-3818,1,0,1,0,Laborers,1
6247976,F,Y,Y,0,148500,Pensioner,Secondary / secondary special,Single / not married,House / apartment,-21745,365243,1,0,1,0,,2
6248139,F,N,Y,0,166500,Working,Secondary / secondary special,Separated,House / apartment,-17951,-2084,1,0,1,0,Sales staff,1
6251478,F,N,Y,1,103500,Commercial associate,Higher education,Married,House / apartment,-9951,-690,1,0,0,0,Laborers,3
6251484,M,N,Y,0,202500,Working,Higher education,Married,House / apartment,-18615,-3946,1,0,1,0,Accountants,2
6251488,F,N,Y,0,202500,Working,Higher education,Married,House / apartment,-18615,-3946,1,0,1,0,Accountants,2
6251544,F,Y,Y,0,90000,Working,Secondary / secondary special,Separated,House / apartment,-13534,-2910,1,1,1,0,Laborers,1
6251559,F,N,Y,0,157500,State servant,Secondary / secondary special,Married,House / apartment,-13004,-2455,1,0,0,0,Cooking staff,2
6251561,F,N,N,0,157500,Pensioner,Secondary / secondary special,Married,House / apartment,-13004,-2455,1,0,0,0,Cooking staff,2
6251690,M,N,N,1,216000,Working,Secondary / secondary special,Married,House / apartment,-11559,-264,1,0,0,0,Laborers,3
6251696,M,N,N,1,216000,Working,Secondary / secondary special,Married,House / apartment,-11559,-264,1,0,0,0,Laborers,3
6251698,M,N,N,1,216000,Working,Secondary / secondary special,Married,House / apartment,-11559,-264,1,0,0,0,Laborers,3
6251820,F,Y,Y,1,135000,Working,Higher education,Single / not married,House / apartment,-15216,-7204,1,0,0,0,High skill tech staff,2
6251822,F,N,Y,0,67500,State servant,Secondary / secondary special,Married,House / apartment,-17344,-3885,1,0,1,0,,2
6252612,F,N,Y,1,90000,State servant,Secondary / secondary special,Married,House / apartment,-18283,-11204,1,0,1,0,Laborers,3
6258615,F,N,Y,0,108000,Working,Secondary / secondary special,Widow,House / apartment,-21560,-2698,1,0,1,0,,1
6258633,F,N,N,0,153000,Working,Secondary / secondary special,Married,House / apartment,-17683,-5042,1,0,0,0,,2
6258797,F,Y,N,2,180000,Commercial associate,Higher education,Single / not married,House / apartment,-10739,-1024,1,0,1,0,Laborers,4
6258966,M,N,Y,0,225000,Pensioner,Higher education,Married,House / apartment,-21253,365243,1,0,0,0,,2
6259182,M,N,N,0,180000,Commercial associate,Higher education,Single / not married,With parents,-9934,-460,1,1,1,0,Sales staff,1
6259195,F,Y,N,0,112500,Working,Secondary / secondary special,Single / not married,House / apartment,-13227,-1799,1,1,1,0,Drivers,1
6259200,F,Y,N,0,112500,Working,Secondary / secondary special,Single / not married,House / apartment,-13227,-1799,1,1,1,0,Drivers,1
6261447,F,Y,Y,0,382500,Working,Secondary / secondary special,Single / not married,House / apartment,-15266,-1051,1,0,0,1,Sales staff,2
6261488,F,N,Y,1,112500,Working,Secondary / secondary special,Single / not married,House / apartment,-13627,-4490,1,1,0,0,Accountants,2
6261489,F,N,Y,1,112500,Working,Secondary / secondary special,Single / not married,House / apartment,-13627,-4490,1,1,0,0,Accountants,2
6261490,F,N,N,1,112500,Working,Secondary / secondary special,Single / not married,House / apartment,-13627,-4490,1,1,0,0,Accountants,2
6261491,F,N,Y,1,112500,Working,Secondary / secondary special,Single / not married,House / apartment,-13627,-4490,1,1,0,0,Accountants,2
6261891,F,Y,Y,0,247500,Pensioner,Secondary / secondary special,Married,House / apartment,-21818,365243,1,0,0,0,,2
6262421,F,N,N,0,90000,Pensioner,Secondary / secondary special,Married,House / apartment,-20402,365243,1,0,0,0,,2
6262594,F,N,N,0,225000,Commercial associate,Secondary / secondary special,Separated,Municipal apartment,-19146,-4465,1,0,1,1,,1
6263766,F,N,Y,1,225000,Working,Higher education,Married,House / apartment,-10727,-1939,1,0,0,0,Managers,3
6264005,M,Y,Y,0,202500,Working,Secondary / secondary special,Married,House / apartment,-10893,-1278,1,0,0,0,Sales staff,2
6264010,M,Y,Y,0,202500,Working,Secondary / secondary special,Married,House / apartment,-10893,-1278,1,0,0,0,Sales staff,2
6264184,M,N,Y,0,157500,Working,Secondary / secondary special,Civil marriage,House / apartment,-10222,-1370,1,0,0,0,Sales staff,2
6264266,M,Y,N,0,193500,Commercial associate,Secondary / secondary special,Married,House / apartment,-19492,-121,1,0,0,0,,2
6264267,M,Y,Y,0,193500,Commercial associate,Secondary / secondary special,Married,House / apartment,-19492,-121,1,0,0,0,,2
6264268,M,Y,Y,0,193500,Commercial associate,Secondary / secondary special,Married,House / apartment,-19492,-121,1,0,0,0,,2
6264269,M,Y,Y,0,193500,Commercial associate,Secondary / secondary special,Married,House / apartment,-19492,-121,1,0,0,0,,2
6264270,M,Y,Y,0,193500,Commercial associate,Secondary / secondary special,Married,House / apartment,-19492,-121,1,0,0,0,,2
6264605,F,N,Y,1,189000,Working,Secondary / secondary special,Married,House / apartment,-14559,-2278,1,0,0,0,Laborers,3
6264655,M,Y,N,1,202500,Working,Secondary / secondary special,Married,House / apartment,-11887,-3558,1,1,1,0,Laborers,3
6264729,M,N,Y,2,135000,Commercial associate,Incomplete higher,Married,House / apartment,-12308,-359,1,0,0,0,Laborers,4
6264747,M,N,Y,3,211500,Working,Secondary / secondary special,Married,House / apartment,-12794,-3100,1,0,1,0,Drivers,5
6264873,F,N,Y,0,112500,Working,Secondary / secondary special,Married,House / apartment,-19002,-421,1,0,0,0,Laborers,2
6264877,M,N,Y,1,81000,Working,Secondary / secondary special,Civil marriage,House / apartment,-11403,-2491,1,0,0,0,,3
6268743,M,N,N,0,405000,Commercial associate,Secondary / secondary special,Married,House / apartment,-12022,-1889,1,0,1,0,Core staff,2
6268853,M,Y,Y,1,675000,Commercial associate,Higher education,Married,House / apartment,-10695,-398,1,0,0,0,,3
6268857,F,Y,Y,0,112500,Working,Secondary / secondary special,Married,House / apartment,-12394,-4903,1,1,1,0,Laborers,2
6270686,F,N,Y,0,225000,Pensioner,Secondary / secondary special,Single / not married,House / apartment,-21416,365243,1,0,0,0,,1
6270733,F,N,Y,0,135000,Working,Higher education,Single / not married,House / apartment,-13976,-3498,1,0,0,0,Sales staff,2
6270738,F,N,Y,0,112500,Pensioner,Secondary / secondary special,Married,House / apartment,-22192,365243,1,0,0,0,,2
6272108,M,N,N,0,225000,Pensioner,Secondary / secondary special,Separated,House / apartment,-19952,365243,1,0,1,0,,1
6272184,M,Y,N,2,157500,Working,Incomplete higher,Married,House / apartment,-11382,-787,1,1,1,0,Laborers,4
6272254,F,N,Y,1,121500,Working,Secondary / secondary special,Married,House / apartment,-14418,-3193,1,0,0,1,Laborers,1
6272319,F,Y,Y,3,112500,Working,Higher education,Married,House / apartment,-12852,-1459,1,0,0,0,Laborers,5
6272322,F,Y,Y,0,360000,Working,Secondary / secondary special,Single / not married,House / apartment,-12986,-2643,1,0,0,0,Realty agents,1
6272542,M,N,Y,0,157500,Working,Secondary / secondary special,Separated,House / apartment,-17018,-1971,1,0,0,1,Sales staff,1
6272691,M,N,N,1,180000,Commercial associate,Secondary / secondary special,Married,Rented apartment,-18564,-2187,1,0,1,0,Laborers,3
6272925,M,Y,Y,2,315000,Working,Secondary / secondary special,Married,House / apartment,-12603,-2855,1,0,0,0,Managers,1
6272936,F,N,Y,0,112500,Working,Secondary / secondary special,Married,House / apartment,-14466,-1182,1,0,0,0,,2
6273002,F,N,Y,0,202500,Pensioner,Secondary / secondary special,Married,House / apartment,-18143,365243,1,0,0,0,,2
6273004,F,N,N,0,202500,Pensioner,Secondary / secondary special,Married,House / apartment,-18143,365243,1,0,0,0,,2
6273118,F,N,N,0,202500,Working,Incomplete higher,Married,House / apartment,-17498,-8881,1,1,1,0,Managers,2
6273231,F,Y,Y,0,117000,Commercial associate,Secondary / secondary special,Married,House / apartment,-16148,-754,1,0,0,0,Sales staff,2
6273349,F,Y,N,1,315000,Working,Higher education,Separated,House / apartment,-13059,-4466,1,0,1,0,Accountants,2
6273895,F,N,Y,0,180000,State servant,Secondary / secondary special,Civil marriage,House / apartment,-16460,-3140,1,0,1,0,Medicine staff,2
6274162,F,N,N,0,67500,Working,Secondary / secondary special,Married,House / apartment,-10676,-888,1,0,0,1,Secretaries,2
6274190,F,N,Y,2,157500,Working,Higher education,Married,House / apartment,-13008,-492,1,0,0,0,Laborers,4
6274233,M,N,Y,0,90000,Commercial associate,Secondary / secondary special,Civil marriage,House / apartment,-16459,-704,1,1,0,0,Low-skill Laborers,2
6276709,M,Y,Y,0,292500,Working,Secondary / secondary special,Single / not married,House / apartment,-8666,-802,1,0,0,0,Sales staff,1
6276716,F,Y,Y,1,162000,Working,Higher education,Married,House / apartment,-16166,-6769,1,1,1,0,Core staff,3
6276731,F,Y,Y,0,225000,Commercial associate,Higher education,Civil marriage,House / apartment,-10851,-164,1,1,1,0,Sales staff,2
6276857,F,N,Y,0,112500,Working,Secondary / secondary special,Married,House / apartment,-21301,-2478,1,0,0,0,Cooking staff,2
6277672,F,Y,Y,1,382500,Working,Higher education,Married,House / apartment,-10175,-685,1,0,0,0,,3
6280442,M,N,Y,0,157500,Working,Secondary / secondary special,Married,House / apartment,-18128,-5020,1,1,1,0,Medicine staff,2
6280469,F,N,N,0,49500,Pensioner,Secondary / secondary special,Married,House / apartment,-21652,365243,1,0,1,0,,2
6280476,F,N,N,0,49500,Pensioner,Secondary / secondary special,Married,House / apartment,-21652,365243,1,0,1,0,,2
6280962,F,N,Y,0,112500,Pensioner,Secondary / secondary special,Single / not married,House / apartment,-21444,365243,1,0,0,0,,1
6280963,F,N,Y,0,112500,Pensioner,Secondary / secondary special,Single / not married,House / apartment,-21444,365243,1,0,0,0,,1
6281112,F,N,N,0,225000,Commercial associate,Higher education,Married,House / apartment,-19722,-2221,1,0,0,0,Accountants,2
6281201,M,N,Y,0,135000,Working,Higher education,Married,House / apartment,-19582,-882,1,0,1,0,Laborers,2
6281210,F,N,N,1,180000,Commercial associate,Lower secondary,Separated,Rented apartment,-16176,-152,1,0,0,0,Low-skill Laborers,2
6281442,F,N,N,0,90000,Pensioner,Secondary / secondary special,Widow,House / apartment,-20358,365243,1,0,0,0,,1
6281488,F,N,N,0,135000,Working,Secondary / secondary special,Single / not married,Office apartment,-13127,-2586,1,1,0,0,High skill tech staff,2
6282542,M,Y,Y,1,585000,Commercial associate,Higher education,Married,House / apartment,-12521,-368,1,1,0,0,Laborers,1
6282673,F,N,Y,1,135000,Working,Secondary / secondary special,Married,House / apartment,-11552,-1740,1,0,0,0,Private service staff,1
6282872,F,Y,N,1,157500,Commercial associate,Secondary / secondary special,Married,House / apartment,-13601,-521,1,0,0,0,Laborers,3
6282945,F,N,N,0,180000,Pensioner,Secondary / secondary special,Married,House / apartment,-20759,365243,1,0,0,0,,2
6282955,F,N,N,0,180000,Pensioner,Secondary / secondary special,Married,House / apartment,-20759,365243,1,0,0,0,,2
6288482,F,Y,Y,1,202500,Working,Secondary / secondary special,Married,House / apartment,-9883,-1586,1,0,0,0,Private service staff,3
6288483,F,Y,Y,1,202500,Working,Secondary / secondary special,Married,House / apartment,-9883,-1586,1,0,0,0,Private service staff,3
6288484,F,Y,Y,1,202500,Working,Secondary / secondary special,Single / not married,House / apartment,-9883,-1586,1,0,0,0,Private service staff,3
6288507,M,Y,Y,0,180000,Working,Secondary / secondary special,Married,House / apartment,-16805,-4934,1,0,0,0,Managers,2
6288512,M,Y,Y,0,180000,Working,Secondary / secondary special,Married,House / apartment,-16805,-4934,1,0,0,0,Managers,2
6288514,M,Y,N,0,180000,Working,Secondary / secondary special,Married,House / apartment,-16805,-4934,1,0,0,0,Managers,2
6288706,F,Y,N,3,112500,Commercial associate,Secondary / secondary special,Single / not married,House / apartment,-15076,-2499,1,0,0,0,Sales staff,5
6289789,M,Y,Y,0,225000,Pensioner,Secondary / secondary special,Single / not married,House / apartment,-22728,365243,1,0,1,0,,2
6289811,F,N,N,0,247500,Working,Secondary / secondary special,Married,Municipal apartment,-19923,-3229,1,0,0,0,Sales staff,2
6289952,M,Y,Y,0,225000,Commercial associate,Higher education,Married,House / apartment,-15079,-1858,1,0,0,0,Security staff,2
6289959,M,Y,Y,0,225000,Commercial associate,Higher education,Married,House / apartment,-15079,-1858,1,0,0,0,Security staff,2
6289960,M,Y,Y,0,225000,Commercial associate,Higher education,Married,House / apartment,-15079,-1858,1,0,0,0,Security staff,2
6290321,M,Y,Y,0,112500,Pensioner,Secondary / secondary special,Married,House / apartment,-22605,365243,1,0,1,0,,2
6291188,F,N,Y,0,162000,Working,Secondary / secondary special,Single / not married,House / apartment,-18426,-852,1,0,1,0,Core staff,1
6291292,F,N,Y,2,135000,Working,Secondary / secondary special,Married,House / apartment,-11006,-425,1,0,0,0,Laborers,4
6291452,F,N,Y,0,157500,Pensioner,Higher education,Widow,House / apartment,-20604,365243,1,0,1,0,,1
6292053,M,Y,Y,1,180000,Working,Higher education,Married,House / apartment,-12705,-2057,1,0,0,0,Sales staff,3
6292125,M,N,N,0,157500,Working,Secondary / secondary special,Married,House / apartment,-13713,-4461,1,0,0,0,,2
6292451,F,N,Y,1,216000,Working,Higher education,Married,House / apartment,-10341,-2026,1,0,0,1,Accountants,3
6292452,F,N,Y,1,216000,Working,Higher education,Married,House / apartment,-10341,-2026,1,0,0,1,Accountants,3
6293395,F,Y,Y,0,135000,Pensioner,Secondary / secondary special,Married,House / apartment,-20423,365243,1,0,1,0,,2
6293807,F,N,Y,0,76500,State servant,Secondary / secondary special,Separated,House / apartment,-23330,-3724,1,1,1,0,Accountants,1
6294106,F,N,Y,0,157500,Working,Secondary / secondary special,Separated,House / apartment,-10737,-3967,1,0,0,0,Sales staff,1
6294107,F,N,Y,0,157500,Working,Secondary / secondary special,Separated,House / apartment,-10737,-3967,1,0,0,0,Sales staff,1
6296792,M,Y,Y,1,189000,Working,Secondary / secondary special,Married,House / apartment,-10323,-905,1,0,0,0,Laborers,3
6297212,F,N,Y,0,225000,Working,Secondary / secondary special,Married,House / apartment,-20761,-13739,1,1,0,0,Laborers,2
6297290,F,N,Y,0,76500,Commercial associate,Secondary / secondary special,Married,House / apartment,-15869,-1474,1,1,1,0,Core staff,2
6297291,F,N,Y,0,76500,Commercial associate,Secondary / secondary special,Single / not married,House / apartment,-15869,-1474,1,1,1,0,Core staff,2
6297419,F,N,N,0,675000,Commercial associate,Higher education,Single / not married,House / apartment,-15031,-3755,1,1,1,0,Managers,1
6297511,F,N,Y,0,216000,Pensioner,Secondary / secondary special,Separated,House / apartment,-17326,365243,1,0,0,1,,1
6297726,M,N,N,1,135000,Working,Secondary / secondary special,Married,House / apartment,-11672,-560,1,0,0,0,High skill tech staff,3
6297736,M,N,Y,1,135000,Working,Secondary / secondary special,Married,House / apartment,-11672,-560,1,0,0,0,High skill tech staff,3
6297738,M,N,Y,1,135000,Working,Secondary / secondary special,Single / not married,House / apartment,-11672,-560,1,0,0,0,High skill tech staff,3
6304022,F,Y,Y,0,180000,Working,Secondary / secondary special,Married,House / apartment,-18270,-916,1,0,0,0,Sales staff,2
6304023,F,Y,Y,0,180000,Working,Secondary / secondary special,Married,House / apartment,-18270,-916,1,0,0,0,Sales staff,2
6304211,M,N,Y,0,202500,Working,Secondary / secondary special,Married,House / apartment,-13055,-3504,1,1,0,0,Laborers,2
6304288,F,Y,N,3,90000,Working,Secondary / secondary special,Married,With parents,-13120,-1920,1,0,0,0,Cooking staff,5
6304308,M,N,Y,0,202500,Commercial associate,Secondary / secondary special,Married,House / apartment,-15317,-3504,1,0,1,0,Laborers,2
6304383,F,Y,Y,0,306000,Working,Secondary / secondary special,Married,House / apartment,-17115,-8696,1,0,0,0,Core staff,2
6304386,F,Y,Y,0,306000,Working,Secondary / secondary special,Married,House / apartment,-17115,-8696,1,0,0,0,Core staff,2
6304390,F,Y,Y,0,306000,Working,Secondary / secondary special,Married,House / apartment,-17115,-8696,1,0,0,0,Core staff,2
6304422,M,N,N,0,108000,Working,Secondary / secondary special,Married,House / apartment,-14861,-933,1,1,1,0,Security staff,2
6304432,F,N,Y,0,112500,Working,Secondary / secondary special,Married,House / apartment,-20192,-7355,1,0,0,0,Cooking staff,2
6304524,F,N,Y,1,148500,Working,Secondary / secondary special,Single / not married,House / apartment,-10890,-3217,1,0,0,0,Laborers,2
6310287,M,N,Y,0,135000,Working,Higher education,Married,House / apartment,-15675,-759,1,1,1,0,Laborers,2
6311436,F,N,N,0,171000,Working,Secondary / secondary special,Single / not married,House / apartment,-19870,-2594,1,1,1,0,High skill tech staff,1
6311459,M,Y,Y,1,180000,Working,Incomplete higher,Married,House / apartment,-14994,-1225,1,0,0,0,Laborers,3
6311517,M,Y,Y,0,112500,Working,Higher education,Single / not married,House / apartment,-15517,-326,1,0,0,0,Managers,1
6311619,M,N,Y,0,247500,Commercial associate,Secondary / secondary special,Single / not married,House / apartment,-14417,-3337,1,0,1,0,Laborers,1
6312021,F,Y,Y,2,157500,State servant,Higher education,Married,House / apartment,-9789,-1422,1,0,1,1,Sales staff,4
6312329,M,Y,Y,1,337500,Working,Secondary / secondary special,Married,House / apartment,-12355,-112,1,0,0,0,Laborers,3
6312330,M,Y,Y,1,337500,Working,Secondary / secondary special,Married,House / apartment,-12355,-112,1,0,0,0,Laborers,3
6312363,M,N,Y,0,157500,Working,Secondary / secondary special,Married,House / apartment,-17938,-2638,1,0,1,0,Sales staff,2
6312367,F,N,Y,0,157500,Working,Secondary / secondary special,Married,House / apartment,-17938,-2638,1,0,1,0,Sales staff,2
6317044,M,N,Y,1,360000,Commercial associate,Higher education,Married,Municipal apartment,-11191,-3893,1,0,0,0,High skill tech staff,3
6317048,M,N,Y,1,180000,Commercial associate,Secondary / secondary special,Married,House / apartment,-10788,-2248,1,1,0,0,Drivers,3
6317050,M,N,Y,1,180000,Commercial associate,Secondary / secondary special,Married,House / apartment,-10788,-2248,1,1,0,0,Drivers,3
6317052,M,N,Y,1,180000,Commercial associate,Secondary / secondary special,Married,House / apartment,-10788,-2248,1,1,0,0,Drivers,3
6317053,M,N,Y,1,180000,Commercial associate,Secondary / secondary special,Married,House / apartment,-10788,-2248,1,1,0,0,Drivers,3
6317130,M,N,Y,0,135000,Working,Secondary / secondary special,Single / not married,House / apartment,-14592,-7880,1,0,0,0,Medicine staff,2
6317131,F,N,Y,0,135000,Working,Secondary / secondary special,Married,House / apartment,-14592,-7880,1,0,0,0,Medicine staff,2
6317151,M,N,N,0,225000,Working,Secondary / secondary special,Single / not married,House / apartment,-20927,-1184,1,0,0,0,Drivers,1
6317171,M,N,N,0,157500,Working,Secondary / secondary special,Single / not married,With parents,-12588,-5050,1,0,0,0,Laborers,1
6317172,M,N,N,0,157500,Working,Secondary / secondary special,Single / not married,With parents,-12588,-5050,1,0,0,0,Laborers,1
6317174,M,N,N,0,157500,Working,Secondary / secondary special,Single / not married,With parents,-12588,-5050,1,0,0,0,Laborers,1
6317204,M,Y,N,3,225000,State servant,Secondary / secondary special,Married,Municipal apartment,-15058,-3101,1,1,0,0,,5
6317311,M,Y,N,1,135000,Working,Lower secondary,Married,House / apartment,-16290,-941,1,0,0,0,Core staff,3
6317433,M,Y,N,0,225000,Working,Secondary / secondary special,Married,Municipal apartment,-12859,-4563,1,0,1,0,Managers,2
6317438,F,N,N,0,112500,Pensioner,Higher education,Married,House / apartment,-20630,365243,1,0,0,0,,2
6317439,F,N,N,0,112500,Pensioner,Higher education,Single / not married,House / apartment,-20630,365243,1,0,0,0,,2
6317440,F,N,N,0,112500,Pensioner,Higher education,Married,House / apartment,-20630,365243,1,0,0,0,,2
6317882,M,Y,Y,0,162000,Working,Secondary / secondary special,Married,House / apartment,-23430,-1488,1,0,0,0,Laborers,2
6317886,M,Y,N,0,162000,Working,Secondary / secondary special,Single / not married,House / apartment,-23430,-1488,1,0,0,0,Laborers,2
6317888,M,Y,Y,0,162000,Working,Secondary / secondary special,Married,House / apartment,-23430,-1488,1,0,0,0,Laborers,2
6317901,F,N,N,0,202500,Working,Secondary / secondary special,Civil marriage,House / apartment,-10569,-880,1,0,0,0,Sales staff,2
6317904,F,Y,Y,1,189000,Working,Secondary / secondary special,Married,House / apartment,-17552,-4716,1,0,0,0,Cleaning staff,3
6318034,M,N,N,1,157500,Working,Secondary / secondary special,Civil marriage,Rented apartment,-14641,-1706,1,0,0,0,Low-skill Laborers,3
6318144,M,Y,Y,1,157500,Working,Secondary / secondary special,Married,House / apartment,-9985,-3137,1,0,1,0,,3
6318169,F,N,N,0,135000,Working,Secondary / secondary special,Single / not married,House / apartment,-16743,-8066,1,0,1,0,Medicine staff,2
6318652,F,N,Y,0,216000,Pensioner,Higher education,Married,House / apartment,-21157,365243,1,0,1,0,,2
6318653,F,N,Y,0,216000,Pensioner,Higher education,Married,House / apartment,-21157,365243,1,0,1,0,,2
6331965,F,N,N,0,157500,Pensioner,Secondary / secondary special,Married,House / apartment,-20348,365243,1,0,0,0,,2
6332181,M,N,Y,0,135000,Working,Incomplete higher,Single / not married,House / apartment,-9138,-1813,1,0,0,0,,1
6332309,F,N,Y,0,202500,Pensioner,Higher education,Married,House / apartment,-10289,-977,1,0,1,0,Accountants,2
6336097,M,Y,Y,0,157500,Pensioner,Secondary / secondary special,Married,With parents,-10541,-1063,1,1,1,0,Drivers,2
6336371,M,Y,N,1,202500,Commercial associate,Secondary / secondary special,Married,House / apartment,-14643,-1429,1,0,0,0,Drivers,1
6340082,F,N,N,0,247500,Working,Secondary / secondary special,Married,House / apartment,-15534,-837,1,1,0,0,Cooking staff,2
6340257,F,N,N,0,90000,Working,Secondary / secondary special,Widow,House / apartment,-19530,-807,1,0,1,0,Sales staff,1
6345478,F,N,N,0,157500,Working,Secondary / secondary special,Married,Municipal apartment,-14472,-4826,1,0,1,0,Laborers,2
6345495,F,N,Y,0,184500,Pensioner,Secondary / secondary special,Married,House / apartment,-13052,365243,1,0,0,0,,2
6345496,F,N,Y,0,184500,Pensioner,Secondary / secondary special,Married,House / apartment,-13052,365243,1,0,0,0,,2
6345656,F,Y,Y,0,135000,Working,Higher education,Civil marriage,House / apartment,-12429,-852,1,1,0,0,Sales staff,2
6345657,F,Y,Y,0,135000,Working,Higher education,Civil marriage,House / apartment,-12429,-852,1,1,0,0,Sales staff,2
6345871,F,N,N,0,67500,Pensioner,Secondary / secondary special,Widow,House / apartment,-24082,365243,1,0,1,0,,1
6345873,F,N,N,0,67500,Pensioner,Secondary / secondary special,Widow,House / apartment,-24082,365243,1,0,1,0,,1
6345973,F,Y,Y,2,90000,Working,Secondary / secondary special,Married,House / apartment,-14367,-4201,1,0,1,0,High skill tech staff,4
6345975,F,Y,Y,2,90000,Working,Secondary / secondary special,Married,House / apartment,-14367,-4201,1,0,1,0,High skill tech staff,4
6345979,F,Y,Y,2,90000,Working,Secondary / secondary special,Married,House / apartment,-14367,-4201,1,0,1,0,High skill tech staff,4
6346017,M,Y,Y,0,112500,Working,Secondary / secondary special,Married,House / apartment,-14892,-7365,1,0,0,0,Laborers,2
6348309,M,N,N,0,180000,Working,Secondary / secondary special,Married,House / apartment,-16366,-4844,1,1,0,0,Laborers,2
6348310,M,N,N,0,180000,Working,Secondary / secondary special,Single / not married,House / apartment,-16366,-4844,1,1,0,0,Laborers,2
6348312,M,N,N,0,180000,Working,Secondary / secondary special,Married,House / apartment,-16366,-4844,1,1,0,0,Laborers,2
6348390,F,Y,N,0,166500,Working,Secondary / secondary special,Separated,House / apartment,-17724,-7585,1,0,1,0,,1
6351117,M,Y,Y,0,130500,Commercial associate,Secondary / secondary special,Married,House / apartment,-18809,-3792,1,0,0,0,,2
6351148,F,Y,N,1,180000,Working,Secondary / secondary special,Single / not married,House / apartment,-17294,-4400,1,1,1,0,Laborers,3
6351209,M,Y,Y,0,161307,Commercial associate,Secondary / secondary special,Single / not married,House / apartment,-10974,-1815,1,1,0,0,Sales staff,1
6351603,M,Y,N,0,315000,Commercial associate,Secondary / secondary special,Separated,House / apartment,-13852,-2614,1,0,0,0,Drivers,1
6351922,F,N,Y,0,189000,Pensioner,Secondary / secondary special,Widow,House / apartment,-21059,365243,1,0,0,0,,1
6352031,M,N,Y,1,112500,Commercial associate,Secondary / secondary special,Separated,House / apartment,-12661,-1610,1,0,0,0,Laborers,2
6357244,F,Y,Y,0,382500,Working,Higher education,Married,House / apartment,-18584,-2204,1,0,0,0,Accountants,2
6357320,M,Y,Y,0,450000,Pensioner,Higher education,Married,House / apartment,-23451,365243,1,0,0,0,,2
6357321,M,Y,Y,0,450000,Pensioner,Higher education,Married,House / apartment,-23451,365243,1,0,0,0,,2
6357472,F,N,Y,0,112500,Working,Secondary / secondary special,Single / not married,House / apartment,-17430,-529,1,0,0,0,Laborers,1
6357473,F,N,Y,0,112500,Working,Secondary / secondary special,Single / not married,House / apartment,-17430,-529,1,0,0,0,Laborers,1
6357900,M,Y,Y,0,157500,Commercial associate,Higher education,Married,House / apartment,-12806,-460,1,0,0,0,Laborers,2
6357913,F,N,N,2,90000,Working,Secondary / secondary special,Separated,House / apartment,-10777,-2346,1,1,0,0,Accountants,3
6358293,F,N,Y,0,202500,Working,Secondary / secondary special,Married,House / apartment,-18386,-3535,1,1,1,0,Medicine staff,2
6358333,M,Y,N,1,157500,Working,Secondary / secondary special,Single / not married,With parents,-14619,-613,1,0,0,0,,3
6358334,M,Y,N,1,157500,Working,Secondary / secondary special,Married,With parents,-14619,-613,1,0,0,0,,3
6358418,M,Y,N,0,126000,Pensioner,Secondary / secondary special,Married,House / apartment,-22257,365243,1,0,0,0,,2
6358419,M,Y,N,0,126000,Pensioner,Secondary / secondary special,Married,House / apartment,-22257,365243,1,0,0,0,,2
6358487,M,N,Y,1,135000,Commercial associate,Incomplete higher,Married,House / apartment,-13557,-1587,1,0,1,0,Core staff,3
6358488,F,N,Y,1,135000,Commercial associate,Incomplete higher,Married,House / apartment,-13557,-1587,1,0,1,0,Core staff,3
6362422,F,N,N,0,256500,Working,Secondary / secondary special,Married,House / apartment,-13801,-2797,1,1,0,1,,2
6363606,F,N,N,0,292500,Working,Secondary / secondary special,Single / not married,House / apartment,-19282,-303,1,0,0,1,,1
6366148,F,N,Y,0,157500,Working,Secondary / secondary special,Married,House / apartment,-10540,-2269,1,1,0,0,Laborers,2
6366151,F,N,Y,0,157500,Working,Secondary / secondary special,Married,House / apartment,-10540,-2269,1,1,0,0,Laborers,2
6366152,F,N,Y,0,157500,Working,Secondary / secondary special,Married,House / apartment,-10540,-2269,1,1,0,0,Laborers,2
6366519,F,N,N,0,144000,Commercial associate,Higher education,Separated,Rented apartment,-13691,-293,1,0,0,0,Laborers,1
6366610,F,N,N,0,157500,Pensioner,Secondary / secondary special,Single / not married,House / apartment,-22094,365243,1,0,1,0,,1
6366755,M,N,Y,2,180000,Working,Secondary / secondary special,Married,Co-op apartment,-10154,-2270,1,0,1,0,Laborers,4
6367691,F,N,Y,0,157500,Working,Secondary / secondary special,Married,House / apartment,-8363,-1185,1,0,1,0,,2
6367728,M,Y,Y,0,180000,Commercial associate,Higher education,Single / not married,House / apartment,-10191,-1033,1,0,0,0,HR staff,2
6367732,F,Y,Y,0,180000,Commercial associate,Higher education,Married,House / apartment,-10191,-1033,1,0,0,1,HR staff,2
6368152,F,N,N,2,135000,Working,Secondary / secondary special,Single / not married,Municipal apartment,-10191,-1399,1,0,0,0,Sales staff,3
6368153,F,N,N,2,135000,Working,Secondary / secondary special,Single / not married,Municipal apartment,-10191,-1399,1,0,0,1,Sales staff,3
6368657,F,N,Y,0,180000,Pensioner,Secondary / secondary special,Widow,House / apartment,-22074,365243,1,0,1,0,,1
6368817,M,Y,Y,1,157500,Working,Secondary / secondary special,Married,House / apartment,-12797,-5755,1,0,0,0,Laborers,3
6368842,M,Y,Y,0,180000,Working,Secondary / secondary special,Married,House / apartment,-18549,-2041,1,0,0,0,Drivers,2
6368843,M,Y,Y,0,180000,Working,Secondary / secondary special,Married,House / apartment,-18549,-2041,1,0,0,0,Drivers,2
6368957,F,N,Y,0,112500,Working,Higher education,Separated,House / apartment,-12188,-684,1,0,0,0,Managers,1
6372275,M,Y,Y,0,315000,Working,Secondary / secondary special,Married,House / apartment,-19537,-1472,1,1,1,0,Drivers,2
6372277,F,N,Y,0,90000,Working,Secondary / secondary special,Married,House / apartment,-19654,-2067,1,1,1,1,Sales staff,2
6372280,F,N,Y,0,90000,Working,Secondary / secondary special,Married,House / apartment,-19654,-2067,1,1,1,1,Sales staff,2
6372281,M,N,Y,0,90000,Working,Secondary / secondary special,Married,House / apartment,-19654,-2067,1,1,1,1,Sales staff,2
6373074,M,Y,N,0,180000,Commercial associate,Higher education,Civil marriage,With parents,-11488,-2630,1,0,0,0,,2
6376414,M,N,Y,1,225000,Working,Secondary / secondary special,Married,House / apartment,-17164,-9143,1,1,1,0,Laborers,3
6376416,M,N,N,1,225000,Working,Secondary / secondary special,Married,House / apartment,-17164,-9143,1,1,1,0,Laborers,3
6376418,M,N,Y,1,225000,Working,Secondary / secondary special,Married,House / apartment,-17164,-9143,1,1,1,0,Laborers,3
6376419,M,N,Y,1,225000,Working,Secondary / secondary special,Married,House / apartment,-17164,-9143,1,1,1,0,Laborers,3
6376420,M,N,Y,1,225000,Working,Secondary / secondary special,Married,House / apartment,-17164,-9143,1,1,1,0,Laborers,3
6376559,F,N,Y,0,135000,Working,Higher education,Married,House / apartment,-19042,-10820,1,0,0,0,Core staff,2
6388891,M,N,N,0,292500,Commercial associate,Secondary / secondary special,Widow,House / apartment,-21521,-12225,1,0,0,0,Core staff,1
6390596,M,N,Y,0,157500,Working,Higher education,Single / not married,House / apartment,-10254,-1392,1,0,0,1,,1
6390599,M,N,Y,0,157500,Working,Higher education,Single / not married,House / apartment,-10254,-1392,1,0,0,0,,1
6390619,F,N,Y,0,135000,Working,Secondary / secondary special,Widow,House / apartment,-19183,-1423,1,0,1,0,,1
6391332,F,Y,N,1,292500,Working,Higher education,Married,House / apartment,-14100,-1689,1,0,0,1,Core staff,3
6391365,F,Y,Y,1,270000,Pensioner,Higher education,Single / not married,House / apartment,-17309,-8202,1,1,1,0,Managers,2
6391370,F,Y,Y,0,382500,Commercial associate,Higher education,Married,House / apartment,-16052,-1658,1,0,1,1,,2
6391488,F,N,N,0,135000,State servant,Higher education,Single / not married,House / apartment,-16070,-6073,1,1,0,0,Core staff,1
6391582,M,N,N,1,157500,Pensioner,Secondary / secondary special,Married,House / apartment,-19019,365243,1,0,0,0,,3
6391663,F,N,N,0,58500,Working,Secondary / secondary special,Married,House / apartment,-19026,-8995,1,1,1,0,High skill tech staff,2
6391664,F,N,N,0,58500,Working,Secondary / secondary special,Married,House / apartment,-19026,-8995,1,1,1,0,High skill tech staff,2
6391676,M,N,N,0,58500,Working,Secondary / secondary special,Married,House / apartment,-19026,-8995,1,1,1,0,High skill tech staff,2
6391761,M,N,N,1,112500,Working,Secondary / secondary special,Separated,House / apartment,-13831,-1203,1,1,0,0,Laborers,2
6391764,M,N,N,1,112500,Working,Secondary / secondary special,Separated,House / apartment,-13831,-1203,1,1,0,0,Laborers,2
6391850,F,Y,N,0,180000,Working,Secondary / secondary special,Married,House / apartment,-12432,-76,1,1,1,0,,2
6391881,F,Y,N,0,157500,Working,Higher education,Single / not married,House / apartment,-10448,-1690,1,1,1,0,Accountants,1
6391917,M,Y,Y,2,130500,Working,Secondary / secondary special,Married,House / apartment,-11568,-1294,1,0,1,1,Drivers,4
6391921,M,Y,Y,2,130500,Working,Secondary / secondary special,Married,House / apartment,-11568,-1294,1,0,1,1,Drivers,4
6391957,M,N,Y,0,180000,Commercial associate,Secondary / secondary special,Married,House / apartment,-13164,-1203,1,0,0,0,Laborers,2
6391960,M,N,N,0,180000,Commercial associate,Secondary / secondary special,Married,House / apartment,-13164,-1203,1,0,0,0,Laborers,2
6391962,M,N,Y,0,180000,Commercial associate,Secondary / secondary special,Married,House / apartment,-13164,-1203,1,0,0,0,Laborers,2
6392428,F,N,Y,0,247500,Working,Secondary / secondary special,Separated,House / apartment,-19466,-1203,1,0,0,0,Sales staff,1
6394972,F,N,Y,0,112500,Working,Higher education,Married,House / apartment,-14696,-1481,1,0,0,0,Sales staff,2
6395473,F,N,Y,1,202500,Commercial associate,Secondary / secondary special,Married,House / apartment,-11972,-2100,1,0,0,0,,3
6395677,F,Y,Y,3,315000,Working,Secondary / secondary special,Single / not married,House / apartment,-11163,-2981,1,1,0,0,Drivers,5
6395984,F,Y,Y,0,112500,Working,Secondary / secondary special,Single / not married,House / apartment,-13731,-567,1,0,1,0,Core staff,2
6397783,F,N,Y,2,126000,Pensioner,Secondary / secondary special,Single / not married,House / apartment,-10459,-3824,1,0,1,0,Core staff,3
6397807,M,N,Y,2,360000,Commercial associate,Secondary / secondary special,Single / not married,House / apartment,-16014,-1360,1,0,0,1,Managers,4
6397856,F,Y,Y,0,90000,Working,Secondary / secondary special,Single / not married,House / apartment,-19207,-1998,1,1,1,0,,2
6397863,F,Y,Y,0,90000,Working,Secondary / secondary special,Married,House / apartment,-19207,-1998,1,1,1,0,,2
6397928,F,N,N,1,81000,Working,Secondary / secondary special,Married,House / apartment,-15295,-780,1,0,0,0,Laborers,3
6397943,M,N,N,0,157500,Pensioner,Secondary / secondary special,Married,House / apartment,-20273,365243,1,0,1,1,,2
6397944,M,N,N,0,157500,Pensioner,Secondary / secondary special,Married,House / apartment,-20273,365243,1,0,1,1,,2
6398033,M,Y,Y,0,202500,State servant,Secondary / secondary special,Married,House / apartment,-18601,-1998,1,0,1,0,Medicine staff,2
6398036,F,Y,Y,0,202500,State servant,Secondary / secondary special,Married,House / apartment,-18601,-1998,1,0,1,0,Medicine staff,2
6398037,F,Y,Y,0,202500,Pensioner,Secondary / secondary special,Married,House / apartment,-18601,-1998,1,0,1,0,Medicine staff,2
6398066,M,Y,Y,0,157500,Pensioner,Secondary / secondary special,Married,House / apartment,-22737,365243,1,0,0,0,,2
6398152,M,Y,Y,2,202500,Commercial associate,Higher education,Married,House / apartment,-15734,-568,1,0,0,0,Managers,4
6398316,M,Y,Y,0,225000,Working,Secondary / secondary special,Married,House / apartment,-17388,-1268,1,0,0,0,,2
6398317,M,Y,Y,0,225000,Working,Secondary / secondary special,Married,House / apartment,-17388,-1268,1,0,0,0,,2
6398319,M,Y,Y,0,225000,Working,Secondary / secondary special,Married,House / apartment,-17388,-1268,1,0,0,0,,2
6398698,M,Y,Y,1,135000,Working,Secondary / secondary special,Married,House / apartment,-10992,-2607,1,1,1,0,Laborers,3
6408597,F,N,N,0,76500,Working,Secondary / secondary special,Married,House / apartment,-17055,-3136,1,1,0,0,Laborers,2
6408598,F,N,N,0,76500,Working,Secondary / secondary special,Married,House / apartment,-17055,-3136,1,1,0,0,Laborers,2
6408609,F,N,Y,0,180000,Commercial associate,Secondary / secondary special,Married,House / apartment,-15538,-1856,1,0,1,0,Core staff,2
6408612,F,N,Y,0,180000,Commercial associate,Secondary / secondary special,Married,House / apartment,-15538,-1856,1,0,1,0,Core staff,2
6408637,F,Y,Y,1,247500,Working,Secondary / secondary special,Married,House / apartment,-13290,-1917,1,1,0,0,Managers,3
6408643,F,Y,Y,0,157500,Working,Secondary / secondary special,Widow,House / apartment,-19002,-8371,1,0,0,0,Core staff,1
6408839,M,N,N,2,184500,Working,Secondary / secondary special,Married,House / apartment,-9949,-974,1,0,0,0,Security staff,4
6408954,F,N,Y,0,180000,Commercial associate,Higher education,Married,House / apartment,-10769,-275,1,0,0,0,Accountants,2
6409178,F,N,Y,1,157500,Working,Higher education,Married,House / apartment,-13858,-3088,1,0,0,0,,3
6409194,F,Y,N,1,90000,Working,Secondary / secondary special,Single / not married,House / apartment,-10171,-227,1,0,0,1,Sales staff,2
6409458,M,Y,N,0,180000,Working,Secondary / secondary special,Separated,With parents,-20430,-3726,1,0,0,0,Drivers,1
6409462,M,Y,N,0,180000,Working,Secondary / secondary special,Separated,With parents,-20430,-3726,1,0,0,0,Drivers,1
6409463,M,Y,N,0,180000,Working,Secondary / secondary special,Separated,With parents,-20430,-3726,1,0,0,0,Drivers,1
6409514,F,N,N,1,105750,Working,Secondary / secondary special,Married,House / apartment,-15629,-8932,1,0,0,1,Core staff,3
6409701,M,N,Y,3,202500,Working,Secondary / secondary special,Separated,House / apartment,-12165,-3848,1,0,0,0,Laborers,4
6409776,M,Y,Y,2,211500,Working,Higher education,Single / not married,House / apartment,-11160,-714,1,0,0,0,Realty agents,4
6409779,F,Y,Y,2,211500,Working,Higher education,Married,House / apartment,-11160,-714,1,0,0,0,Realty agents,1
6409785,F,Y,Y,2,211500,Working,Higher education,Single / not married,House / apartment,-11160,-714,1,0,0,0,Realty agents,4
6409964,M,Y,N,0,135000,Working,Higher education,Married,House / apartment,-22632,-4306,1,0,0,0,Sales staff,2
6410028,M,N,N,1,382500,Working,Higher education,Married,House / apartment,-10876,-3940,1,0,0,0,Managers,3
6410154,M,N,Y,0,180000,Pensioner,Secondary / secondary special,Single / not married,House / apartment,-11798,-288,1,0,0,0,Accountants,1
6410243,M,N,N,0,270000,Working,Higher education,Married,With parents,-11686,-2753,1,0,0,0,Accountants,2
6410397,M,Y,N,1,765000,Working,Higher education,Married,House / apartment,-13478,-5494,1,0,1,0,Managers,1
6410398,M,Y,N,1,765000,Working,Higher education,Married,House / apartment,-13478,-5494,1,0,1,0,Managers,3
6410715,F,N,N,1,90000,Commercial associate,Secondary / secondary special,Married,House / apartment,-16096,-3393,1,1,1,0,Laborers,3
6411632,M,N,N,0,225000,Pensioner,Higher education,Widow,House / apartment,-22833,365243,1,0,0,0,,1
6411633,F,N,Y,0,225000,Pensioner,Higher education,Widow,House / apartment,-22833,365243,1,0,0,0,,1
6411638,F,N,Y,0,225000,Pensioner,Higher education,Widow,House / apartment,-22833,365243,1,0,0,0,,1
6411731,F,N,Y,0,112500,Pensioner,Secondary / secondary special,Married,House / apartment,-15633,-3790,1,1,0,0,Drivers,2
6411736,F,N,Y,0,112500,State servant,Secondary / secondary special,Single / not married,House / apartment,-15633,-3790,1,1,0,0,Drivers,2
6411951,M,Y,Y,0,112500,Working,Secondary / secondary special,Married,House / apartment,-10099,-321,1,0,0,0,Drivers,2
6412063,M,N,Y,0,112500,Commercial associate,Secondary / secondary special,Single / not married,House / apartment,-7903,-776,1,1,0,0,Core staff,1
6412064,M,N,Y,0,112500,Commercial associate,Secondary / secondary special,Single / not married,House / apartment,-7903,-776,1,1,0,0,Core staff,1
6412196,F,N,Y,0,157500,Pensioner,Secondary / secondary special,Married,House / apartment,-21308,365243,1,0,0,0,,2
6412198,F,N,Y,0,157500,Pensioner,Secondary / secondary special,Married,House / apartment,-21308,365243,1,0,0,0,,2
6412241,F,Y,N,0,202500,Pensioner,Higher education,Married,House / apartment,-11460,-2603,1,0,0,0,Core staff,2
6412271,F,N,Y,0,247500,Commercial associate,Higher education,Single / not married,House / apartment,-17254,-3364,1,0,0,0,Managers,1
6412515,M,Y,Y,0,130500,Working,Secondary / secondary special,Married,House / apartment,-20743,-1752,1,1,1,0,Security staff,2
6416246,F,N,Y,0,171000,Commercial associate,Secondary / secondary special,Widow,House / apartment,-18765,-385,1,0,0,0,,1
6416329,F,Y,Y,1,135000,State servant,Secondary / secondary special,Married,House / apartment,-14400,-1551,1,0,0,0,Medicine staff,3
6416352,F,Y,N,0,225000,Working,Higher education,Civil marriage,House / apartment,-13933,-1583,1,1,0,0,High skill tech staff,2
6420312,F,N,N,0,225000,Working,Secondary / secondary special,Married,House / apartment,-18051,-1872,1,0,0,0,Managers,2
6423175,M,N,N,0,157500,Pensioner,Higher education,Married,House / apartment,-21472,365243,1,0,1,0,,2
6423319,F,Y,N,0,180000,State servant,Secondary / secondary special,Married,House / apartment,-16274,-2981,1,1,0,0,High skill tech staff,2
6423492,F,N,N,0,139500,Pensioner,Secondary / secondary special,Married,House / apartment,-20885,-5569,1,0,1,1,,2
6423560,M,Y,N,0,256500,Commercial associate,Higher education,Married,House / apartment,-21326,-912,1,0,1,1,Security staff,2
6423765,M,N,N,0,67500,Pensioner,Secondary / secondary special,Married,House / apartment,-23478,365243,1,0,1,0,,2
6424942,F,N,Y,0,270000,Working,Secondary / secondary special,Civil marriage,House / apartment,-16731,-1519,1,0,0,0,Sales staff,2
6424996,M,Y,Y,2,337500,Commercial associate,Higher education,Married,House / apartment,-13031,-513,1,0,0,1,Laborers,4
6425126,F,N,Y,1,180000,Commercial associate,Higher education,Separated,House / apartment,-13614,-1241,1,0,0,0,Accountants,2
6425170,M,N,Y,1,517500,Commercial associate,Secondary / secondary special,Married,With parents,-14043,-115,1,0,0,0,,3
6425246,M,N,Y,2,225000,Working,Secondary / secondary special,Married,House / apartment,-13220,-3896,1,0,1,0,Laborers,4
6425354,F,Y,N,0,45000,Pensioner,Secondary / secondary special,Married,House / apartment,-22609,365243,1,0,0,0,,2
6425467,M,Y,N,0,180000,Working,Secondary / secondary special,Married,House / apartment,-18347,-1819,1,1,1,0,Core staff,2
6428936,M,Y,Y,0,180000,Pensioner,Higher education,Married,Municipal apartment,-13760,-789,1,0,0,0,Laborers,2
6429335,F,N,Y,0,135000,State servant,Secondary / secondary special,Married,House / apartment,-21338,-7576,1,0,0,0,Medicine staff,2
6429346,F,N,Y,0,135000,State servant,Secondary / secondary special,Married,House / apartment,-21338,-7576,1,0,0,0,Medicine staff,2
6429347,F,N,N,0,135000,Pensioner,Secondary / secondary special,Married,House / apartment,-21338,-7576,1,0,0,0,Medicine staff,2
6429348,F,N,Y,0,135000,Pensioner,Secondary / secondary special,Married,House / apartment,-21338,-7576,1,0,0,0,Medicine staff,2
6429385,M,Y,Y,0,220500,Commercial associate,Higher education,Married,House / apartment,-14436,-332,1,0,0,0,Laborers,2
6429494,F,N,Y,1,180000,Working,Secondary / secondary special,Civil marriage,House / apartment,-14716,-1854,1,1,1,0,Laborers,3
6429840,F,N,Y,0,225000,Commercial associate,Higher education,Single / not married,House / apartment,-11701,-1183,1,1,0,0,Managers,2
6447458,F,N,Y,0,112500,Commercial associate,Higher education,Separated,House / apartment,-15468,-3712,1,0,0,0,,1
6447605,F,N,N,0,157500,Pensioner,Secondary / secondary special,Married,House / apartment,-21011,365243,1,0,0,1,,2
6448736,F,N,N,0,135000,Working,Secondary / secondary special,Civil marriage,House / apartment,-17028,-214,1,0,0,0,Sales staff,2
6448737,F,N,Y,0,135000,Working,Secondary / secondary special,Civil marriage,House / apartment,-17028,-214,1,0,0,0,Sales staff,2
6448763,F,Y,Y,0,270000,Commercial associate,Higher education,Single / not married,House / apartment,-17541,-276,1,0,0,0,Sales staff,1
6454162,M,Y,Y,0,112500,Pensioner,Secondary / secondary special,Married,House / apartment,-20260,365243,1,0,0,0,,2
6460062,F,Y,N,0,112500,Working,Higher education,Married,House / apartment,-19111,-2604,1,1,0,0,Accountants,2
6460178,F,Y,N,0,99000,Working,Secondary / secondary special,Married,House / apartment,-14151,-1357,1,1,0,0,Medicine staff,2
6460283,F,N,N,0,135000,Working,Secondary / secondary special,Married,House / apartment,-16152,-473,1,0,0,0,Sales staff,2
6460752,F,N,Y,0,112500,Pensioner,Secondary / secondary special,Separated,House / apartment,-24207,365243,1,0,0,0,,1
6460764,F,Y,Y,0,315000,Working,Incomplete higher,Married,House / apartment,-16889,-5526,1,0,1,0,Laborers,2
6460809,F,N,Y,0,180000,Commercial associate,Secondary / secondary special,Civil marriage,House / apartment,-12265,-384,1,0,1,0,Sales staff,2
6460846,F,N,Y,0,157500,Pensioner,Secondary / secondary special,Married,House / apartment,-22703,365243,1,0,0,0,,2
6460853,F,N,Y,0,166500,Pensioner,Secondary / secondary special,Separated,House / apartment,-22514,365243,1,0,0,0,,1
6460875,F,N,N,0,157500,Pensioner,Secondary / secondary special,Married,House / apartment,-21557,365243,1,0,0,0,,2
6460950,F,N,N,0,193500,Working,Secondary / secondary special,Married,House / apartment,-16617,-1817,1,0,0,0,Sales staff,2
6460970,F,Y,Y,0,310500,Working,Secondary / secondary special,Married,House / apartment,-16529,-6869,1,0,0,0,Cooking staff,2
6460976,F,Y,Y,0,310500,Working,Secondary / secondary special,Married,House / apartment,-16529,-6869,1,0,0,0,Cooking staff,2
6461111,F,N,N,0,229500,Commercial associate,Higher education,Civil marriage,House / apartment,-11376,-537,1,0,0,0,Core staff,2
6463817,M,N,Y,0,112500,Pensioner,Secondary / secondary special,Married,House / apartment,-22437,365243,1,0,0,0,,2
6464696,M,Y,Y,0,270000,Working,Incomplete higher,Separated,House / apartment,-14308,-5770,1,0,1,0,Managers,1
6464819,F,N,Y,0,157500,State servant,Higher education,Single / not married,House / apartment,-20510,-1660,1,0,0,0,,2
6464962,F,N,Y,0,90000,Commercial associate,Secondary / secondary special,Married,House / apartment,-18372,-2756,1,0,0,0,Laborers,2
6465105,M,N,Y,1,225000,Commercial associate,Higher education,Married,House / apartment,-14595,-1265,1,0,1,0,Accountants,3
6465213,F,N,N,0,157500,Working,Higher education,Single / not married,House / apartment,-18819,-3578,1,0,0,0,,1
6465216,F,N,Y,0,157500,Working,Higher education,Single / not married,House / apartment,-18819,-3578,1,0,0,0,,1
6468305,F,N,N,0,67500,State servant,Secondary / secondary special,Married,House / apartment,-17965,-5378,1,1,0,0,Secretaries,2
6468381,F,Y,N,1,180000,Working,Higher education,Married,House / apartment,-10895,-2364,1,1,1,0,High skill tech staff,1
6468647,M,Y,N,0,180000,Working,Lower secondary,Married,House / apartment,-19040,-691,1,1,0,0,Laborers,2
6468779,F,N,Y,2,112500,Working,Secondary / secondary special,Married,House / apartment,-13059,-6140,1,0,0,0,Laborers,4
6468819,F,Y,Y,1,90000,Commercial associate,Secondary / secondary special,Married,House / apartment,-16424,-630,1,0,0,0,Laborers,3
6468822,M,N,Y,0,180000,Commercial associate,Secondary / secondary special,Single / not married,Co-op apartment,-12812,-265,1,0,0,0,Drivers,1
6468823,M,N,N,0,180000,Commercial associate,Secondary / secondary special,Single / not married,Co-op apartment,-12812,-265,1,0,0,0,Drivers,1
6469200,F,Y,N,0,144000,Working,Secondary / secondary special,Married,House / apartment,-18437,-3399,1,1,0,0,Private service staff,2
6469459,F,N,Y,0,270000,Working,Incomplete higher,Separated,House / apartment,-14710,-1422,1,0,1,1,High skill tech staff,1
6469708,F,N,Y,0,67500,Pensioner,Secondary / secondary special,Married,House / apartment,-22208,365243,1,0,0,0,,2
6469839,M,N,N,0,225000,Working,Secondary / secondary special,Married,House / apartment,-13808,-3825,1,0,0,0,,2
6469951,M,Y,N,0,270000,Commercial associate,Higher education,Married,Municipal apartment,-15937,-1665,1,0,1,0,Managers,2
6469989,F,N,N,0,225000,State servant,Secondary / secondary special,Married,House / apartment,-13147,-2335,1,0,1,0,Managers,2
6469990,F,N,N,0,225000,Pensioner,Secondary / secondary special,Married,House / apartment,-13147,-2335,1,0,1,0,Managers,2
6469992,F,N,N,0,225000,State servant,Secondary / secondary special,Married,House / apartment,-13147,-2335,1,0,1,0,Managers,2
6469993,F,N,N,0,225000,State servant,Secondary / secondary special,Single / not married,House / apartment,-13147,-2335,1,0,1,0,Managers,2
6469994,F,N,N,0,225000,State servant,Secondary / secondary special,Married,House / apartment,-13147,-2335,1,0,1,0,Managers,2
6469995,F,N,N,0,225000,State servant,Secondary / secondary special,Married,House / apartment,-13147,-2335,1,0,1,0,Managers,2
6469996,F,N,N,0,225000,State servant,Secondary / secondary special,Married,House / apartment,-13147,-2335,1,0,1,0,Managers,2
6470020,F,N,N,0,135000,Working,Secondary / secondary special,Separated,With parents,-10519,-113,1,1,0,0,Sales staff,1
6470048,F,Y,N,0,94500,Working,Secondary / secondary special,Married,House / apartment,-18944,-1819,1,1,0,0,Core staff,2
6470078,M,Y,N,0,211500,Pensioner,Secondary / secondary special,Married,House / apartment,-22364,365243,1,0,0,0,,2
6470080,M,Y,N,0,211500,Pensioner,Secondary / secondary special,Married,House / apartment,-22364,365243,1,0,0,0,,2
6470081,M,Y,N,0,211500,Pensioner,Secondary / secondary special,Married,House / apartment,-22364,365243,1,0,0,0,,2
6471379,F,N,Y,0,157500,State servant,Secondary / secondary special,Married,House / apartment,-21003,-633,1,0,0,0,Medicine staff,2
6471957,M,Y,Y,2,157500,Commercial associate,Incomplete higher,Married,House / apartment,-11092,-663,1,0,0,1,Core staff,4
6472179,F,N,Y,0,144000,Pensioner,Secondary / secondary special,Separated,House / apartment,-22455,365243,1,0,1,0,,1
6472274,F,N,Y,0,135000,Working,Secondary / secondary special,Married,House / apartment,-18334,-2550,1,0,0,0,Core staff,2
6472275,F,N,Y,0,135000,Working,Secondary / secondary special,Married,House / apartment,-18334,-2550,1,0,0,0,Core staff,2
6472287,M,N,N,2,157500,Commercial associate,Incomplete higher,Married,House / apartment,-17087,-1149,1,0,0,0,Core staff,4
6472376,M,Y,Y,1,112500,State servant,Higher education,Married,House / apartment,-13667,-237,1,0,0,0,Core staff,3
6472460,M,Y,N,2,315000,Working,Secondary / secondary special,Married,House / apartment,-12603,-2855,1,0,0,0,Managers,4
6472504,M,N,N,3,90000,Working,Lower secondary,Married,With parents,-14187,-1059,1,0,0,0,Laborers,5
6472808,F,N,Y,1,135000,Working,Secondary / secondary special,Single / not married,House / apartment,-9981,-298,1,0,0,1,Sales staff,2
6472950,F,N,Y,1,225000,Working,Secondary / secondary special,Separated,House / apartment,-13127,-4286,1,0,0,0,High skill tech staff,2
6476941,F,N,Y,0,270000,Commercial associate,Higher education,Single / not married,House / apartment,-10849,-1655,1,0,0,1,Accountants,1
6476942,F,N,N,0,270000,Commercial associate,Higher education,Single / not married,House / apartment,-10849,-1655,1,0,0,1,Accountants,1
6476945,F,N,N,0,270000,Commercial associate,Higher education,Single / not married,House / apartment,-10849,-1655,1,0,0,1,Accountants,1
6476947,F,N,Y,0,270000,Commercial associate,Higher education,Single / not married,House / apartment,-10849,-1655,1,0,0,1,Accountants,1
6476950,F,N,Y,0,270000,Commercial associate,Higher education,Single / not married,House / apartment,-10849,-1655,1,0,0,1,Accountants,1
6477113,F,N,Y,0,157500,Working,Secondary / secondary special,Civil marriage,House / apartment,-11844,-5209,1,0,0,0,,2
6477204,F,N,Y,0,121500,Working,Secondary / secondary special,Civil marriage,House / apartment,-17652,-2075,1,1,1,0,Laborers,2
6477464,M,Y,Y,0,315000,Working,Higher education,Married,House / apartment,-10615,-1496,1,0,0,0,Sales staff,2
6477553,F,N,N,0,157500,Commercial associate,Secondary / secondary special,Single / not married,House / apartment,-18288,-3018,1,0,0,0,Managers,2
6477848,F,N,N,0,126000,Pensioner,Secondary / secondary special,Civil marriage,House / apartment,-18846,365243,1,0,1,0,,2
6480131,M,Y,N,0,180000,Working,Secondary / secondary special,Married,House / apartment,-19673,-2094,1,0,0,0,Laborers,2
6480132,M,Y,N,0,180000,Working,Secondary / secondary special,Married,House / apartment,-19673,-2094,1,0,0,0,Laborers,2
6480480,F,N,Y,0,157500,Working,Secondary / secondary special,Widow,House / apartment,-17194,-1570,1,0,0,0,Laborers,1
6480702,M,N,N,0,157500,Pensioner,Secondary / secondary special,Married,House / apartment,-21605,365243,1,0,0,0,,2
6480930,F,N,Y,0,157500,Pensioner,Secondary / secondary special,Married,House / apartment,-20934,365243,1,0,0,0,,2
6481303,F,N,Y,1,225000,Working,Higher education,Single / not married,House / apartment,-16387,-2422,1,0,0,0,Accountants,2
6481384,M,Y,N,0,202500,Working,Secondary / secondary special,Single / not married,House / apartment,-11468,-4066,1,0,1,0,Laborers,1
6481482,M,Y,N,1,225000,Working,Secondary / secondary special,Married,House / apartment,-10032,-2150,1,1,0,0,Drivers,3
6481513,M,N,N,0,225000,Working,Secondary / secondary special,Married,House / apartment,-16226,-2850,1,0,0,0,Laborers,2
6481671,M,Y,N,0,157500,Working,Higher education,Married,House / apartment,-18523,-1540,1,1,0,0,Laborers,2
6481672,M,Y,N,0,157500,Working,Higher education,Married,House / apartment,-18523,-1540,1,1,0,0,Laborers,2
6481673,M,Y,N,0,157500,Working,Higher education,Married,House / apartment,-18523,-1540,1,1,0,0,Laborers,2
6481747,F,Y,N,0,157500,Commercial associate,Secondary / secondary special,Widow,House / apartment,-15459,-2058,1,1,1,0,Managers,1
6481796,F,N,N,0,202500,Working,Secondary / secondary special,Married,House / apartment,-14984,-505,1,0,0,0,Medicine staff,2
6483790,M,Y,Y,2,135000,Working,Secondary / secondary special,Married,With parents,-10846,-857,1,0,0,0,Drivers,4
6484112,F,Y,N,0,72000,Pensioner,Secondary / secondary special,Married,Municipal apartment,-21403,365243,1,0,0,0,,2
6484165,F,Y,Y,0,180000,Working,Secondary / secondary special,Married,House / apartment,-18424,-5025,1,0,1,0,Sales staff,2
6484166,F,Y,Y,0,180000,Working,Secondary / secondary special,Married,House / apartment,-18424,-5025,1,0,1,0,Sales staff,2
6484177,M,Y,Y,0,112500,Pensioner,Secondary / secondary special,Married,House / apartment,-23618,365243,1,0,0,0,,2
6484200,F,Y,Y,0,315000,Commercial associate,Secondary / secondary special,Married,House / apartment,-14840,-522,1,0,0,0,Managers,2
6484201,M,Y,Y,0,315000,Commercial associate,Secondary / secondary special,Single / not married,House / apartment,-14840,-522,1,0,0,0,Managers,2
6484202,F,Y,N,0,315000,Commercial associate,Secondary / secondary special,Married,House / apartment,-14840,-522,1,0,0,0,Managers,2
6484203,F,Y,Y,0,315000,Commercial associate,Secondary / secondary special,Married,House / apartment,-14840,-522,1,0,0,0,Managers,2
6484439,F,Y,Y,2,157500,Commercial associate,Secondary / secondary special,Married,House / apartment,-16745,-1253,1,0,0,0,Managers,4
6485234,F,N,Y,0,135000,Working,Secondary / secondary special,Married,House / apartment,-17204,-1331,1,0,0,0,Security staff,2
6485235,F,N,Y,0,135000,Working,Secondary / secondary special,Married,House / apartment,-17204,-1331,1,0,0,0,Security staff,2
6485936,M,N,Y,0,157500,Pensioner,Higher education,Married,House / apartment,-23672,365243,1,0,0,0,,2
6486070,F,N,Y,0,112500,Pensioner,Secondary / secondary special,Widow,House / apartment,-23555,365243,1,0,0,0,,1
6486331,F,Y,Y,0,171000,Working,Higher education,Married,House / apartment,-13533,-1969,1,0,0,1,Core staff,2
6491878,M,Y,Y,0,225000,Pensioner,Secondary / secondary special,Married,House / apartment,-21678,365243,1,0,0,0,,2
6491901,M,Y,N,0,202500,Working,Secondary / secondary special,Married,House / apartment,-18867,-1177,1,0,0,0,Laborers,2
6492026,M,N,N,1,216000,Working,Secondary / secondary special,Married,House / apartment,-11559,-264,1,0,0,0,Laborers,3
6492033,M,Y,Y,1,292500,State servant,Secondary / secondary special,Married,House / apartment,-14149,-6901,1,0,0,0,Core staff,3
6492190,F,N,N,0,130500,Working,Secondary / secondary special,Married,House / apartment,-16030,-1358,1,1,1,0,Sales staff,2
6492299,F,N,Y,0,90000,Working,Secondary / secondary special,Single / not married,House / apartment,-15936,-2118,1,0,0,0,Sales staff,2
6492409,M,Y,Y,0,270000,Working,Secondary / secondary special,Married,House / apartment,-14907,-747,1,1,1,0,Drivers,2
6492443,F,Y,Y,0,126000,Working,Secondary / secondary special,Separated,House / apartment,-16015,-3092,1,1,0,0,,1
6492444,F,Y,Y,0,126000,Working,Secondary / secondary special,Separated,House / apartment,-16015,-3092,1,1,0,0,,1
6492634,M,Y,Y,1,135000,Working,Secondary / secondary special,Married,House / apartment,-17169,-5375,1,0,0,0,Laborers,3
6497755,F,N,Y,0,157500,Pensioner,Higher education,Married,House / apartment,-21391,365243,1,0,0,0,,2
6498175,M,N,N,1,180000,Working,Secondary / secondary special,Civil marriage,With parents,-15461,-1028,1,0,0,0,Cooking staff,3
6498249,M,Y,Y,0,382500,Working,Higher education,Single / not married,House / apartment,-16254,-8395,1,0,0,0,High skill tech staff,2
6498569,F,Y,Y,0,189000,Commercial associate,Higher education,Civil marriage,House / apartment,-10107,-235,1,0,0,1,Sales staff,2
6498579,F,N,Y,0,270000,Working,Higher education,Married,House / apartment,-13744,-3218,1,1,1,0,High skill tech staff,2
6498582,F,N,Y,0,270000,Working,Higher education,Married,House / apartment,-13744,-3218,1,1,1,0,High skill tech staff,2
6498626,M,Y,Y,0,171000,Working,Secondary / secondary special,Married,House / apartment,-16727,-2242,1,0,0,0,Drivers,2
6499442,F,Y,Y,0,292500,Working,Secondary / secondary special,Married,House / apartment,-17332,-3523,1,0,0,0,Managers,2
6499549,M,Y,Y,1,540000,State servant,Secondary / secondary special,Married,House / apartment,-11646,-4162,1,0,0,0,Core staff,3
6499552,M,Y,Y,1,540000,Pensioner,Secondary / secondary special,Married,House / apartment,-11646,-4162,1,0,0,0,Core staff,3
6499557,M,Y,Y,1,540000,State servant,Secondary / secondary special,Married,House / apartment,-11646,-4162,1,0,0,0,Core staff,3
6500717,F,N,Y,0,135000,State servant,Higher education,Married,House / apartment,-16634,-8498,1,0,1,0,IT staff,2
6501267,M,N,Y,0,112500,Working,Secondary / secondary special,Married,Office apartment,-18101,-4845,1,1,1,0,Core staff,2
6501350,F,N,Y,0,157500,Working,Higher education,Single / not married,House / apartment,-15249,-1374,1,0,0,0,Sales staff,1
6501472,F,N,Y,0,90000,Working,Secondary / secondary special,Civil marriage,House / apartment,-15659,-4407,1,1,1,0,Core staff,2
6507480,F,N,Y,0,225000,Commercial associate,Higher education,Single / not married,House / apartment,-17720,-3286,1,1,1,0,Accountants,1
6507481,F,N,Y,0,225000,Commercial associate,Higher education,Single / not married,House / apartment,-17720,-3286,1,1,1,0,Accountants,1
6507494,F,N,Y,0,225000,Commercial associate,Higher education,Single / not married,House / apartment,-17720,-3286,1,1,1,0,Accountants,1
6507705,M,Y,Y,0,360000,Pensioner,Secondary / secondary special,Married,House / apartment,-22732,365243,1,0,0,0,,2
6507991,F,N,Y,1,171000,State servant,Higher education,Married,Municipal apartment,-10839,-3560,1,0,0,0,Core staff,3
6507995,F,N,Y,1,171000,State servant,Higher education,Married,Municipal apartment,-10839,-3560,1,0,0,0,Core staff,3
6508025,F,Y,N,0,90000,State servant,Secondary / secondary special,Single / not married,Rented apartment,-16110,-2129,1,0,0,0,Cleaning staff,1
6508348,F,N,Y,0,81000,Pensioner,Secondary / secondary special,Married,House / apartment,-22742,365243,1,0,1,0,,2
6508350,F,N,Y,0,81000,Pensioner,Secondary / secondary special,Married,House / apartment,-22742,365243,1,0,1,0,,2
6508854,F,N,Y,0,112500,Pensioner,Secondary / secondary special,Married,House / apartment,-23154,365243,1,0,0,0,,2
6509251,F,N,Y,1,99000,Working,Secondary / secondary special,Single / not married,House / apartment,-16697,-2968,1,0,0,0,High skill tech staff,3
6510090,F,N,Y,0,180000,Pensioner,Secondary / secondary special,Separated,House / apartment,-23365,365243,1,0,0,0,,1
6510391,M,Y,Y,0,315000,Working,Secondary / secondary special,Married,House / apartment,-20345,-4561,1,0,1,1,Managers,2
6510629,F,N,Y,0,61650,Working,Lower secondary,Married,House / apartment,-19323,-1815,1,0,0,0,,2
6510736,F,N,Y,1,135000,Commercial associate,Higher education,Single / not married,House / apartment,-10560,-1361,1,0,0,0,Sales staff,2
6513794,F,N,Y,0,58500,Pensioner,Secondary / secondary special,Single / not married,House / apartment,-21797,365243,1,0,0,0,,1
6513878,M,N,Y,0,180000,Working,Secondary / secondary special,Married,House / apartment,-19463,-11799,1,0,0,0,Laborers,2
6513972,F,N,Y,0,180000,Pensioner,Higher education,Married,Municipal apartment,-20586,-3581,1,1,1,0,Core staff,2
6513977,F,N,Y,0,180000,State servant,Higher education,Married,Municipal apartment,-20586,-3581,1,1,1,0,Core staff,2
6513978,M,N,Y,0,180000,State servant,Higher education,Married,Municipal apartment,-20586,-3581,1,1,1,0,Core staff,2
6513985,F,N,Y,0,77850,Working,Secondary / secondary special,Single / not married,House / apartment,-19380,-8420,1,0,0,0,High skill tech staff,1
6513987,F,N,Y,0,77850,Working,Secondary / secondary special,Single / not married,House / apartment,-19380,-8420,1,0,0,0,High skill tech staff,1
6514079,F,Y,Y,0,315000,Commercial associate,Incomplete higher,Married,House / apartment,-17924,-5193,1,0,0,0,Sales staff,2
6514080,F,Y,Y,0,315000,Commercial associate,Incomplete higher,Single / not married,House / apartment,-17924,-5193,1,0,0,0,Sales staff,2
6519007,F,N,Y,0,202500,Pensioner,Incomplete higher,Married,House / apartment,-17310,-1372,1,0,0,0,,2
6519343,M,N,Y,1,112500,Working,Secondary / secondary special,Married,House / apartment,-11894,-3502,1,1,0,0,Laborers,3
6519383,M,Y,N,0,157500,Working,Higher education,Married,House / apartment,-19985,-2467,1,0,0,0,Security staff,2
6519698,F,Y,N,0,243000,Working,Higher education,Married,House / apartment,-11952,-2925,1,0,0,0,Core staff,2
6519699,F,Y,Y,0,243000,Working,Higher education,Married,House / apartment,-11952,-2925,1,0,0,0,Core staff,2
6519706,F,Y,Y,0,292500,Working,Secondary / secondary special,Married,Rented apartment,-10917,-3198,1,0,0,1,Core staff,2
6519707,M,Y,Y,0,292500,Working,Secondary / secondary special,Married,Rented apartment,-10917,-3198,1,0,0,1,Core staff,2
6520033,F,Y,Y,1,225000,Commercial associate,Higher education,Single / not married,House / apartment,-14152,-3614,1,0,0,1,Accountants,2
6520240,F,N,Y,0,90000,Working,Secondary / secondary special,Single / not married,Rented apartment,-13864,-82,1,0,0,0,Sales staff,2
6520917,F,Y,Y,3,202500,Working,Incomplete higher,Single / not married,House / apartment,-12041,-961,1,0,0,0,Sales staff,1
6520992,F,Y,Y,0,112500,Working,Secondary / secondary special,Married,House / apartment,-14167,-4340,1,0,1,0,Sales staff,2
6520993,F,Y,Y,0,112500,Working,Secondary / secondary special,Married,House / apartment,-14167,-4340,1,0,1,0,Sales staff,2
6520994,F,Y,Y,0,112500,Working,Secondary / secondary special,Married,House / apartment,-14167,-4340,1,0,1,0,Sales staff,2
6521025,M,Y,Y,0,202500,Commercial associate,Secondary / secondary special,Single / not married,Rented apartment,-17269,-4522,1,0,0,0,Managers,2
6524899,F,N,N,1,184500,Working,Higher education,Married,House / apartment,-9818,-919,1,0,0,0,Core staff,3
6525273,M,N,Y,0,72000,Working,Secondary / secondary special,Married,House / apartment,-19944,-1650,1,1,1,0,Laborers,2
6525282,F,N,Y,0,72000,Working,Secondary / secondary special,Married,House / apartment,-19944,-1650,1,1,1,0,Laborers,2
6525296,F,N,Y,0,90000,Pensioner,Secondary / secondary special,Married,House / apartment,-19590,365243,1,0,0,0,,2
6525297,F,N,Y,0,90000,Pensioner,Secondary / secondary special,Married,House / apartment,-19590,365243,1,0,0,0,,2
6525298,F,N,Y,0,90000,Pensioner,Secondary / secondary special,Married,House / apartment,-19590,365243,1,0,0,0,,2
6525299,F,N,Y,0,90000,Pensioner,Secondary / secondary special,Married,House / apartment,-19590,365243,1,0,0,0,,2
6525300,F,N,Y,0,90000,Pensioner,Secondary / secondary special,Married,House / apartment,-19590,365243,1,0,0,0,,2
6525416,M,Y,Y,0,180000,Working,Secondary / secondary special,Married,House / apartment,-18310,-3841,1,0,1,0,Laborers,2
6527859,F,N,Y,0,270000,Commercial associate,Secondary / secondary special,Single / not married,House / apartment,-20577,-2211,1,0,0,0,Sales staff,1
6527860,F,N,N,0,270000,Pensioner,Secondary / secondary special,Single / not married,House / apartment,-20577,-2211,1,0,0,0,Sales staff,1
6527918,F,N,Y,0,163350,Pensioner,Secondary / secondary special,Married,House / apartment,-22388,365243,1,0,0,0,,2
6528137,M,Y,N,1,180000,Working,Secondary / secondary special,Single / not married,House / apartment,-12244,-903,1,0,0,0,,3
6528138,M,Y,N,1,180000,Working,Secondary / secondary special,Married,House / apartment,-12244,-903,1,0,0,0,,3
6528139,M,Y,N,1,180000,Working,Secondary / secondary special,Single / not married,House / apartment,-12244,-903,1,0,0,0,,3
6528245,M,Y,N,1,225000,Working,Secondary / secondary special,Single / not married,Municipal apartment,-18375,-2911,1,0,0,0,Managers,2
6528246,M,Y,N,1,225000,Working,Secondary / secondary special,Single / not married,Municipal apartment,-18375,-2911,1,0,0,0,Managers,2
6528247,M,Y,N,1,225000,Working,Secondary / secondary special,Single / not married,Municipal apartment,-18375,-2911,1,0,0,0,Managers,2
6528298,M,Y,N,0,202500,Working,Secondary / secondary special,Married,House / apartment,-18867,-1177,1,0,0,0,Laborers,2
6528299,M,Y,N,0,202500,Working,Secondary / secondary special,Married,House / apartment,-18867,-1177,1,0,0,0,Laborers,2
6528300,M,Y,N,0,202500,Working,Secondary / secondary special,Married,House / apartment,-18867,-1177,1,0,0,0,Laborers,2
6528305,M,Y,N,0,202500,Working,Secondary / secondary special,Married,House / apartment,-18867,-1177,1,0,0,0,Laborers,2
6528306,M,Y,N,0,202500,Working,Secondary / secondary special,Married,House / apartment,-18867,-1177,1,0,0,0,Laborers,2
6528307,M,Y,N,0,202500,Working,Secondary / secondary special,Married,House / apartment,-18867,-1177,1,0,0,0,Laborers,2
6528435,M,Y,Y,2,121500,Working,Higher education,Married,House / apartment,-13518,-1603,1,1,0,0,Sales staff,4
6528511,F,N,N,0,157500,Pensioner,Secondary / secondary special,Civil marriage,House / apartment,-21887,365243,1,0,0,0,,2
6528541,F,N,Y,0,112500,Working,Secondary / secondary special,Separated,House / apartment,-17018,-8300,1,0,0,0,Laborers,1
6528842,M,Y,Y,0,90000,Working,Higher education,Married,House / apartment,-22096,-903,1,0,0,0,Security staff,2
6528864,F,Y,Y,0,130500,Pensioner,Secondary / secondary special,Civil marriage,House / apartment,-21121,365243,1,0,0,0,,2
6529071,F,N,Y,0,135000,Pensioner,Higher education,Married,House / apartment,-22259,365243,1,0,0,0,,2
6529087,M,Y,Y,2,225000,Commercial associate,Secondary / secondary special,Married,House / apartment,-13773,-3575,1,0,0,0,Core staff,4
6529265,F,Y,Y,0,360000,Working,Higher education,Single / not married,House / apartment,-17217,-1749,1,0,0,0,,1
6529266,M,Y,Y,0,360000,Working,Higher education,Single / not married,House / apartment,-17217,-1749,1,0,0,0,,1
6529267,F,Y,Y,0,360000,Working,Higher education,Single / not married,House / apartment,-17217,-1749,1,0,0,0,,1
6529319,F,N,Y,1,123750,Commercial associate,Secondary / secondary special,Married,House / apartment,-13085,-957,1,0,0,1,Managers,3
6529894,M,N,Y,0,180000,Working,Secondary / secondary special,Married,House / apartment,-10477,-1021,1,0,0,0,Laborers,2
6529918,F,N,N,0,360000,Working,Secondary / secondary special,Married,House / apartment,-13709,-1295,1,1,1,0,Laborers,2
6529922,F,N,Y,0,360000,Working,Secondary / secondary special,Single / not married,House / apartment,-13709,-1295,1,1,1,0,Laborers,2
6538700,M,Y,Y,1,180000,Working,Incomplete higher,Married,House / apartment,-12574,-2647,1,0,0,0,Core staff,3
6538701,M,Y,Y,1,180000,Working,Incomplete higher,Married,House / apartment,-12574,-2647,1,0,0,0,Core staff,3
6538702,M,Y,Y,1,180000,Working,Incomplete higher,Married,House / apartment,-12574,-2647,1,0,0,0,Core staff,3
6539104,M,Y,Y,2,180000,Working,Secondary / secondary special,Single / not married,House / apartment,-11077,-290,1,0,0,0,Accountants,4
6539368,M,Y,Y,0,202500,Working,Higher education,Single / not married,House / apartment,-11752,-502,1,0,0,0,,1
6539547,F,N,Y,0,270000,Working,Secondary / secondary special,Married,House / apartment,-17359,-5097,1,1,1,0,Laborers,2
6539653,F,N,N,1,42750,Working,Secondary / secondary special,Married,With parents,-10471,-626,1,1,1,0,Drivers,3
6539711,F,Y,N,0,180000,Working,Higher education,Single / not married,With parents,-10529,-3668,1,1,1,0,Core staff,1
6539962,F,N,N,0,222750,Pensioner,Secondary / secondary special,Single / not married,Municipal apartment,-23245,365243,1,0,0,0,,1
6540040,F,N,N,1,148500,Working,Secondary / secondary special,Separated,House / apartment,-12459,-4621,1,0,0,0,,2
6540199,M,Y,N,2,225000,Commercial associate,Secondary / secondary special,Married,House / apartment,-14736,-2580,1,0,0,1,Core staff,4
6540200,M,Y,N,2,225000,Pensioner,Secondary / secondary special,Married,House / apartment,-14736,-2580,1,0,0,1,Core staff,4
6543344,F,Y,N,1,315000,Working,Higher education,Separated,House / apartment,-13059,-4466,1,0,1,0,Accountants,2
6543464,F,Y,Y,2,157500,Working,Secondary / secondary special,Married,House / apartment,-14325,-2854,1,0,0,0,Sales staff,1
6543626,M,N,Y,2,225000,Commercial associate,Secondary / secondary special,Married,House / apartment,-12784,-1210,1,0,0,1,Laborers,4
6543738,F,N,Y,1,180000,Working,Higher education,Single / not married,House / apartment,-15898,-997,1,0,0,1,Core staff,2
6544010,M,N,N,1,202500,Commercial associate,Secondary / secondary special,Single / not married,House / apartment,-15591,-3682,1,0,1,1,Drivers,3
6544011,M,N,N,1,202500,Commercial associate,Secondary / secondary special,Married,House / apartment,-15591,-3682,1,0,1,1,Drivers,3
6544013,M,N,N,1,202500,Commercial associate,Secondary / secondary special,Single / not married,House / apartment,-15591,-3682,1,0,1,1,Drivers,3
6544132,F,N,N,0,162000,Pensioner,Higher education,Married,House / apartment,-22438,365243,1,0,1,0,,2
6544998,M,N,Y,0,270000,Commercial associate,Secondary / secondary special,Married,House / apartment,-16874,-368,1,0,0,0,Managers,2
6545022,F,N,Y,2,202500,State servant,Higher education,Married,House / apartment,-12839,-215,1,0,0,0,Core staff,4
6545023,M,N,Y,2,202500,Pensioner,Higher education,Single / not married,House / apartment,-12839,-215,1,0,0,0,Core staff,4
6545026,F,N,Y,2,202500,State servant,Higher education,Married,House / apartment,-12839,-215,1,0,0,0,Core staff,4
6545106,M,Y,Y,0,180000,Working,Secondary / secondary special,Married,House / apartment,-19281,-368,1,0,0,0,Drivers,2
6551134,F,N,Y,1,270000,Working,Secondary / secondary special,Civil marriage,House / apartment,-14759,-6901,1,0,0,0,Medicine staff,3
6551136,F,N,Y,1,270000,Working,Secondary / secondary special,Civil marriage,House / apartment,-14759,-6901,1,0,0,0,Medicine staff,3
6551317,F,N,Y,0,130500,Pensioner,Secondary / secondary special,Single / not married,House / apartment,-23848,365243,1,0,0,0,,2
6551318,F,N,Y,0,130500,Pensioner,Secondary / secondary special,Married,House / apartment,-23848,365243,1,0,0,0,,2
6551319,F,N,N,0,130500,Pensioner,Secondary / secondary special,Married,House / apartment,-23848,365243,1,0,0,0,,2
6560035,M,N,Y,1,450000,Working,Higher education,Married,House / apartment,-13311,-266,1,0,0,0,,1
6560053,F,Y,Y,2,270000,Commercial associate,Secondary / secondary special,Married,House / apartment,-10384,-996,1,0,1,0,Drivers,4
6560164,F,N,Y,0,202500,Pensioner,Secondary / secondary special,Widow,House / apartment,-21319,365243,1,0,0,0,,1
6560168,M,N,N,0,202500,Pensioner,Secondary / secondary special,Widow,House / apartment,-21319,365243,1,0,0,0,,1
6560170,F,N,N,0,202500,Pensioner,Secondary / secondary special,Widow,House / apartment,-21319,365243,1,0,0,0,,1
6560186,F,N,Y,0,135000,Working,Incomplete higher,Married,House / apartment,-14113,-5653,1,0,0,0,Laborers,2
6560347,F,N,Y,0,360000,Commercial associate,Secondary / secondary special,Married,House / apartment,-19100,-3273,1,0,0,0,Managers,2
6560362,F,N,Y,0,45000,Pensioner,Secondary / secondary special,Widow,House / apartment,-23660,365243,1,0,0,0,,1
6560385,F,Y,Y,0,225000,Pensioner,Higher education,Married,House / apartment,-22039,365243,1,0,1,0,,2
6560405,F,N,N,0,144000,Pensioner,Higher education,Separated,Rented apartment,-13691,-293,1,0,0,0,Laborers,1
6560440,M,Y,Y,2,180000,Working,Secondary / secondary special,Married,House / apartment,-11077,-290,1,0,0,0,Accountants,4
6560483,F,N,Y,1,148500,Working,Higher education,Single / not married,Municipal apartment,-12782,-3363,1,0,0,0,HR staff,3
6560638,F,Y,Y,1,450000,Commercial associate,Higher education,Married,With parents,-11557,-1360,1,0,0,0,Core staff,3
6562572,F,N,Y,2,112500,Working,Secondary / secondary special,Married,Municipal apartment,-12351,-771,1,1,1,0,Sales staff,4
6562681,F,N,Y,0,279000,Pensioner,Secondary / secondary special,Married,House / apartment,-21097,365243,1,0,0,0,,2
6562684,F,N,Y,0,180000,Working,Secondary / secondary special,Married,House / apartment,-17954,-4942,1,0,0,0,Laborers,2
6562853,M,Y,N,2,247500,Working,Secondary / secondary special,Separated,House / apartment,-14197,-4455,1,0,0,0,,3
6563189,F,N,N,1,247500,State servant,Higher education,Married,House / apartment,-13186,-2194,1,0,0,0,Core staff,3
6563208,F,N,Y,0,135000,State servant,Higher education,Civil marriage,House / apartment,-13133,-186,1,1,1,0,Core staff,2
6563228,F,N,Y,0,135000,State servant,Secondary / secondary special,Widow,House / apartment,-23172,-7795,1,0,0,0,Core staff,1
6563377,F,N,Y,0,157500,Pensioner,Secondary / secondary special,Widow,House / apartment,-21347,365243,1,0,0,0,,1
6563510,M,N,Y,1,157500,Commercial associate,Secondary / secondary special,Married,House / apartment,-14486,-2651,1,0,0,0,Laborers,3
6563593,F,N,Y,0,67500,Pensioner,Secondary / secondary special,Civil marriage,House / apartment,-23390,365243,1,0,0,0,,2
6563595,M,N,Y,0,67500,Pensioner,Secondary / secondary special,Civil marriage,House / apartment,-23390,365243,1,0,0,0,,2
6563596,F,N,Y,0,67500,Pensioner,Secondary / secondary special,Civil marriage,House / apartment,-23390,365243,1,0,0,0,,2
6563701,M,N,Y,0,121500,Working,Higher education,Single / not married,House / apartment,-11314,-376,1,0,1,1,Accountants,1
6569192,F,N,Y,0,225000,Pensioner,Secondary / secondary special,Married,House / apartment,-23001,365243,1,0,0,0,,2
6569264,F,N,Y,0,135000,Working,Secondary / secondary special,Civil marriage,House / apartment,-20922,-2648,1,0,0,0,Laborers,2
6569307,F,N,Y,3,157500,Commercial associate,Secondary / secondary special,Married,House / apartment,-15947,-670,1,0,0,0,Cleaning staff,5
6569333,F,N,Y,1,225000,Working,Secondary / secondary special,Single / not married,House / apartment,-12869,-3835,1,0,0,0,Sales staff,2
6569340,F,N,Y,1,225000,Working,Secondary / secondary special,Single / not married,House / apartment,-12869,-3835,1,0,0,0,Sales staff,2
6569446,F,Y,Y,0,225000,Commercial associate,Secondary / secondary special,Single / not married,House / apartment,-12948,-1856,1,0,0,0,,1
6569747,M,N,Y,1,81000,Working,Secondary / secondary special,Civil marriage,House / apartment,-11403,-2491,1,0,0,0,,3
6569748,M,N,Y,1,81000,Working,Secondary / secondary special,Civil marriage,House / apartment,-11403,-2491,1,0,0,0,,3
6569749,M,N,Y,1,81000,Working,Secondary / secondary special,Civil marriage,House / apartment,-11403,-2491,1,0,0,0,,3
6569772,F,N,N,1,112500,Commercial associate,Secondary / secondary special,Civil marriage,House / apartment,-9903,-2461,1,0,0,0,Laborers,3
6570494,F,N,Y,0,216000,Working,Secondary / secondary special,Married,House / apartment,-20532,-1128,1,1,0,0,Cleaning staff,2
6570586,M,Y,N,1,171000,Commercial associate,Higher education,Married,House / apartment,-14247,-551,1,1,1,0,Drivers,3
6570594,M,Y,N,1,171000,Commercial associate,Higher education,Married,House / apartment,-14247,-551,1,1,1,0,Drivers,3
6570688,M,N,N,0,157500,Working,Secondary / secondary special,Married,House / apartment,-15927,-217,1,1,0,1,,2
6570795,M,Y,N,0,202500,Pensioner,Secondary / secondary special,Married,House / apartment,-22963,365243,1,0,0,0,,2
6571154,M,N,N,1,270000,Pensioner,Higher education,Married,House / apartment,-18661,365243,1,0,0,0,,3
6576226,F,Y,Y,0,157500,Commercial associate,Higher education,Single / not married,House / apartment,-19230,-4986,1,0,0,1,,1
6577142,F,N,Y,0,81000,Working,Secondary / secondary special,Civil marriage,House / apartment,-10829,-3442,1,0,0,0,Laborers,2
6577150,F,N,Y,0,81000,Working,Secondary / secondary special,Civil marriage,House / apartment,-10829,-3442,1,0,0,0,Laborers,2
6577195,M,Y,N,0,310500,Commercial associate,Secondary / secondary special,Married,With parents,-11273,-1981,1,0,0,0,Drivers,2
6577310,M,N,N,0,135000,Pensioner,Secondary / secondary special,Married,House / apartment,-24799,365243,1,0,0,0,,2
6577368,F,N,Y,0,67500,Pensioner,Secondary / secondary special,Widow,House / apartment,-21128,365243,1,0,0,0,,1
6577403,F,N,N,0,279000,Pensioner,Higher education,Separated,House / apartment,-22480,365243,1,0,1,0,,1
6577405,F,N,N,0,279000,Pensioner,Higher education,Separated,House / apartment,-22480,365243,1,0,1,0,,1
6577460,F,N,Y,0,135000,Pensioner,Secondary / secondary special,Married,House / apartment,-22056,365243,1,0,0,0,,2
6578029,M,N,Y,0,225000,Working,Secondary / secondary special,Married,House / apartment,-20796,-12583,1,0,1,0,Laborers,2
6578095,M,N,Y,0,90000,Pensioner,Secondary / secondary special,Single / not married,House / apartment,-23176,365243,1,0,0,0,,2
6581994,M,N,N,0,135000,Working,Secondary / secondary special,Married,House / apartment,-12515,-548,1,1,0,0,Laborers,2
6582067,F,Y,N,0,225000,Working,Higher education,Separated,House / apartment,-14388,-791,1,1,1,0,Cooking staff,1
6582129,F,Y,N,0,225000,Working,Secondary / secondary special,Married,House / apartment,-15279,-5693,1,0,1,0,Managers,2
6582134,F,Y,N,0,225000,Working,Secondary / secondary special,Single / not married,House / apartment,-15279,-5693,1,0,1,0,Managers,2
6582190,M,Y,N,1,337500,Working,Secondary / secondary special,Married,House / apartment,-13482,-3927,1,1,1,0,Drivers,3
6582288,M,N,Y,0,108000,Pensioner,Higher education,Married,House / apartment,-19966,365243,1,0,0,0,,2
6582289,M,N,Y,0,108000,Pensioner,Higher education,Married,House / apartment,-19966,365243,1,0,0,0,,2
6582460,F,Y,Y,0,103500,Working,Higher education,Married,With parents,-11705,-122,1,0,0,0,,2
6582465,F,Y,Y,0,103500,Working,Higher education,Married,With parents,-11705,-122,1,0,0,0,,2
6583351,F,Y,N,3,90000,Commercial associate,Secondary / secondary special,Married,House / apartment,-13077,-2501,1,0,0,0,Sales staff,1
6583486,F,N,N,0,135000,Pensioner,Secondary / secondary special,Widow,Municipal apartment,-22834,365243,1,0,0,0,,1
6583790,F,Y,Y,2,135000,Commercial associate,Secondary / secondary special,Married,House / apartment,-10868,-97,1,0,0,0,Sales staff,4
6583793,F,Y,Y,2,135000,Commercial associate,Secondary / secondary special,Married,House / apartment,-10868,-97,1,0,0,0,Sales staff,4
6583794,F,Y,Y,2,135000,Commercial associate,Secondary / secondary special,Married,House / apartment,-10868,-97,1,0,0,0,Sales staff,4
6583892,F,N,N,0,148500,Working,Secondary / secondary special,Widow,House / apartment,-22863,-462,1,0,0,0,Cooking staff,1
6584118,F,N,Y,1,180000,Working,Higher education,Married,House / apartment,-10340,-2448,1,1,0,0,High skill tech staff,3
6584220,F,Y,Y,0,661500,Commercial associate,Higher education,Single / not married,House / apartment,-20053,-3422,1,0,0,0,Accountants,2
6586430,F,Y,Y,0,112500,Working,Secondary / secondary special,Married,House / apartment,-16624,-1869,1,0,0,0,Sales staff,2
6586505,F,N,N,0,405000,Pensioner,Higher education,Separated,Municipal apartment,-23658,365243,1,0,1,0,,1
6586708,F,N,Y,0,157500,Pensioner,Secondary / secondary special,Married,Office apartment,-23288,365243,1,0,0,0,,2
6590605,F,N,Y,0,225000,Pensioner,Higher education,Married,House / apartment,-22726,365243,1,0,0,0,,2
6591110,M,Y,Y,0,90000,Working,Secondary / secondary special,Single / not married,House / apartment,-20364,-3649,1,0,0,0,Laborers,2
6592084,M,N,Y,0,157500,Working,Higher education,Single / not married,House / apartment,-19719,-2216,1,1,1,0,Laborers,1
6592234,F,N,Y,1,202500,Commercial associate,Secondary / secondary special,Married,House / apartment,-15905,-4841,1,1,1,0,Sales staff,1
6592381,F,Y,Y,0,225000,Working,Secondary / secondary special,Married,House / apartment,-15633,-2111,1,0,0,0,Drivers,2
6594360,M,N,N,1,180000,Working,Secondary / secondary special,Married,House / apartment,-20204,-2033,1,0,0,0,Core staff,3
6594512,M,Y,N,0,177300,Commercial associate,Secondary / secondary special,Married,House / apartment,-21015,-2367,1,0,0,0,Laborers,2
6594884,M,Y,Y,0,180000,Working,Secondary / secondary special,Married,House / apartment,-20120,-3616,1,0,0,1,Laborers,2
6594885,M,Y,Y,0,180000,Working,Secondary / secondary special,Married,House / apartment,-20120,-3616,1,0,0,0,Laborers,2
6595177,M,Y,Y,0,180000,Pensioner,Secondary / secondary special,Married,House / apartment,-19897,365243,1,0,1,0,,2
6595181,M,Y,Y,0,180000,Pensioner,Secondary / secondary special,Married,House / apartment,-19897,365243,1,0,1,0,,2
6595224,F,N,N,0,157500,Working,Secondary / secondary special,Married,House / apartment,-13813,-177,1,0,0,0,Laborers,2
6595443,M,Y,N,1,135000,Working,Secondary / secondary special,Married,House / apartment,-10413,-2156,1,1,1,0,,3
6595449,M,Y,N,1,135000,Working,Secondary / secondary special,Married,House / apartment,-10413,-2156,1,1,1,0,,3
6596464,M,N,Y,0,261000,Working,Secondary / secondary special,Single / not married,House / apartment,-21779,-4227,1,0,0,0,Laborers,2
6596544,F,Y,N,0,112500,Working,Secondary / secondary special,Married,House / apartment,-11573,-451,1,0,0,0,,2
6596587,F,N,Y,0,126000,Pensioner,Secondary / secondary special,Married,House / apartment,-20212,365243,1,0,1,0,,2
6596647,M,N,Y,0,112500,State servant,Secondary / secondary special,Single / not married,House / apartment,-19558,-5353,1,0,0,0,Medicine staff,2
6596648,F,N,Y,0,112500,State servant,Secondary / secondary special,Married,House / apartment,-19558,-5353,1,0,0,0,Medicine staff,2
6596798,M,Y,Y,0,225000,Commercial associate,Higher education,Separated,House / apartment,-18084,-5681,1,0,1,0,High skill tech staff,1
6596836,F,N,Y,0,112500,Commercial associate,Secondary / secondary special,Married,House / apartment,-20316,-901,1,1,1,0,Cleaning staff,2
6596848,M,Y,N,0,90000,Pensioner,Secondary / secondary special,Civil marriage,House / apartment,-20294,365243,1,0,0,0,,2
6596919,M,Y,N,0,292500,Working,Secondary / secondary special,Married,House / apartment,-12374,-4044,1,1,0,0,,2
6596923,M,Y,N,1,180000,State servant,Higher education,Married,House / apartment,-14030,-2217,1,0,0,0,Core staff,3
6601561,F,N,Y,0,90000,Pensioner,Secondary / secondary special,Married,House / apartment,-21575,365243,1,0,0,1,,2
6601991,F,N,Y,0,157500,Working,Secondary / secondary special,Married,House / apartment,-14777,-422,1,0,0,0,,2
6602065,F,N,Y,0,90000,Pensioner,Higher education,Married,House / apartment,-21109,365243,1,0,0,0,,2
6603098,M,N,N,1,157500,Working,Secondary / secondary special,Married,With parents,-10479,-950,1,1,1,0,High skill tech staff,3
6603178,M,N,Y,1,180000,Working,Higher education,Married,House / apartment,-11610,-2319,1,0,0,0,,1
6603184,M,N,Y,1,180000,Working,Higher education,Married,House / apartment,-11610,-2319,1,0,0,0,,3
6603188,M,N,Y,1,180000,Working,Higher education,Married,House / apartment,-11610,-2319,1,0,0,0,,3
6603309,M,Y,Y,0,292500,Commercial associate,Secondary / secondary special,Single / not married,House / apartment,-23634,-5485,1,0,0,0,Core staff,2
6603311,M,Y,Y,0,292500,Commercial associate,Secondary / secondary special,Married,House / apartment,-23634,-5485,1,0,0,0,Core staff,2
6603313,M,Y,Y,0,292500,Commercial associate,Secondary / secondary special,Married,House / apartment,-23634,-5485,1,0,0,0,Core staff,2
6603314,M,Y,Y,0,292500,Commercial associate,Secondary / secondary special,Married,House / apartment,-23634,-5485,1,0,0,0,Core staff,2
6603422,M,Y,Y,1,270000,Working,Secondary / secondary special,Married,House / apartment,-10115,-401,1,0,0,1,Drivers,3
6603423,M,Y,Y,1,270000,Working,Secondary / secondary special,Married,House / apartment,-10115,-401,1,0,0,1,Drivers,3
6603466,M,N,Y,0,202500,Working,Secondary / secondary special,Single / not married,House / apartment,-9292,-1224,1,0,0,0,Waiters/barmen staff,1
6603587,F,N,N,0,135000,Pensioner,Secondary / secondary special,Widow,House / apartment,-19839,365243,1,0,0,0,,1
6603645,M,Y,N,2,202500,Working,Secondary / secondary special,Married,House / apartment,-18377,-6064,1,1,0,0,Drivers,4
6603678,F,N,N,0,202500,Commercial associate,Secondary / secondary special,Married,House / apartment,-15124,-2958,1,1,1,0,Sales staff,2
6603686,M,N,N,0,103500,Working,Secondary / secondary special,Separated,Rented apartment,-19470,-4450,1,1,1,0,Laborers,1
6603688,M,N,N,0,103500,Working,Secondary / secondary special,Separated,Rented apartment,-19470,-4450,1,1,1,0,Laborers,1
6603752,M,N,N,3,103500,Working,Secondary / secondary special,Married,Municipal apartment,-12332,-432,1,0,1,0,Laborers,5
6603837,F,N,N,0,180000,Commercial associate,Higher education,Single / not married,House / apartment,-11460,-340,1,1,0,1,,1
6603868,F,Y,N,0,76500,Working,Higher education,Married,House / apartment,-11131,-97,1,0,1,0,,2
6603869,F,Y,N,0,76500,Working,Higher education,Married,House / apartment,-11131,-97,1,0,1,0,,2
6603870,F,Y,N,0,76500,Working,Higher education,Married,House / apartment,-11131,-97,1,0,1,0,,2
6603886,F,Y,N,0,135000,Working,Secondary / secondary special,Married,House / apartment,-17299,-554,1,1,0,0,High skill tech staff,2
6604063,M,Y,Y,0,202500,Working,Higher education,Married,House / apartment,-16772,-3208,1,1,1,0,Laborers,2
6604471,M,Y,Y,0,675000,Working,Secondary / secondary special,Married,House / apartment,-11475,-1685,1,0,0,1,Laborers,2
6604472,M,Y,Y,0,675000,Working,Secondary / secondary special,Married,House / apartment,-11475,-1685,1,0,0,1,Laborers,2
6604473,M,Y,Y,0,675000,Working,Secondary / secondary special,Married,House / apartment,-11475,-1685,1,0,0,1,Laborers,2
6604507,F,N,Y,1,337500,Commercial associate,Higher education,Married,House / apartment,-10690,-194,1,0,0,1,Managers,3
6604533,M,Y,Y,0,427500,Working,Secondary / secondary special,Civil marriage,House / apartment,-19894,-1229,1,0,0,0,Managers,2
6604534,M,Y,N,0,427500,Working,Secondary / secondary special,Civil marriage,House / apartment,-19894,-1229,1,0,0,0,Managers,2
6604535,M,Y,N,0,427500,Working,Secondary / secondary special,Civil marriage,House / apartment,-19894,-1229,1,0,0,0,Managers,2
6604536,M,Y,Y,0,427500,Working,Secondary / secondary special,Civil marriage,House / apartment,-19894,-1229,1,0,0,0,Managers,2
6604839,M,Y,Y,0,112500,Working,Higher education,Single / not married,House / apartment,-15056,-5034,1,1,0,0,High skill tech staff,1
6604890,F,N,Y,0,148500,Pensioner,Secondary / secondary special,Married,House / apartment,-22183,365243,1,0,0,0,,2
6604951,F,N,N,0,112500,Pensioner,Secondary / secondary special,Single / not married,House / apartment,-22451,365243,1,0,0,0,,1
6605386,M,Y,N,0,202500,Commercial associate,Secondary / secondary special,Married,Municipal apartment,-15009,-2905,1,1,0,1,Drivers,2
6605478,M,Y,N,2,337500,Pensioner,Higher education,Married,House / apartment,-15295,-1990,1,1,0,0,Managers,4
6605543,F,Y,N,0,112500,Working,Secondary / secondary special,Single / not married,House / apartment,-12637,-1809,1,0,0,0,Cleaning staff,2
6605625,F,N,N,0,135000,Commercial associate,Secondary / secondary special,Married,House / apartment,-11072,-864,1,0,1,0,Laborers,2
6605626,F,N,N,0,135000,Commercial associate,Secondary / secondary special,Married,House / apartment,-11072,-864,1,0,1,0,Laborers,2
6605691,M,Y,N,0,225000,Working,Higher education,Married,House / apartment,-11920,-986,1,0,1,0,,2
6605693,M,Y,N,0,225000,Working,Higher education,Married,House / apartment,-11920,-986,1,0,1,0,,2
6607854,F,N,N,0,112500,Working,Secondary / secondary special,Civil marriage,House / apartment,-16392,-9166,1,0,0,0,,2
6607857,M,Y,N,0,85500,Working,Secondary / secondary special,Single / not married,House / apartment,-18285,-127,1,1,1,0,Laborers,2
6607948,M,Y,Y,3,337500,Working,Higher education,Married,House / apartment,-13385,-218,1,1,0,0,,1
6608018,F,N,Y,0,90000,Pensioner,Secondary / secondary special,Single / not married,House / apartment,-19537,365243,1,0,0,0,,1
6608048,F,N,N,0,157500,Commercial associate,Secondary / secondary special,Married,House / apartment,-18288,-3018,1,0,0,0,Managers,2
6608085,F,Y,Y,0,180000,Working,Secondary / secondary special,Married,House / apartment,-18424,-5025,1,0,1,0,Sales staff,2
6608302,F,N,Y,0,112500,Working,Secondary / secondary special,Married,House / apartment,-22937,-431,1,0,0,0,Cleaning staff,2
6608309,F,N,Y,0,112500,Working,Secondary / secondary special,Married,House / apartment,-22937,-431,1,0,0,0,Cleaning staff,2
6608336,F,N,Y,2,121500,Working,Secondary / secondary special,Married,House / apartment,-14495,-1436,1,0,0,0,Sales staff,4
6608356,F,N,Y,0,135000,Pensioner,Lower secondary,Married,House / apartment,-22670,365243,1,0,0,0,,2
6608360,F,N,Y,0,135000,Pensioner,Lower secondary,Married,House / apartment,-22670,365243,1,0,0,0,,2
6608396,M,N,N,0,202500,Pensioner,Secondary / secondary special,Married,House / apartment,-20817,365243,1,0,0,0,,2
6608397,F,N,N,0,202500,Pensioner,Secondary / secondary special,Married,House / apartment,-20817,365243,1,0,0,0,,2
6608398,F,N,N,0,202500,Pensioner,Secondary / secondary special,Married,House / apartment,-20817,365243,1,0,0,0,,2
6608442,M,N,Y,1,202500,Commercial associate,Secondary / secondary special,Married,House / apartment,-14664,-2501,1,1,0,0,Drivers,3
6608443,M,N,Y,1,202500,Commercial associate,Secondary / secondary special,Married,House / apartment,-14664,-2501,1,1,0,0,Drivers,3
6608507,M,N,Y,0,144000,Pensioner,Higher education,Married,House / apartment,-18913,-4449,1,0,0,0,,2
6608658,F,N,Y,0,67500,Working,Secondary / secondary special,Single / not married,House / apartment,-18130,-523,1,0,0,0,Laborers,2
6608660,F,N,Y,0,67500,Working,Secondary / secondary special,Married,House / apartment,-18130,-523,1,0,0,0,Laborers,2
6608661,F,N,Y,0,67500,Working,Secondary / secondary special,Married,House / apartment,-18130,-523,1,0,0,0,Laborers,2
6611567,F,N,Y,0,270000,Working,Secondary / secondary special,Civil marriage,House / apartment,-15181,-350,1,0,1,0,Managers,2
6617773,M,Y,Y,0,202500,Pensioner,Secondary / secondary special,Married,House / apartment,-22293,365243,1,0,0,0,,2
6618176,M,N,Y,0,360000,Working,Secondary / secondary special,Married,House / apartment,-19144,-8647,1,0,0,0,Accountants,2
6618394,M,N,N,0,157500,Commercial associate,Secondary / secondary special,Single / not married,House / apartment,-18624,-1464,1,1,1,0,Cooking staff,2
6618411,F,N,N,0,67500,Pensioner,Secondary / secondary special,Separated,House / apartment,-20772,365243,1,0,0,0,,1
6618434,F,N,N,1,247500,Working,Higher education,Married,House / apartment,-11906,-2834,1,0,0,1,Managers,3
6618587,F,Y,Y,1,450000,State servant,Higher education,Married,House / apartment,-13717,-2225,1,0,0,0,Accountants,3
6618589,F,Y,Y,1,450000,State servant,Higher education,Married,House / apartment,-13717,-2225,1,0,0,0,Accountants,3
6618901,F,Y,N,2,450000,Commercial associate,Secondary / secondary special,Separated,House / apartment,-13386,-603,1,0,0,1,Managers,3
6618936,F,N,N,1,225000,Working,Higher education,Married,House / apartment,-16399,-968,1,0,0,0,,3
6618937,F,N,N,1,225000,Working,Higher education,Married,House / apartment,-16399,-968,1,0,0,0,,3
6620651,M,Y,N,0,202500,Working,Secondary / secondary special,Married,House / apartment,-14059,-867,1,1,0,0,Drivers,2
6620765,F,N,Y,0,90000,Working,Higher education,Married,House / apartment,-17858,-2342,1,0,0,0,Laborers,2
6620903,M,N,Y,0,315000,Pensioner,Higher education,Single / not married,House / apartment,-22355,365243,1,0,0,0,,2
6620905,M,N,Y,0,315000,Pensioner,Higher education,Married,House / apartment,-22355,365243,1,0,0,0,,2
6620908,M,N,Y,0,315000,Pensioner,Higher education,Married,House / apartment,-22355,365243,1,0,0,0,,2
6621041,M,N,Y,0,292500,Working,Higher education,Married,House / apartment,-10107,-790,1,1,0,0,Laborers,2
6621045,M,N,Y,0,292500,Working,Higher education,Married,House / apartment,-10107,-790,1,1,0,0,Laborers,2
6621114,M,Y,N,0,135000,Working,Higher education,Married,House / apartment,-21633,-1156,1,0,0,0,Managers,2
6621116,M,Y,Y,0,135000,Working,Higher education,Married,House / apartment,-21633,-1156,1,0,0,0,Managers,2
6621145,M,Y,Y,0,315000,Pensioner,Secondary / secondary special,Married,House / apartment,-21992,365243,1,0,0,0,,2
6621146,M,Y,Y,0,315000,Pensioner,Secondary / secondary special,Single / not married,House / apartment,-21992,365243,1,0,0,0,,2
6621175,M,Y,N,1,157500,Working,Secondary / secondary special,Married,House / apartment,-10502,-912,1,0,0,0,Laborers,3
6621176,M,Y,N,1,157500,Working,Secondary / secondary special,Single / not married,House / apartment,-10502,-912,1,0,0,0,Laborers,3
6621177,M,Y,Y,1,157500,Working,Secondary / secondary special,Married,House / apartment,-10502,-912,1,0,0,0,Laborers,3
6621312,F,N,Y,0,112500,Working,Secondary / secondary special,Single / not married,House / apartment,-14503,-486,1,0,0,0,Laborers,1
6621383,F,N,Y,0,157500,Working,Secondary / secondary special,Widow,House / apartment,-16637,-516,1,0,0,0,Laborers,1
6621384,F,N,Y,0,157500,Working,Secondary / secondary special,Widow,House / apartment,-16637,-516,1,0,0,0,Laborers,1
6621396,M,Y,Y,1,382500,Working,Secondary / secondary special,Married,House / apartment,-11415,-881,1,0,0,0,Laborers,3
6622692,M,Y,Y,0,225000,Commercial associate,Secondary / secondary special,Civil marriage,House / apartment,-21025,-500,1,0,0,0,Drivers,2
6622734,M,Y,Y,0,247500,Commercial associate,Secondary / secondary special,Married,House / apartment,-19568,-5005,1,0,0,0,Managers,2
6622735,M,Y,Y,0,247500,Commercial associate,Secondary / secondary special,Married,House / apartment,-19568,-5005,1,0,0,0,Managers,2
6622736,M,Y,Y,0,247500,Commercial associate,Secondary / secondary special,Married,House / apartment,-19568,-5005,1,0,0,0,Managers,2
6622737,M,Y,Y,0,247500,Commercial associate,Secondary / secondary special,Married,House / apartment,-19568,-5005,1,0,0,0,Managers,2
6622764,F,N,Y,0,225000,Commercial associate,Higher education,Married,House / apartment,-12688,-469,1,0,0,0,Accountants,2
6622766,F,N,Y,0,225000,Commercial associate,Higher education,Married,House / apartment,-12688,-469,1,0,0,0,Accountants,2
6622821,F,N,N,1,45000,Pensioner,Secondary / secondary special,Married,House / apartment,-22074,365243,1,0,1,0,,3
6622913,F,Y,N,1,148500,Working,Secondary / secondary special,Married,House / apartment,-15603,-8822,1,1,1,0,Medicine staff,1
6622916,F,Y,Y,1,148500,Working,Secondary / secondary special,Married,House / apartment,-15603,-8822,1,1,1,0,Medicine staff,3
6623152,F,Y,Y,2,112500,Working,Secondary / secondary special,Married,House / apartment,-12930,-5627,1,0,0,0,Laborers,4
6623165,F,Y,Y,2,112500,Working,Secondary / secondary special,Married,House / apartment,-12930,-5627,1,0,0,0,Laborers,4
6624650,M,Y,Y,0,202500,Working,Higher education,Single / not married,House / apartment,-11706,-274,1,0,1,1,Sales staff,1
6624809,F,N,N,0,135000,Working,Secondary / secondary special,Widow,House / apartment,-17114,-5052,1,0,0,0,Accountants,1
6624822,M,Y,Y,1,135256.5,Commercial associate,Secondary / secondary special,Single / not married,House / apartment,-14332,-151,1,1,0,0,Laborers,2
6624823,M,Y,Y,1,135256.5,Commercial associate,Secondary / secondary special,Single / not married,House / apartment,-14332,-151,1,1,0,0,Laborers,2
6624896,M,Y,Y,0,202500,Working,Secondary / secondary special,Married,House / apartment,-14259,-1400,1,0,0,0,Drivers,2
6624918,F,N,Y,1,67500,Working,Secondary / secondary special,Single / not married,House / apartment,-14727,-1004,1,0,0,0,Cleaning staff,2
6624920,F,N,Y,1,67500,Working,Secondary / secondary special,Single / not married,House / apartment,-14727,-1004,1,0,0,0,Cleaning staff,2
6624922,F,N,Y,1,67500,Working,Secondary / secondary special,Single / not married,House / apartment,-14727,-1004,1,0,0,0,Cleaning staff,2
6624926,F,N,Y,1,67500,Working,Secondary / secondary special,Single / not married,House / apartment,-14727,-1004,1,0,0,0,Cleaning staff,2
6624927,F,N,Y,1,67500,Working,Secondary / secondary special,Single / not married,House / apartment,-14727,-1004,1,0,0,0,Cleaning staff,2
6624928,F,N,Y,1,67500,Working,Secondary / secondary special,Single / not married,House / apartment,-14727,-1004,1,0,0,0,Cleaning staff,2
6624963,M,Y,N,2,180000,Pensioner,Secondary / secondary special,Single / not married,House / apartment,-12368,-1004,1,0,0,0,Drivers,1
6625125,F,N,N,0,85500,Commercial associate,Secondary / secondary special,Single / not married,House / apartment,-19818,-4899,1,0,0,0,Sales staff,1
6625128,F,N,Y,0,112500,Commercial associate,Secondary / secondary special,Single / not married,House / apartment,-15440,-4016,1,0,0,0,Sales staff,2
6625129,F,N,Y,0,112500,Commercial associate,Secondary / secondary special,Married,House / apartment,-15440,-4016,1,0,0,0,Sales staff,2
6625151,F,N,Y,0,382500,State servant,Higher education,Married,House / apartment,-20390,-2800,1,0,0,0,Accountants,2
6625324,M,N,N,0,112500,Working,Secondary / secondary special,Married,House / apartment,-11100,-728,1,0,0,0,Laborers,2
6629066,F,N,N,1,202500,Pensioner,Secondary / secondary special,Single / not married,House / apartment,-24813,365243,1,0,0,0,,2
6629234,F,N,Y,0,247500,Pensioner,Secondary / secondary special,Married,House / apartment,-24802,365243,1,0,0,0,,2
6629511,M,N,Y,1,135000,Working,Secondary / secondary special,Married,House / apartment,-12220,-1110,1,1,1,0,Laborers,3
6629567,F,N,N,0,225000,Working,Higher education,Married,House / apartment,-19632,-1750,1,0,1,1,Managers,2
6629936,F,N,Y,1,202500,Commercial associate,Secondary / secondary special,Separated,House / apartment,-15328,-1634,1,0,0,0,Managers,2
6629996,F,N,N,0,225000,Commercial associate,Higher education,Married,With parents,-14072,-6808,1,0,0,1,Managers,2
6630375,F,N,Y,0,81000,Working,Secondary / secondary special,Single / not married,House / apartment,-19615,-478,1,1,1,0,Core staff,1
6630390,F,N,Y,1,157500,Commercial associate,Secondary / secondary special,Single / not married,House / apartment,-12275,-1635,1,0,0,0,Sales staff,2
6630401,F,N,Y,0,180000,Working,Secondary / secondary special,Civil marriage,House / apartment,-17988,-630,1,0,1,0,Sales staff,2
6630441,M,N,N,0,225000,Working,Secondary / secondary special,Married,House / apartment,-16226,-2850,1,0,0,0,Laborers,2
6630576,F,Y,Y,1,675000,Pensioner,Higher education,Civil marriage,House / apartment,-15273,-1083,1,0,0,1,Managers,3
6630654,F,Y,Y,1,265500,Working,Higher education,Married,With parents,-10998,-2514,1,0,0,0,Accountants,3
6630655,F,Y,Y,1,265500,Working,Higher education,Married,With parents,-10998,-2514,1,0,0,0,Accountants,3
6630907,M,N,Y,0,202500,Commercial associate,Higher education,Married,House / apartment,-11501,-279,1,0,0,0,Core staff,2
6630912,F,N,Y,1,180000,Working,Higher education,Single / not married,House / apartment,-10081,-3139,1,0,0,1,Cooking staff,2
6630938,M,Y,Y,1,157500,Working,Secondary / secondary special,Married,House / apartment,-10570,-3322,1,1,0,0,Laborers,3
6630950,F,N,Y,2,270000,Working,Higher education,Civil marriage,House / apartment,-13480,-738,1,1,0,0,Managers,4
6630998,F,N,Y,0,180000,Working,Secondary / secondary special,Married,Municipal apartment,-16616,-1495,1,0,1,0,Laborers,2
6631018,M,N,Y,0,225000,Working,Secondary / secondary special,Separated,Municipal apartment,-16473,-1466,1,0,0,0,Laborers,1
6631055,F,N,Y,0,117000,Working,Secondary / secondary special,Married,House / apartment,-17463,-3504,1,1,1,0,,2
6631284,M,Y,Y,1,405000,Working,Secondary / secondary special,Single / not married,House / apartment,-13519,-2775,1,0,0,0,Laborers,3
6631302,F,N,Y,0,207000,State servant,Secondary / secondary special,Married,House / apartment,-15232,-1650,1,1,0,0,Medicine staff,2
6633019,F,Y,Y,0,180000,Pensioner,Secondary / secondary special,Married,House / apartment,-21820,365243,1,0,0,0,,2
6636132,F,N,Y,0,261000,Working,Higher education,Married,House / apartment,-17747,-9705,1,0,0,0,,2
6636136,F,N,N,0,261000,Working,Higher education,Single / not married,House / apartment,-17747,-9705,1,0,0,1,,2
6636229,F,Y,N,0,157500,Working,Higher education,Married,House / apartment,-19934,-271,1,0,1,1,Managers,2
6636403,F,N,Y,1,202500,State servant,Higher education,Separated,House / apartment,-12723,-2400,1,0,0,1,Accountants,2
6636405,F,N,Y,1,202500,State servant,Higher education,Separated,House / apartment,-12723,-2400,1,0,0,1,Accountants,2
6636406,F,N,Y,1,202500,Pensioner,Higher education,Separated,House / apartment,-12723,-2400,1,0,0,1,Accountants,2
6636409,F,N,Y,1,202500,State servant,Higher education,Separated,House / apartment,-12723,-2400,1,0,0,1,Accountants,2
6636411,F,N,N,1,202500,State servant,Higher education,Separated,House / apartment,-12723,-2400,1,0,0,1,Accountants,2
6636530,F,N,Y,0,157500,Working,Secondary / secondary special,Married,House / apartment,-21162,-1793,1,0,0,0,Core staff,2
6636955,F,N,Y,0,225000,Working,Academic degree,Married,House / apartment,-18709,-5261,1,0,0,0,Laborers,2
6636957,F,N,N,0,225000,Working,Academic degree,Married,House / apartment,-18709,-5261,1,0,0,0,Laborers,2
6636961,F,N,Y,0,225000,Working,Academic degree,Single / not married,House / apartment,-18709,-5261,1,0,0,0,Laborers,2
6637093,F,Y,Y,0,135000,Commercial associate,Higher education,Married,House / apartment,-15729,-1275,1,0,1,0,Accountants,2
6637302,F,N,N,0,225000,Working,Higher education,Single / not married,House / apartment,-14666,-1733,1,1,1,0,Accountants,1
6637446,F,N,N,0,67500,State servant,Secondary / secondary special,Married,House / apartment,-12336,-180,1,0,0,0,Core staff,2
6637658,M,Y,N,1,157500,Working,Higher education,Married,House / apartment,-21293,-3375,1,1,1,0,,3
6637879,M,Y,N,2,157500,Working,Incomplete higher,Married,House / apartment,-11382,-787,1,1,1,0,Laborers,4
6637885,M,Y,N,2,157500,Working,Incomplete higher,Single / not married,House / apartment,-11382,-787,1,1,1,0,Laborers,4
6637951,F,N,Y,3,135000,State servant,Secondary / secondary special,Single / not married,House / apartment,-15645,-2310,1,1,1,0,Medicine staff,5
6638143,F,N,Y,0,157500,Pensioner,Secondary / secondary special,Married,House / apartment,-21404,365243,1,0,0,0,,2
6639483,M,Y,Y,1,180000,Working,Higher education,Married,House / apartment,-14526,-2538,1,0,0,0,,3
6639739,F,N,Y,1,135000,Working,Secondary / secondary special,Single / not married,House / apartment,-12088,-3876,1,1,1,0,Core staff,3
6640126,M,N,Y,0,171000,Working,Lower secondary,Married,House / apartment,-11423,-1046,1,1,1,0,Drivers,2
6640130,F,N,Y,0,202500,Working,Secondary / secondary special,Married,House / apartment,-16533,-589,1,0,0,0,Cooking staff,2
6640133,F,N,Y,0,202500,Working,Secondary / secondary special,Married,House / apartment,-16533,-589,1,0,0,0,Cooking staff,2
6640134,F,N,Y,0,202500,Working,Secondary / secondary special,Single / not married,House / apartment,-16533,-589,1,0,0,0,Cooking staff,2
6640136,F,N,Y,0,202500,Working,Secondary / secondary special,Married,House / apartment,-16533,-589,1,0,0,0,Cooking staff,2
6640137,F,N,Y,0,202500,Working,Secondary / secondary special,Single / not married,House / apartment,-16533,-589,1,0,0,0,Cooking staff,2
6641222,M,N,Y,1,225000,Working,Higher education,Married,House / apartment,-11754,-832,1,0,0,0,,1
6641424,M,Y,N,0,243000,Working,Secondary / secondary special,Separated,House / apartment,-19694,-5582,1,0,0,0,Drivers,1
6642800,F,N,Y,0,202500,Working,Secondary / secondary special,Married,House / apartment,-19801,-1733,1,0,0,0,Sales staff,2
6642895,M,Y,N,0,225000,Working,Secondary / secondary special,Married,House / apartment,-19561,-1279,1,0,0,0,Core staff,2
6642897,M,Y,N,0,225000,Working,Secondary / secondary special,Married,House / apartment,-19561,-1279,1,0,0,0,Core staff,2
6642919,M,Y,Y,0,270000,Pensioner,Secondary / secondary special,Married,House / apartment,-13050,-395,1,0,0,0,Security staff,2
6642921,M,Y,N,0,270000,Commercial associate,Secondary / secondary special,Married,House / apartment,-13050,-395,1,0,0,0,Security staff,2
6643043,F,Y,Y,0,99000,Pensioner,Secondary / secondary special,Married,House / apartment,-19988,-10440,1,0,1,0,,2
6643184,F,Y,Y,0,99000,Pensioner,Secondary / secondary special,Married,House / apartment,-23689,365243,1,0,0,0,,2
6643699,M,Y,Y,0,112500,Working,Secondary / secondary special,Single / not married,House / apartment,-12795,-637,1,0,0,0,Security staff,1
6643864,F,N,Y,0,112500,Working,Secondary / secondary special,Married,House / apartment,-19795,-2435,1,1,0,0,Sales staff,2
6651145,F,N,N,1,112500,Working,Higher education,Single / not married,House / apartment,-18574,-4922,1,0,1,0,,3
6651171,M,Y,Y,0,418500,Working,Secondary / secondary special,Single / not married,House / apartment,-11126,-601,1,0,0,0,Sales staff,1
6651183,M,N,Y,0,202500,State servant,Higher education,Single / not married,House / apartment,-13850,-2974,1,0,0,0,Core staff,1
6651184,M,N,Y,0,202500,State servant,Higher education,Single / not married,House / apartment,-13850,-2974,1,0,0,0,Core staff,1
6651613,F,N,N,0,112500,Working,Higher education,Married,House / apartment,-10333,-1090,1,1,0,0,Laborers,2
6651737,M,N,N,0,117000,Working,Incomplete higher,Married,House / apartment,-21774,-2125,1,1,1,0,Security staff,2
6651741,F,N,N,0,117000,Working,Incomplete higher,Married,House / apartment,-21774,-2125,1,1,1,0,Security staff,2
6652003,M,Y,N,0,180000,Commercial associate,Secondary / secondary special,Married,House / apartment,-12672,-2733,1,1,0,1,High skill tech staff,2
6652012,M,Y,N,0,180000,Commercial associate,Secondary / secondary special,Married,House / apartment,-12672,-2733,1,1,0,0,High skill tech staff,2
6652045,M,Y,N,2,225000,Working,Secondary / secondary special,Married,House / apartment,-13704,-3586,1,1,1,0,,4
6652315,M,Y,N,2,135000,Working,Secondary / secondary special,Married,House / apartment,-15458,-268,1,0,0,0,Drivers,4
6652531,F,N,Y,0,94500,Pensioner,Secondary / secondary special,Married,House / apartment,-21698,365243,1,0,1,0,,2
6652783,F,Y,Y,2,135000,Working,Higher education,Married,House / apartment,-10896,-149,1,0,0,0,Core staff,1
6652786,F,N,Y,0,81000,Working,Secondary / secondary special,Married,Municipal apartment,-21902,-9096,1,0,0,0,,2
6652789,F,N,Y,0,81000,Working,Secondary / secondary special,Married,Municipal apartment,-21902,-9096,1,0,0,0,,2
6652792,F,N,Y,0,81000,Working,Secondary / secondary special,Married,Municipal apartment,-21902,-9096,1,0,0,0,,2
6653122,F,N,Y,0,72000,State servant,Secondary / secondary special,Married,House / apartment,-20022,-12810,1,1,0,0,Medicine staff,2
6653124,F,N,Y,0,72000,State servant,Secondary / secondary special,Married,House / apartment,-20022,-12810,1,1,0,0,Medicine staff,2
6658365,M,N,Y,0,211500,Pensioner,Secondary / secondary special,Civil marriage,House / apartment,-22154,365243,1,0,0,0,,2
6659581,F,N,Y,0,207000,Working,Secondary / secondary special,Single / not married,House / apartment,-8895,-425,1,0,0,0,Laborers,1
6661068,F,Y,N,0,157500,Commercial associate,Secondary / secondary special,Married,House / apartment,-15113,-757,1,0,0,1,,2
6661419,M,Y,Y,1,270000,Commercial associate,Secondary / secondary special,Married,House / apartment,-14847,-2860,1,0,1,0,Managers,1
6664737,F,N,Y,2,157500,Working,Secondary / secondary special,Married,House / apartment,-16312,-9263,1,0,1,0,,4
6664832,M,Y,N,1,360000,Pensioner,Higher education,Married,House / apartment,-18669,365243,1,0,1,0,,3
6664880,F,N,Y,0,112500,Working,Secondary / secondary special,Widow,House / apartment,-23029,-9020,1,0,0,0,Cleaning staff,1
6664895,M,Y,Y,0,270000,Working,Secondary / secondary special,Married,House / apartment,-16251,-8320,1,0,1,0,Laborers,2
6664903,M,Y,Y,0,270000,Working,Secondary / secondary special,Married,House / apartment,-16251,-8320,1,0,1,0,Laborers,2
6664904,M,Y,Y,0,270000,Working,Secondary / secondary special,Married,House / apartment,-16251,-8320,1,0,1,0,Laborers,2
6664957,F,N,Y,1,337500,Commercial associate,Higher education,Married,House / apartment,-15576,-2050,1,0,0,0,Accountants,3
6665537,M,Y,Y,1,94500,Working,Secondary / secondary special,Married,House / apartment,-10493,-3596,1,1,1,0,Laborers,3
6665545,M,N,Y,0,81000,State servant,Secondary / secondary special,Married,House / apartment,-14044,-3384,1,0,0,0,,2
6665550,F,N,N,0,81000,State servant,Secondary / secondary special,Married,House / apartment,-14044,-3384,1,0,0,0,,2
6665551,F,N,Y,0,81000,State servant,Secondary / secondary special,Married,House / apartment,-14044,-3384,1,0,0,0,,2
6669897,M,N,Y,0,225000,Working,Secondary / secondary special,Married,House / apartment,-15795,-1440,1,0,1,0,,2
6669900,M,N,Y,2,103500,Working,Secondary / secondary special,Married,House / apartment,-12354,-2687,1,0,0,0,Laborers,4
6669960,F,N,Y,0,157500,Commercial associate,Secondary / secondary special,Single / not married,House / apartment,-15893,-191,1,0,0,0,,1
6670103,M,Y,Y,1,382500,Commercial associate,Secondary / secondary special,Married,House / apartment,-16493,-1410,1,0,0,0,Drivers,3
6670302,F,N,Y,0,270000,Commercial associate,Secondary / secondary special,Married,House / apartment,-12558,-3097,1,0,1,0,Managers,2
6670622,F,N,Y,0,450000,Working,Secondary / secondary special,Widow,House / apartment,-18359,-3127,1,0,1,0,Sales staff,1
6670625,F,N,Y,0,90000,Commercial associate,Secondary / secondary special,Married,House / apartment,-19755,-1909,1,0,0,0,Medicine staff,2
6671583,F,N,Y,0,135000,Working,Higher education,Married,House / apartment,-21289,-3468,1,0,0,0,,2
6671739,F,Y,Y,2,157500,Working,Secondary / secondary special,Married,House / apartment,-15901,-3711,1,0,0,0,Cleaning staff,4
6671795,F,N,Y,0,135000,Working,Secondary / secondary special,Civil marriage,With parents,-9191,-577,1,0,0,0,Sales staff,2
6671891,F,N,Y,1,157500,Working,Secondary / secondary special,Single / not married,House / apartment,-13300,-2038,1,0,0,0,,3
6674443,M,Y,Y,2,202500,Working,Higher education,Married,House / apartment,-10550,-3124,1,1,1,0,Laborers,1
6674691,F,N,N,1,247500,Working,Secondary / secondary special,Married,House / apartment,-17293,-1328,1,0,0,0,Cooking staff,3
6674819,F,N,Y,0,112500,Commercial associate,Secondary / secondary special,Married,House / apartment,-20316,-901,1,1,1,0,Cleaning staff,2
6674820,F,N,Y,0,112500,Commercial associate,Secondary / secondary special,Married,House / apartment,-20316,-901,1,1,1,0,Cleaning staff,2
6674914,F,N,N,1,112500,Working,Secondary / secondary special,Single / not married,House / apartment,-12743,-1913,1,0,0,0,,2
6682193,M,N,N,0,112500,Working,Secondary / secondary special,Married,House / apartment,-11947,-420,1,1,0,0,Laborers,2
6682197,M,N,N,0,112500,Working,Secondary / secondary special,Married,House / apartment,-11947,-420,1,1,0,0,Laborers,2
6684831,F,N,Y,0,76500,Pensioner,Secondary / secondary special,Married,House / apartment,-23760,365243,1,0,1,0,,2
6684832,M,Y,Y,1,450000,State servant,Secondary / secondary special,Married,House / apartment,-18724,-695,1,0,0,0,Accountants,3
6684847,M,Y,Y,1,450000,State servant,Secondary / secondary special,Married,House / apartment,-18724,-695,1,0,0,0,Accountants,1
6684938,F,N,Y,0,135000,Working,Secondary / secondary special,Single / not married,House / apartment,-19313,-4772,1,1,1,0,,2
6684939,F,N,Y,0,135000,Working,Secondary / secondary special,Married,House / apartment,-19313,-4772,1,1,1,0,,2
6684946,F,N,Y,0,135000,Working,Secondary / secondary special,Married,House / apartment,-19313,-4772,1,1,1,0,,2
6684976,F,Y,Y,0,54994.5,Pensioner,Higher education,Single / not married,House / apartment,-21967,365243,1,0,0,0,,1
6684977,F,Y,Y,0,54994.5,Pensioner,Higher education,Single / not married,House / apartment,-21967,365243,1,0,0,0,,1
6684984,F,N,Y,0,121500,Working,Secondary / secondary special,Separated,House / apartment,-14343,-1577,1,1,0,0,Laborers,1
6685052,F,N,Y,0,180000,Working,Secondary / secondary special,Single / not married,House / apartment,-19972,-12748,1,0,1,0,Laborers,1
6685071,F,N,N,1,279000,Working,Higher education,Married,House / apartment,-13059,-1669,1,0,0,0,,1
6685080,F,Y,N,0,135000,Commercial associate,Secondary / secondary special,Single / not married,House / apartment,-15433,-361,1,1,0,0,Sales staff,1
6685416,F,N,N,0,202500,Working,Secondary / secondary special,Married,House / apartment,-15601,-1881,1,1,1,0,Managers,2
6685547,M,N,Y,1,135000,Working,Secondary / secondary special,Married,House / apartment,-15118,-4226,1,0,0,1,Drivers,3
6685667,F,N,Y,0,225000,Commercial associate,Secondary / secondary special,Single / not married,House / apartment,-22273,-2887,1,0,0,0,,1
6686278,F,Y,Y,1,135000,Working,Secondary / secondary special,Separated,House / apartment,-14751,-179,1,0,0,0,Private service staff,2
6686281,F,Y,N,1,135000,Working,Secondary / secondary special,Separated,House / apartment,-14751,-179,1,0,0,0,Private service staff,2
6686283,F,Y,Y,1,135000,Working,Secondary / secondary special,Separated,House / apartment,-14751,-179,1,0,0,0,Private service staff,2
6686457,F,N,Y,1,112500,Working,Secondary / secondary special,Married,House / apartment,-10349,-1701,1,1,0,0,Sales staff,3
6687771,F,N,N,0,121500,Working,Secondary / secondary special,Married,House / apartment,-17849,-9732,1,1,0,0,Laborers,2
6687772,F,N,Y,0,121500,Working,Secondary / secondary special,Married,House / apartment,-17849,-9732,1,1,0,0,Laborers,2
6687789,M,N,Y,0,36000,Pensioner,Secondary / secondary special,Separated,House / apartment,-21955,365243,1,0,1,0,,1
6687854,M,N,N,1,157500,Working,Secondary / secondary special,Married,House / apartment,-10095,-2152,1,0,0,0,Laborers,3
6688288,F,Y,Y,0,225000,Working,Secondary / secondary special,Married,House / apartment,-17692,-1514,1,0,0,0,Core staff,2
6688597,F,N,Y,0,121500,Pensioner,Secondary / secondary special,Single / not married,House / apartment,-22935,365243,1,0,0,0,,2
6688711,F,N,N,0,225000,Commercial associate,Higher education,Married,House / apartment,-17342,-7731,1,0,0,1,IT staff,2
6688794,F,N,Y,0,225000,Working,Secondary / secondary special,Separated,House / apartment,-21684,-3228,1,0,0,0,High skill tech staff,1
6689118,M,N,N,0,270000,Commercial associate,Higher education,Single / not married,Municipal apartment,-9355,-1128,1,0,0,1,Core staff,1
6689127,M,Y,Y,0,157500,Commercial associate,Secondary / secondary special,Married,House / apartment,-9858,-123,1,0,0,1,Laborers,2
6689145,F,N,Y,0,67500,Pensioner,Secondary / secondary special,Civil marriage,House / apartment,-20728,365243,1,0,0,0,,2
6689498,M,N,N,0,157500,Commercial associate,Secondary / secondary special,Married,House / apartment,-18624,-1464,1,1,1,0,Cooking staff,2
6689723,F,N,Y,1,135000,Working,Secondary / secondary special,Married,House / apartment,-13469,-3226,1,0,0,0,Laborers,3
6689725,F,N,Y,1,135000,Working,Secondary / secondary special,Married,House / apartment,-13469,-3226,1,0,0,0,Laborers,3
6689895,F,N,N,0,90000,Pensioner,Secondary / secondary special,Separated,House / apartment,-21833,365243,1,0,0,0,,1
6690017,M,N,N,0,112500,Working,Secondary / secondary special,Civil marriage,House / apartment,-10008,-2253,1,1,1,0,Laborers,2
6690019,M,N,N,0,112500,Working,Secondary / secondary special,Civil marriage,House / apartment,-10008,-2253,1,1,1,0,Laborers,2
6690021,M,N,N,0,112500,Working,Secondary / secondary special,Civil marriage,House / apartment,-10008,-2253,1,1,1,0,Laborers,2
6690339,F,N,Y,0,189000,Commercial associate,Secondary / secondary special,Civil marriage,House / apartment,-20045,-2222,1,0,1,0,Laborers,2
6690587,M,Y,N,1,180000,Working,Secondary / secondary special,Married,House / apartment,-15057,-2225,1,0,0,0,High skill tech staff,3
6690649,F,N,Y,0,360000,Working,Secondary / secondary special,Married,House / apartment,-19144,-8647,1,0,0,0,Accountants,2
6691478,F,N,N,0,90000,Working,Secondary / secondary special,Married,House / apartment,-18624,-2131,1,0,1,0,Sales staff,2
6691505,F,N,N,0,67500,Pensioner,Secondary / secondary special,Married,House / apartment,-23478,365243,1,0,1,0,,2
6691506,M,N,N,0,67500,Pensioner,Secondary / secondary special,Married,House / apartment,-23478,365243,1,0,1,0,,2
6691559,F,N,N,0,135000,Working,Secondary / secondary special,Separated,House / apartment,-16775,-1644,1,0,0,0,Sales staff,1
6691563,M,N,N,0,135000,Working,Secondary / secondary special,Separated,House / apartment,-16775,-1644,1,0,0,0,Sales staff,1
6691609,F,Y,N,0,225000,Working,Higher education,Civil marriage,House / apartment,-13933,-1583,1,1,0,0,High skill tech staff,2
6691715,F,N,N,0,162000,Pensioner,Secondary / secondary special,Single / not married,House / apartment,-22664,365243,1,0,0,0,,1
6691793,F,N,N,0,157500,Pensioner,Higher education,Married,House / apartment,-21472,365243,1,0,1,0,,2
6691946,M,N,N,0,270000,Working,Higher education,Married,House / apartment,-19074,-425,1,1,0,0,,2
6692012,M,Y,Y,1,157500,Working,Secondary / secondary special,Married,House / apartment,-15319,-884,1,0,0,0,,3
6692220,F,Y,Y,0,247500,State servant,Secondary / secondary special,Married,House / apartment,-18886,-3592,1,1,1,0,Core staff,2
6692575,F,Y,N,0,315000,Working,Secondary / secondary special,Married,Municipal apartment,-19704,-1615,1,0,0,1,Realty agents,2
6692607,F,N,Y,0,90000,Commercial associate,Secondary / secondary special,Single / not married,House / apartment,-21902,-7308,1,0,0,0,,2
6692846,M,Y,N,0,135000,Working,Higher education,Married,House / apartment,-14990,-213,1,0,0,1,Laborers,2
6693346,F,Y,Y,0,81000,Pensioner,Secondary / secondary special,Married,House / apartment,-19009,-2862,1,0,0,0,Laborers,2
6697450,M,N,N,0,117000,Pensioner,Secondary / secondary special,Widow,Municipal apartment,-21838,365243,1,0,0,0,,1
6697492,F,N,Y,0,135000,Commercial associate,Secondary / secondary special,Married,House / apartment,-10142,-1815,1,0,0,0,Waiters/barmen staff,2
6697842,M,N,Y,0,675000,Commercial associate,Secondary / secondary special,Single / not married,House / apartment,-15582,-1820,1,0,0,1,Managers,1
6697924,F,N,Y,0,202500,Working,Secondary / secondary special,Single / not married,House / apartment,-17053,-6232,1,0,1,0,Medicine staff,1
6697925,F,N,Y,0,202500,Working,Secondary / secondary special,Single / not married,House / apartment,-17053,-6232,1,0,1,0,Medicine staff,1
6698131,F,N,Y,1,135000,Working,Secondary / secondary special,Married,House / apartment,-12616,-4884,1,0,0,0,High skill tech staff,3
6698132,F,N,Y,1,135000,Working,Secondary / secondary special,Married,House / apartment,-12616,-4884,1,0,0,0,High skill tech staff,3
6698133,M,N,Y,1,135000,Working,Secondary / secondary special,Married,House / apartment,-12616,-4884,1,0,0,0,High skill tech staff,3
6698266,F,Y,Y,1,135000,Commercial associate,Secondary / secondary special,Single / not married,House / apartment,-9496,-958,1,0,0,0,Laborers,3
6698301,M,Y,N,1,112500,Working,Secondary / secondary special,Widow,House / apartment,-16097,-3028,1,0,1,0,,2
6698312,F,Y,N,1,112500,Working,Secondary / secondary special,Widow,House / apartment,-16097,-3028,1,0,1,0,,2
6699577,F,N,Y,0,225000,Pensioner,Secondary / secondary special,Single / not married,House / apartment,-22886,365243,1,0,0,0,,2
6702238,F,N,N,0,135000,Commercial associate,Secondary / secondary special,Civil marriage,House / apartment,-17871,-1743,1,0,0,0,Core staff,2
6702293,M,N,Y,0,180000,Working,Secondary / secondary special,Married,House / apartment,-21905,-1590,1,0,0,0,Laborers,2
6702298,M,N,Y,0,180000,Working,Secondary / secondary special,Married,House / apartment,-21905,-1590,1,0,0,0,Laborers,2
6702314,F,Y,Y,0,202500,Working,Secondary / secondary special,Married,House / apartment,-15419,-6399,1,0,0,0,Sales staff,2
6702374,M,Y,N,1,180000,Working,Higher education,Single / not married,Office apartment,-13348,-372,1,0,0,0,Drivers,2
6702569,F,N,Y,0,135000,Working,Secondary / secondary special,Married,Municipal apartment,-19302,-2533,1,0,1,0,Sales staff,2
6702580,F,N,Y,1,180000,Commercial associate,Higher education,Married,House / apartment,-15620,-1406,1,0,0,0,High skill tech staff,3
6702652,F,N,Y,0,202500,Working,Secondary / secondary special,Widow,House / apartment,-18275,-1743,1,0,0,0,Medicine staff,1
6702659,F,N,N,0,202500,Working,Secondary / secondary special,Widow,House / apartment,-18275,-1743,1,0,0,0,Medicine staff,1
6702677,M,Y,Y,0,270000,Commercial associate,Secondary / secondary special,Married,House / apartment,-19378,-1072,1,0,0,0,Drivers,2
6702678,M,Y,Y,0,270000,Commercial associate,Secondary / secondary special,Married,House / apartment,-19378,-1072,1,0,0,0,Drivers,2
6702699,M,Y,Y,0,247500,Commercial associate,Higher education,Separated,House / apartment,-18993,-1225,1,0,0,0,Managers,1
6704242,F,Y,N,0,112500,Commercial associate,Secondary / secondary special,Married,House / apartment,-9971,-937,1,0,0,0,Medicine staff,2
6704397,M,N,Y,1,112500,Working,Secondary / secondary special,Married,House / apartment,-11415,-2245,1,1,0,0,,3
6704603,M,N,N,1,180000,Working,Secondary / secondary special,Married,House / apartment,-10656,-926,1,1,1,0,Laborers,3
6704699,F,Y,Y,0,81000,Working,Secondary / secondary special,Married,House / apartment,-18381,-2451,1,0,0,0,Security staff,2
6704700,F,Y,Y,0,81000,Working,Secondary / secondary special,Married,House / apartment,-18381,-2451,1,0,0,0,Security staff,2
6704701,F,Y,Y,0,81000,Working,Secondary / secondary special,Married,House / apartment,-18381,-2451,1,0,0,0,Security staff,2
6704725,F,Y,Y,0,360000,Working,Higher education,Single / not married,House / apartment,-17217,-1749,1,0,0,0,,1
6704809,M,Y,Y,2,225000,Commercial associate,Secondary / secondary special,Married,House / apartment,-13773,-3575,1,0,0,0,Core staff,4
6709635,F,N,Y,0,135000,Pensioner,Secondary / secondary special,Single / not married,House / apartment,-22620,365243,1,0,0,0,,1
6709636,F,N,Y,0,135000,Pensioner,Secondary / secondary special,Single / not married,House / apartment,-22620,365243,1,0,0,0,,1
6709637,F,N,Y,0,135000,Pensioner,Secondary / secondary special,Single / not married,House / apartment,-22620,365243,1,0,0,0,,1
6709829,F,N,Y,0,135000,Commercial associate,Secondary / secondary special,Single / not married,House / apartment,-15458,-132,1,1,1,0,Sales staff,1
6711218,F,N,N,0,121500,Pensioner,Secondary / secondary special,Widow,House / apartment,-21814,365243,1,0,0,0,,1
6711498,F,N,Y,0,225000,Pensioner,Higher education,Married,House / apartment,-20502,365243,1,0,0,0,,2
6711551,F,N,Y,1,261000,Working,Secondary / secondary special,Married,Municipal apartment,-14360,-388,1,0,0,0,,3
6715402,M,Y,Y,2,180000,Working,Secondary / secondary special,Married,House / apartment,-12736,-1731,1,0,1,0,Laborers,1
6715403,M,Y,Y,2,180000,Working,Secondary / secondary special,Married,House / apartment,-12736,-1731,1,0,1,0,Laborers,4
6715605,M,Y,Y,3,585000,Commercial associate,Higher education,Married,House / apartment,-14446,-3032,1,0,1,0,Managers,5
6715606,M,Y,Y,3,585000,Commercial associate,Higher education,Married,House / apartment,-14446,-3032,1,0,1,0,Managers,5
6715767,M,N,Y,0,180000,Working,Secondary / secondary special,Civil marriage,House / apartment,-12690,-1022,1,1,0,0,Laborers,2
6723015,F,N,Y,0,94500,Working,Secondary / secondary special,Married,House / apartment,-22554,-2662,1,0,0,0,Cleaning staff,2
6723070,F,N,N,0,292500,Working,Secondary / secondary special,Married,House / apartment,-12379,-4453,1,0,0,1,Sales staff,2
6723144,M,N,N,0,247500,Commercial associate,Secondary / secondary special,Married,Rented apartment,-18993,-1747,1,0,0,1,Security staff,2
6723309,M,N,N,0,90000,Pensioner,Secondary / secondary special,Single / not married,Municipal apartment,-23478,365243,1,0,0,0,,1
6723310,F,N,N,0,90000,Pensioner,Secondary / secondary special,Single / not married,Municipal apartment,-23478,365243,1,0,0,0,,1
6723315,M,N,N,0,135000,Working,Secondary / secondary special,Single / not married,House / apartment,-13602,-1382,1,1,1,0,Drivers,1
6724146,M,Y,Y,0,315000,Working,Secondary / secondary special,Married,House / apartment,-11731,-1201,1,1,0,0,Managers,2
6725038,M,Y,Y,0,130500,Working,Higher education,Married,Office apartment,-15511,-2820,1,1,0,0,Managers,2
6725047,M,Y,N,0,130500,Working,Higher education,Married,Office apartment,-15511,-2820,1,1,0,0,Managers,2
6728066,M,Y,N,0,225000,Working,Higher education,Married,House / apartment,-10196,-752,1,0,0,0,Drivers,2
6728450,F,N,Y,0,112500,Working,Secondary / secondary special,Married,House / apartment,-12387,-3827,1,0,0,0,,2
6728451,F,N,Y,0,112500,Working,Secondary / secondary special,Married,House / apartment,-12387,-3827,1,0,0,0,,2
6728452,F,N,Y,0,112500,Working,Secondary / secondary special,Married,House / apartment,-12387,-3827,1,0,0,0,,2
6728456,F,N,Y,0,112500,Working,Secondary / secondary special,Married,House / apartment,-12387,-3827,1,0,0,0,,2
6730277,M,Y,Y,1,202500,Working,Higher education,Single / not married,House / apartment,-12588,-2189,1,0,0,1,,3
6730417,F,Y,N,0,157500,Commercial associate,Secondary / secondary special,Married,House / apartment,-18411,-849,1,0,0,0,Cooking staff,2
6731203,F,N,N,0,112500,Working,Secondary / secondary special,Widow,House / apartment,-21551,-11869,1,1,1,0,Medicine staff,1
6731213,F,N,N,0,112500,Working,Secondary / secondary special,Widow,House / apartment,-21551,-11869,1,1,1,0,Medicine staff,1
6731388,F,Y,N,0,157500,Commercial associate,Secondary / secondary special,Civil marriage,House / apartment,-18888,-788,1,0,0,0,Sales staff,2
6731390,F,Y,N,0,157500,Commercial associate,Secondary / secondary special,Civil marriage,House / apartment,-18888,-788,1,0,0,0,Sales staff,2
6731391,F,Y,N,0,157500,Commercial associate,Secondary / secondary special,Civil marriage,House / apartment,-18888,-788,1,0,0,0,Sales staff,2
6731392,F,Y,N,0,157500,Commercial associate,Secondary / secondary special,Civil marriage,House / apartment,-18888,-788,1,0,0,0,Sales staff,2
6731470,F,N,N,3,112500,Working,Secondary / secondary special,Married,Municipal apartment,-16014,-7547,1,0,1,0,,5
6731738,F,Y,Y,0,225000,Pensioner,Secondary / secondary special,Married,House / apartment,-22078,365243,1,0,0,0,,2
6731993,F,N,Y,1,202500,Commercial associate,Higher education,Married,House / apartment,-12568,-2068,1,0,0,1,,3
6736691,F,Y,Y,0,157500,Commercial associate,Secondary / secondary special,Married,House / apartment,-19065,-2404,1,0,1,1,Accountants,2
6736720,F,N,Y,1,90000,Commercial associate,Secondary / secondary special,Single / not married,House / apartment,-15776,-640,1,0,0,0,Cleaning staff,2
6737511,F,N,Y,1,101250,Working,Secondary / secondary special,Civil marriage,House / apartment,-11802,-411,1,1,0,0,Sales staff,1
6738580,M,Y,Y,0,216000,Pensioner,Higher education,Single / not married,House / apartment,-10860,-2769,1,0,0,0,Core staff,1
6738668,F,N,N,2,76500,Working,Secondary / secondary special,Married,House / apartment,-13661,-2115,1,1,1,0,Sales staff,4
6738732,F,N,N,0,112500,Pensioner,Lower secondary,Married,House / apartment,-23053,365243,1,0,0,0,,2
6738926,M,N,Y,0,85500,State servant,Higher education,Civil marriage,House / apartment,-10526,-2602,1,0,0,0,Core staff,2
6739105,M,N,N,0,112500,Pensioner,Secondary / secondary special,Widow,House / apartment,-22965,365243,1,0,0,0,,1
6741675,F,N,Y,0,193500,Commercial associate,Higher education,Separated,House / apartment,-16073,-1227,1,1,1,1,Managers,1
6741812,M,N,N,0,157500,Pensioner,Secondary / secondary special,Married,With parents,-11549,-3144,1,0,0,0,Core staff,2
6742049,F,Y,Y,1,157500,Working,Secondary / secondary special,Married,Municipal apartment,-10188,-1714,1,0,0,0,Sales staff,3
6742152,M,N,N,0,99000,Commercial associate,Secondary / secondary special,Single / not married,House / apartment,-9334,-253,1,1,0,0,Security staff,1
6742975,F,Y,Y,0,270000,Commercial associate,Higher education,Married,House / apartment,-22791,-5797,1,0,0,0,Managers,2
6743064,M,N,N,1,157500,Working,Secondary / secondary special,Married,House / apartment,-15842,-1322,1,0,0,0,Laborers,3
6743421,F,Y,Y,0,54000,Pensioner,Secondary / secondary special,Married,House / apartment,-22539,365243,1,0,1,0,,2
6743549,F,N,Y,0,1215000,Working,Secondary / secondary special,Single / not married,House / apartment,-17422,-313,1,0,0,0,Sales staff,1
6743617,M,Y,N,0,247500,Working,Higher education,Married,House / apartment,-9983,-3112,1,0,0,0,Core staff,2
6744059,M,Y,Y,0,202500,Working,Secondary / secondary special,Civil marriage,House / apartment,-17975,-160,1,0,0,0,Drivers,2
6744440,F,N,Y,0,270000,Commercial associate,Higher education,Single / not married,House / apartment,-21177,-2870,1,0,1,1,Accountants,1
6744448,M,Y,N,0,202500,Working,Secondary / secondary special,Single / not married,House / apartment,-14889,-3539,1,0,0,0,Laborers,2
6744562,M,Y,Y,0,180000,Working,Higher education,Single / not married,House / apartment,-11997,-1371,1,0,0,0,,2
6744602,F,N,Y,1,157500,Commercial associate,Secondary / secondary special,Married,House / apartment,-14444,-610,1,0,0,0,Laborers,1
6744889,M,Y,Y,1,157500,Working,Higher education,Married,House / apartment,-10340,-122,1,0,0,0,,3
6744920,F,N,N,0,157500,Commercial associate,Secondary / secondary special,Married,Municipal apartment,-21727,-791,1,0,1,0,Laborers,2
6746907,F,N,Y,0,135000,Working,Higher education,Civil marriage,House / apartment,-10007,-894,1,1,0,0,Laborers,2
6746910,F,N,Y,0,135000,Working,Higher education,Civil marriage,House / apartment,-10007,-894,1,1,0,0,Laborers,2
6747129,F,N,N,0,81000,Working,Secondary / secondary special,Married,House / apartment,-10548,-1898,1,1,1,0,Core staff,2
6747217,M,N,N,0,157500,Working,Secondary / secondary special,Single / not married,With parents,-9697,-255,1,0,0,0,,1
6747221,M,N,Y,0,157500,Working,Secondary / secondary special,Single / not married,With parents,-9697,-255,1,0,0,0,,1
6747222,M,Y,Y,0,225000,Working,Secondary / secondary special,Single / not married,House / apartment,-17711,-314,1,0,0,0,Laborers,1
6754993,M,N,Y,0,360000,Commercial associate,Secondary / secondary special,Married,House / apartment,-13856,-5183,1,0,1,0,Managers,2
6757837,F,Y,Y,0,180000,Working,Secondary / secondary special,Single / not married,House / apartment,-20765,-2572,1,0,1,0,,1
6757841,F,Y,Y,0,180000,Working,Secondary / secondary special,Single / not married,House / apartment,-20765,-2572,1,0,1,0,,1
6757954,F,N,Y,0,81000,Pensioner,Secondary / secondary special,Married,House / apartment,-19944,-3484,1,0,0,0,Laborers,2
6757955,F,N,Y,0,81000,Commercial associate,Secondary / secondary special,Married,House / apartment,-19944,-3484,1,0,0,0,Laborers,2
6757956,F,N,Y,0,81000,Commercial associate,Secondary / secondary special,Single / not married,House / apartment,-19944,-3484,1,0,0,0,Laborers,2
6757958,F,N,Y,0,81000,Commercial associate,Secondary / secondary special,Single / not married,House / apartment,-19944,-3484,1,0,0,0,Laborers,2
6758089,M,Y,Y,0,225000,Working,Higher education,Single / not married,House / apartment,-11526,-1293,1,1,0,1,Core staff,1
6758090,M,Y,Y,0,225000,Working,Higher education,Single / not married,House / apartment,-11526,-1293,1,1,0,1,Core staff,1
6758265,F,N,Y,1,247500,Working,Secondary / secondary special,Married,House / apartment,-12509,-5341,1,0,0,0,Core staff,3
6758378,F,N,Y,0,130500,Pensioner,Lower secondary,Single / not married,House / apartment,-20487,365243,1,0,1,0,,2
6758390,M,Y,N,2,135000,Working,Secondary / secondary special,Married,House / apartment,-10594,-2023,1,0,0,0,Drivers,4
6758447,M,N,Y,0,157500,Commercial associate,Incomplete higher,Single / not married,House / apartment,-8822,-654,1,1,0,0,Sales staff,1
6758972,M,Y,Y,0,180000,Pensioner,Higher education,Civil marriage,House / apartment,-18659,365243,1,0,0,0,,2
6759196,F,N,Y,1,121500,Working,Higher education,Single / not married,House / apartment,-16656,-631,1,0,0,0,,2
6759231,M,Y,N,2,337500,Working,Higher education,Married,House / apartment,-11810,-1662,1,1,0,0,,4
6759463,M,Y,N,0,99000,Working,Secondary / secondary special,Single / not married,House / apartment,-14213,-1423,1,0,0,0,,2
6759653,M,N,Y,0,225000,Pensioner,Higher education,Single / not married,House / apartment,-21417,365243,1,0,0,1,,1
6763333,F,N,Y,1,180000,Working,Secondary / secondary special,Separated,House / apartment,-15778,-999,1,1,1,0,Laborers,2
6763532,F,N,Y,0,90000,Working,Higher education,Single / not married,House / apartment,-15599,-2307,1,0,0,0,Sales staff,2
6763671,M,N,Y,1,225000,Working,Secondary / secondary special,Married,House / apartment,-14226,-1851,1,0,0,0,Managers,3
6763672,M,N,Y,1,225000,Working,Secondary / secondary special,Married,House / apartment,-14226,-1851,1,0,0,0,Managers,3
6763674,M,N,Y,1,225000,Working,Secondary / secondary special,Married,House / apartment,-14226,-1851,1,0,0,0,Managers,3
6763905,F,N,N,4,135000,Working,Secondary / secondary special,Widow,House / apartment,-12067,-4213,1,0,0,1,Laborers,5
6764020,F,N,Y,0,144000,Working,Secondary / secondary special,Single / not married,With parents,-10574,-377,1,1,0,0,,1
6764033,F,N,Y,0,112500,Pensioner,Secondary / secondary special,Married,House / apartment,-18243,-1656,1,0,0,0,Cooking staff,2
6778378,F,N,Y,0,54000,Working,Secondary / secondary special,Married,House / apartment,-15005,-4697,1,1,0,0,,2
6778427,M,Y,Y,0,69750,Pensioner,Secondary / secondary special,Single / not married,House / apartment,-22481,365243,1,0,1,0,,2
6778428,M,Y,Y,0,69750,Pensioner,Secondary / secondary special,Married,House / apartment,-22481,365243,1,0,1,0,,2
6778488,F,N,N,0,81000,Pensioner,Secondary / secondary special,Civil marriage,Municipal apartment,-20592,365243,1,0,0,0,,2
6778549,F,N,Y,0,81000,State servant,Secondary / secondary special,Single / not married,Office apartment,-12445,-620,1,0,0,0,Cooking staff,2
6778637,F,N,Y,0,135000,State servant,Secondary / secondary special,Married,House / apartment,-17568,-807,1,0,1,0,,2
6778638,F,N,Y,0,135000,State servant,Secondary / secondary special,Married,House / apartment,-17568,-807,1,0,1,0,,2
6778643,M,N,Y,0,135000,State servant,Secondary / secondary special,Married,House / apartment,-17568,-807,1,0,1,0,,2
6778645,F,N,Y,0,135000,State servant,Secondary / secondary special,Married,House / apartment,-17568,-807,1,0,1,0,,2
6778949,M,Y,N,0,112500,Working,Secondary / secondary special,Married,House / apartment,-9835,-1691,1,0,0,0,Laborers,2
6778950,M,Y,N,0,112500,Working,Secondary / secondary special,Married,House / apartment,-9835,-1691,1,0,0,0,Laborers,2
6778959,F,N,Y,1,135000,Working,Lower secondary,Single / not married,House / apartment,-15042,-1142,1,0,1,0,Core staff,2
6778960,F,N,Y,1,135000,Working,Lower secondary,Single / not married,House / apartment,-15042,-1142,1,0,1,0,Core staff,2
6778961,F,N,Y,1,135000,Working,Lower secondary,Single / not married,House / apartment,-15042,-1142,1,0,1,0,Core staff,2
6779729,F,Y,N,1,324000,Commercial associate,Higher education,Married,Rented apartment,-18194,-1222,1,0,0,0,Sales staff,3
6779884,M,Y,Y,2,180000,Commercial associate,Secondary / secondary special,Married,House / apartment,-11653,-2018,1,0,0,1,Drivers,4
6779887,M,Y,Y,2,180000,Pensioner,Secondary / secondary special,Married,House / apartment,-11653,-2018,1,0,0,1,Drivers,4
6780325,M,N,Y,0,157500,Working,Higher education,Separated,House / apartment,-12026,-2509,1,0,0,1,Laborers,1
6780327,M,N,Y,0,157500,Working,Higher education,Separated,House / apartment,-12026,-2509,1,0,0,1,Laborers,1
6781099,M,Y,Y,0,202500,Commercial associate,Higher education,Married,Rented apartment,-10768,-1256,1,0,0,1,Sales staff,2
6781137,M,Y,N,1,225000,Working,Secondary / secondary special,Married,House / apartment,-11541,-1257,1,0,0,1,Drivers,3
6781507,F,N,Y,0,130500,Pensioner,Secondary / secondary special,Married,House / apartment,-22356,365243,1,0,0,0,,2
6782007,M,Y,Y,0,292500,Working,Secondary / secondary special,Single / not married,House / apartment,-12278,-1310,1,0,0,0,Drivers,1
6782546,M,Y,Y,0,225000,Working,Secondary / secondary special,Married,House / apartment,-19490,-3713,1,0,1,0,Laborers,2
6782899,M,Y,Y,0,135000,Working,Secondary / secondary special,Married,House / apartment,-14966,-1828,1,0,0,0,Laborers,2
6782921,F,N,Y,0,202500,Working,Secondary / secondary special,Married,House / apartment,-13880,-306,1,0,0,0,Laborers,2
6782922,F,N,N,0,202500,Working,Secondary / secondary special,Single / not married,House / apartment,-13880,-306,1,0,0,0,Laborers,2
6782923,F,N,Y,0,202500,Working,Secondary / secondary special,Married,House / apartment,-13880,-306,1,0,0,0,Laborers,2
6782994,F,Y,Y,0,270000,Pensioner,Higher education,Separated,House / apartment,-20706,365243,1,0,0,1,,1
6783242,M,Y,N,2,193500,Working,Secondary / secondary special,Married,House / apartment,-11869,-306,1,1,1,0,Drivers,4
6783484,M,Y,Y,0,225000,Working,Secondary / secondary special,Single / not married,House / apartment,-14981,-759,1,0,0,0,Laborers,1
6783487,M,Y,Y,0,225000,Working,Secondary / secondary special,Single / not married,House / apartment,-14981,-759,1,0,0,0,Laborers,1
6783672,M,Y,N,0,121500,Working,Secondary / secondary special,Single / not married,With parents,-9698,-882,1,0,0,0,High skill tech staff,1
6783673,M,Y,Y,0,121500,Working,Secondary / secondary special,Single / not married,With parents,-9698,-882,1,0,0,0,High skill tech staff,1
6785792,F,N,Y,0,211500,Working,Secondary / secondary special,Separated,House / apartment,-18257,-1232,1,1,0,0,Laborers,1
6785866,F,Y,Y,1,112500,Working,Higher education,Separated,House / apartment,-14145,-1171,1,0,0,1,Core staff,2
6785871,F,Y,Y,1,112500,Working,Higher education,Separated,House / apartment,-14145,-1171,1,0,0,1,Core staff,2
6785872,F,Y,Y,1,112500,Working,Higher education,Separated,House / apartment,-14145,-1171,1,0,0,0,Core staff,2
6786142,F,N,Y,1,225000,Commercial associate,Higher education,Widow,House / apartment,-16747,-1734,1,1,0,0,Sales staff,2
6786296,F,Y,N,0,90000,Working,Higher education,Married,House / apartment,-17573,-393,1,0,0,0,Core staff,2
6786312,F,N,N,0,90000,Working,Secondary / secondary special,Married,House / apartment,-10677,-2799,1,1,0,0,,2
6789949,F,N,Y,3,135000,Commercial associate,Higher education,Married,House / apartment,-13450,-4121,1,0,0,0,Core staff,5
6790162,F,Y,Y,0,315000,Working,Higher education,Single / not married,House / apartment,-17889,-5400,1,0,0,0,Accountants,1
6792365,M,Y,N,2,112500,Working,Secondary / secondary special,Married,House / apartment,-10881,-3549,1,0,0,0,Laborers,4
6792440,F,N,N,0,135000,Commercial associate,Secondary / secondary special,Married,House / apartment,-12572,-79,1,0,0,0,Private service staff,2
6792441,F,N,N,0,135000,Commercial associate,Secondary / secondary special,Married,House / apartment,-12572,-79,1,0,0,0,Private service staff,2
6792630,M,Y,N,1,180000,Working,Higher education,Married,House / apartment,-16870,-293,1,0,0,0,Laborers,3
6792633,M,Y,Y,1,180000,Working,Higher education,Married,House / apartment,-16870,-293,1,0,0,0,Laborers,3
6793064,F,Y,N,0,135000,Pensioner,Secondary / secondary special,Widow,House / apartment,-20535,365243,1,0,1,0,,1
6793134,F,N,N,0,159750,Commercial associate,Secondary / secondary special,Separated,House / apartment,-20428,-1663,1,1,0,0,High skill tech staff,1
6793135,F,N,N,0,159750,Commercial associate,Secondary / secondary special,Separated,House / apartment,-20428,-1663,1,1,0,0,High skill tech staff,1
6793140,F,N,N,0,159750,Commercial associate,Secondary / secondary special,Separated,House / apartment,-20428,-1663,1,1,0,0,High skill tech staff,1
6793276,F,N,N,0,148500,Working,Secondary / secondary special,Single / not married,House / apartment,-19399,-4067,1,1,1,0,Laborers,1
6793280,F,N,N,0,148500,Working,Secondary / secondary special,Single / not married,House / apartment,-19399,-4067,1,1,1,0,Laborers,1
6793428,F,Y,N,1,135000,Working,Secondary / secondary special,Married,House / apartment,-15048,-324,1,1,0,0,Cooking staff,3
6793646,M,Y,Y,1,267750,Commercial associate,Secondary / secondary special,Married,House / apartment,-20698,-2606,1,0,0,0,Managers,3
6793647,M,Y,Y,1,267750,Commercial associate,Secondary / secondary special,Married,House / apartment,-20698,-2606,1,0,0,0,Managers,3
6793970,F,N,Y,0,90000,Pensioner,Secondary / secondary special,Married,House / apartment,-21413,365243,1,0,1,0,,2
6793975,F,N,Y,0,90000,Pensioner,Secondary / secondary special,Married,House / apartment,-21413,365243,1,0,1,0,,2
6796928,F,N,N,1,90000,Working,Secondary / secondary special,Single / not married,House / apartment,-15044,-3397,1,0,0,0,Laborers,2
6798036,M,Y,Y,0,135000,Working,Secondary / secondary special,Married,House / apartment,-18346,-1903,1,0,0,0,Drivers,2
6798038,M,Y,Y,0,135000,Working,Secondary / secondary special,Married,House / apartment,-18346,-1903,1,0,0,0,Drivers,2
6798086,F,N,Y,0,157500,Pensioner,Secondary / secondary special,Married,House / apartment,-22995,365243,1,0,1,0,,2
6798508,M,N,N,0,135000,Working,Secondary / secondary special,Single / not married,House / apartment,-17235,-5150,1,0,1,0,Laborers,2
6798514,F,N,Y,0,202500,Commercial associate,Higher education,Married,House / apartment,-19440,-2351,1,0,0,0,Low-skill Laborers,2
6798542,F,N,Y,0,292500,Commercial associate,Higher education,Married,House / apartment,-11033,-1439,1,0,1,1,Managers,2
6798581,F,N,N,0,108000,Working,Secondary / secondary special,Married,House / apartment,-17728,-1378,1,1,0,0,,2
6798594,F,N,N,0,108000,Working,Secondary / secondary special,Married,House / apartment,-17728,-1378,1,1,0,0,,2
6798618,F,N,N,0,135000,Commercial associate,Secondary / secondary special,Married,House / apartment,-11591,-129,1,0,0,0,,2
6798888,F,N,Y,0,180000,Commercial associate,Secondary / secondary special,Civil marriage,House / apartment,-19639,-6126,1,0,0,0,Sales staff,2
6798889,F,N,Y,0,180000,Commercial associate,Secondary / secondary special,Civil marriage,House / apartment,-19639,-6126,1,0,0,0,Sales staff,2
6799007,F,N,N,0,180000,Pensioner,Secondary / secondary special,Single / not married,House / apartment,-21377,365243,1,0,0,0,,1
6799167,F,Y,Y,0,202500,Commercial associate,Secondary / secondary special,Married,House / apartment,-18768,-7130,1,0,0,0,Managers,2
6799304,M,Y,Y,2,90000,Commercial associate,Higher education,Married,House / apartment,-12531,-2778,1,0,0,0,Accountants,4
6799392,F,N,Y,0,270000,Commercial associate,Higher education,Single / not married,House / apartment,-21177,-2870,1,0,1,1,Accountants,1
6799393,F,N,Y,0,270000,Commercial associate,Higher education,Single / not married,House / apartment,-21177,-2870,1,0,1,0,Accountants,1
6799394,F,N,Y,0,270000,Commercial associate,Higher education,Single / not married,House / apartment,-21177,-2870,1,0,1,1,Accountants,1
6799395,F,N,Y,0,270000,Commercial associate,Higher education,Single / not married,House / apartment,-21177,-2870,1,0,1,1,Accountants,1
6799399,M,N,Y,0,292500,Working,Secondary / secondary special,Civil marriage,House / apartment,-13909,-6583,1,0,0,0,Laborers,2
6799400,M,N,Y,0,292500,Working,Secondary / secondary special,Civil marriage,House / apartment,-13909,-6583,1,0,0,0,Laborers,2
6800639,M,Y,Y,2,90000,Working,Secondary / secondary special,Single / not married,House / apartment,-12763,-2255,1,0,0,0,Drivers,4
6800643,M,Y,Y,2,90000,Working,Secondary / secondary special,Married,House / apartment,-12763,-2255,1,0,0,0,Drivers,1
6800898,F,N,N,0,180000,Working,Secondary / secondary special,Married,House / apartment,-16865,-1552,1,0,1,1,High skill tech staff,2
6800963,F,N,Y,0,360000,Commercial associate,Higher education,Civil marriage,House / apartment,-14785,-917,1,1,0,0,Sales staff,2
6801592,F,N,Y,0,112500,State servant,Secondary / secondary special,Married,House / apartment,-13659,-4235,1,0,0,0,Core staff,2
6801595,F,N,Y,0,112500,State servant,Secondary / secondary special,Married,House / apartment,-13659,-4235,1,0,0,0,Core staff,2
6801596,F,N,Y,0,112500,Pensioner,Secondary / secondary special,Married,House / apartment,-13659,-4235,1,0,0,0,Core staff,2
6805976,M,Y,Y,0,135000,Working,Secondary / secondary special,Married,House / apartment,-22179,-6760,1,0,0,0,Laborers,2
6806006,F,N,N,2,81000,Pensioner,Secondary / secondary special,Married,Office apartment,-19019,365243,1,0,0,0,,4
6806080,M,Y,Y,0,157500,Pensioner,Higher education,Single / not married,House / apartment,-17767,365243,1,0,0,0,,1
6806083,M,Y,Y,0,157500,Pensioner,Higher education,Single / not married,House / apartment,-17767,365243,1,0,0,0,,1
6806085,M,Y,Y,0,157500,Pensioner,Higher education,Single / not married,House / apartment,-17767,365243,1,0,0,0,,1
6806287,F,Y,N,3,144000,Working,Secondary / secondary special,Married,House / apartment,-10292,-3201,1,1,1,0,Managers,5
6806290,F,Y,N,3,144000,Working,Secondary / secondary special,Married,House / apartment,-10292,-3201,1,1,1,0,Managers,5
6806376,M,N,N,0,112500,State servant,Higher education,Married,House / apartment,-16213,-2409,1,1,1,0,Managers,2
6806434,F,Y,N,0,135000,Pensioner,Secondary / secondary special,Separated,House / apartment,-22559,365243,1,0,1,0,,1
6806435,F,Y,N,0,135000,Pensioner,Secondary / secondary special,Separated,House / apartment,-22559,365243,1,0,1,0,,1
6806462,F,N,N,1,157500,Working,Secondary / secondary special,Married,With parents,-10182,-886,1,0,1,0,Sales staff,3
6806483,M,Y,N,0,202500,Pensioner,Secondary / secondary special,Single / not married,House / apartment,-17872,-1495,1,0,1,0,Laborers,1
6806539,F,Y,N,0,180000,Working,Secondary / secondary special,Married,Office apartment,-14752,-7918,1,1,1,0,Medicine staff,2
6806546,F,Y,N,0,180000,Working,Secondary / secondary special,Married,Office apartment,-14752,-7918,1,1,1,0,Medicine staff,2
6806909,F,Y,Y,1,180000,Working,Secondary / secondary special,Married,House / apartment,-16049,-187,1,0,1,0,High skill tech staff,1
6806911,F,Y,N,1,180000,Working,Secondary / secondary special,Married,House / apartment,-16049,-187,1,0,1,0,High skill tech staff,3
6806995,F,Y,Y,2,382500,Working,Secondary / secondary special,Married,House / apartment,-16361,-3170,1,0,0,0,Managers,4
6807236,M,Y,Y,0,99000,Working,Secondary / secondary special,Married,House / apartment,-13805,-2317,1,0,0,0,Laborers,2
6807259,M,Y,Y,0,135000,Working,Secondary / secondary special,Single / not married,House / apartment,-14656,-279,1,0,0,0,Security staff,2
6815297,F,N,Y,0,126000,Commercial associate,Secondary / secondary special,Single / not married,House / apartment,-20884,-2483,1,0,0,0,,1
6815341,F,N,Y,0,126000,Pensioner,Higher education,Married,House / apartment,-18856,-1449,1,1,1,0,Core staff,2
6815379,M,N,Y,0,270000,Commercial associate,Secondary / secondary special,Married,House / apartment,-20794,-1267,1,0,0,0,Security staff,2
6815531,M,N,Y,0,117000,Working,Secondary / secondary special,Married,House / apartment,-12821,-567,1,0,1,0,Laborers,2
6815533,M,N,Y,0,117000,Working,Secondary / secondary special,Married,House / apartment,-12821,-567,1,0,1,0,Laborers,2
6815537,M,N,Y,0,117000,Working,Secondary / secondary special,Married,House / apartment,-12821,-567,1,0,1,0,Laborers,2
6829576,M,N,N,0,261000,Working,Secondary / secondary special,Married,Municipal apartment,-18685,-1422,1,0,0,0,Cooking staff,2
6829581,M,N,Y,0,261000,Working,Secondary / secondary special,Married,Municipal apartment,-18685,-1422,1,0,0,0,Cooking staff,2
6829727,M,N,Y,0,135000,Working,Secondary / secondary special,Single / not married,House / apartment,-9195,-1242,1,0,0,1,Laborers,1
6829728,M,N,Y,0,135000,Working,Secondary / secondary special,Single / not married,House / apartment,-9195,-1242,1,0,0,1,Laborers,1
6829729,M,N,Y,0,135000,Working,Secondary / secondary special,Single / not married,House / apartment,-9195,-1242,1,0,0,1,Laborers,1
6829742,F,N,Y,0,99000,Working,Incomplete higher,Separated,House / apartment,-16649,-477,1,0,0,0,,1
6829905,F,Y,N,0,157500,Working,Secondary / secondary special,Separated,House / apartment,-17440,-3614,1,0,0,0,,1
6829927,F,N,N,0,180000,Commercial associate,Secondary / secondary special,Separated,House / apartment,-14324,-1301,1,1,1,0,Laborers,1
6830267,F,N,Y,0,360000,Pensioner,Secondary / secondary special,Married,House / apartment,-19439,365243,1,0,1,0,,2
6830273,F,N,N,0,360000,Pensioner,Secondary / secondary special,Married,House / apartment,-19439,365243,1,0,1,0,,2
6830275,F,N,Y,0,360000,Pensioner,Secondary / secondary special,Married,House / apartment,-19439,365243,1,0,1,0,,2
6830313,F,Y,N,0,90000,Pensioner,Secondary / secondary special,Married,House / apartment,-15943,-5165,1,1,1,0,Medicine staff,2
6830325,F,Y,N,0,186750,Working,Secondary / secondary special,Civil marriage,House / apartment,-12653,-2457,1,0,0,0,Laborers,2
6830789,M,Y,N,0,112500,Working,Secondary / secondary special,Married,House / apartment,-16688,-3557,1,0,0,0,Low-skill Laborers,2
6830794,M,Y,N,0,112500,Working,Secondary / secondary special,Married,House / apartment,-16688,-3557,1,0,0,0,Low-skill Laborers,2
6830797,M,Y,N,0,112500,Working,Secondary / secondary special,Married,House / apartment,-16688,-3557,1,0,0,0,Low-skill Laborers,2
6830870,F,N,N,0,90000,Pensioner,Secondary / secondary special,Single / not married,House / apartment,-23116,365243,1,0,1,0,,1
6832244,F,N,Y,2,144000,Working,Secondary / secondary special,Civil marriage,House / apartment,-13342,-2999,1,0,0,0,Laborers,4
6832600,F,Y,Y,1,315000,Commercial associate,Higher education,Single / not married,House / apartment,-15647,-1691,1,1,1,0,Managers,3
6832645,F,Y,Y,1,157500,Commercial associate,Secondary / secondary special,Married,House / apartment,-12216,-319,1,0,0,0,Laborers,3
6832846,F,N,N,0,180000,Pensioner,Secondary / secondary special,Married,Municipal apartment,-20514,365243,1,0,0,0,,2
6832883,M,Y,Y,0,90000,Commercial associate,Secondary / secondary special,Married,House / apartment,-10097,-1030,1,0,0,0,,2
6833073,F,N,Y,2,120150,Working,Higher education,Single / not married,House / apartment,-16533,-5229,1,0,1,0,,4
6833209,F,N,N,0,225000,Commercial associate,Secondary / secondary special,Separated,House / apartment,-16026,-1365,1,0,0,0,Sales staff,1
6835709,F,N,N,0,157500,Commercial associate,Higher education,Married,House / apartment,-14867,-2413,1,0,0,0,Laborers,2
6835727,F,Y,N,0,225000,Working,Secondary / secondary special,Married,House / apartment,-11010,-4271,1,0,0,0,Laborers,2
6835980,M,Y,Y,0,135000,Working,Incomplete higher,Married,House / apartment,-15293,-5244,1,1,1,0,,2
6835981,M,Y,Y,0,135000,Working,Incomplete higher,Married,House / apartment,-15293,-5244,1,1,1,0,,2
6835982,M,Y,Y,0,135000,Working,Incomplete higher,Married,House / apartment,-15293,-5244,1,1,1,0,,2
6836039,M,Y,N,0,157500,Working,Higher education,Married,House / apartment,-11619,-4149,1,0,0,0,Core staff,2
6836601,F,N,Y,0,337500,Working,Higher education,Single / not married,House / apartment,-9733,-309,1,0,0,0,Core staff,1
6836690,F,N,Y,0,202500,Pensioner,Secondary / secondary special,Widow,House / apartment,-22821,365243,1,0,1,0,,1
6836733,F,N,Y,0,67500,Pensioner,Secondary / secondary special,Widow,House / apartment,-21772,365243,1,0,0,0,,1
6836735,F,N,Y,0,67500,Pensioner,Secondary / secondary special,Widow,House / apartment,-21772,365243,1,0,0,0,,1
6836736,F,N,Y,0,67500,Pensioner,Secondary / secondary special,Widow,House / apartment,-21772,365243,1,0,0,0,,1
6836737,F,N,N,0,67500,Pensioner,Secondary / secondary special,Widow,House / apartment,-21772,365243,1,0,0,0,,1
6836809,F,N,Y,0,94500,Working,Secondary / secondary special,Single / not married,House / apartment,-18497,-399,1,0,1,0,Core staff,1
6836826,F,N,Y,0,90000,Pensioner,Secondary / secondary special,Married,House / apartment,-22219,365243,1,0,0,0,,2
6836901,F,N,Y,0,315000,Pensioner,Secondary / secondary special,Separated,House / apartment,-21976,365243,1,0,0,0,,1
6836902,F,N,Y,0,315000,Pensioner,Secondary / secondary special,Separated,House / apartment,-21976,365243,1,0,0,0,,1
6836990,M,N,N,0,360000,Commercial associate,Higher education,Separated,House / apartment,-16374,-606,1,0,0,0,Managers,1
6836991,F,N,N,0,360000,Commercial associate,Higher education,Separated,House / apartment,-16374,-606,1,0,0,0,Managers,1
6836995,F,N,N,0,360000,Commercial associate,Higher education,Separated,House / apartment,-16374,-606,1,0,0,0,Managers,1
6837198,F,N,N,0,211500,Pensioner,Higher education,Separated,House / apartment,-20490,365243,1,0,0,0,,1
6837235,F,N,Y,0,135000,Working,Secondary / secondary special,Married,House / apartment,-13589,-1093,1,0,0,0,Laborers,2
6837236,F,N,Y,0,135000,Working,Secondary / secondary special,Married,House / apartment,-13589,-1093,1,0,0,0,Laborers,2
6837264,F,N,N,2,90000,State servant,Higher education,Single / not married,House / apartment,-16062,-1275,1,0,0,0,Core staff,4
6837450,M,N,Y,1,135000,Working,Secondary / secondary special,Separated,House / apartment,-12972,-179,1,0,0,0,Security staff,2
6837452,M,N,N,1,135000,Working,Secondary / secondary special,Separated,House / apartment,-12972,-179,1,0,0,0,Security staff,2
6837454,M,Y,Y,1,162000,State servant,Secondary / secondary special,Married,House / apartment,-10890,-2675,1,0,0,0,Core staff,3
6837493,M,N,Y,0,180000,Pensioner,Secondary / secondary special,Married,House / apartment,-22845,365243,1,0,1,0,,2
6837707,M,N,Y,0,202500,Working,Higher education,Civil marriage,House / apartment,-13510,-2309,1,1,0,0,Laborers,2
6837905,M,Y,Y,1,355050,Working,Secondary / secondary special,Married,House / apartment,-15904,-2614,1,0,0,0,,3
6837906,M,Y,Y,1,355050,Working,Secondary / secondary special,Married,House / apartment,-15904,-2614,1,0,0,0,,3
6838056,F,N,Y,0,135000,State servant,Secondary / secondary special,Married,House / apartment,-18997,-483,1,0,0,0,,2
6839651,F,N,Y,3,99000,Pensioner,Secondary / secondary special,Single / not married,House / apartment,-18832,365243,1,0,0,0,,1
6839890,F,N,N,0,157500,Pensioner,Secondary / secondary special,Single / not married,House / apartment,-22551,365243,1,0,0,0,,1
6839917,F,N,Y,0,180000,Pensioner,Higher education,Married,House / apartment,-10966,-2704,1,0,0,0,,2
6839936,M,Y,Y,1,135000,Working,Secondary / secondary special,Married,House / apartment,-12569,-2095,1,0,0,0,Laborers,3
6840098,F,N,Y,0,135000,Pensioner,Secondary / secondary special,Separated,House / apartment,-22717,365243,1,0,0,0,,1
6840100,F,N,Y,0,135000,Pensioner,Secondary / secondary special,Separated,House / apartment,-22717,365243,1,0,0,0,,1
6840102,F,N,Y,0,135000,Pensioner,Secondary / secondary special,Separated,House / apartment,-22717,365243,1,0,0,0,,1
6840104,M,N,Y,0,135000,Pensioner,Secondary / secondary special,Separated,House / apartment,-22717,365243,1,0,0,0,,1
6840222,F,N,N,0,103500,Working,Secondary / secondary special,Single / not married,House / apartment,-15939,-3007,1,0,0,0,Laborers,1
6841878,F,N,N,0,54000,Commercial associate,Higher education,Single / not married,With parents,-8169,-372,1,1,0,0,Sales staff,1
6842765,F,N,Y,0,72000,Pensioner,Secondary / secondary special,Married,House / apartment,-21673,365243,1,0,0,0,,2
6842885,F,N,Y,0,121500,Working,Secondary / secondary special,Married,House / apartment,-18858,-1201,1,0,1,0,Sales staff,2
